ID_REINA,CVEGEO,CVE_ENT,CVE_MUN,NOMGEO,VPC_LISA_I,VPC_LISA_CL,VPC_LISA_P,VPNM_LISA_I,VPNM_LISA_CL,VPNM_LISA_P,VPT_LISA_I,VPT_LISA_CL,VPT_LISA_P,VPM_LISA_I,VPM_LISA_CL,VPM_LISA_P
1,20411,20,411, ,0.046634752553935,0,0.373,0.010369696256771,0,0.055,0.088544592550331,0,0.378,0.036440364423716,0,0.288
2,20417,20,417, ,4.60834056413639,1,0.002,-0.036372212822997,4,0.001,2.99045926300359,1,0.004,0.036440364423715,0,0.491
3,20424,20,424, ,0.049357037940779,2,0.037,0.010369696256771,0,0.155,0.120767819981409,2,0.014,0.385756534931404,0,0.077
4,20426,20,426, ,0.036837057422073,0,0.246,1.68784321322806,0,0.081,0.026463109571081,0,0.238,0.002088472216242,0,0.26
5,20428,20,428, ,-0.000835135908202,0,0.151,-0.106485076442649,3,0.022,0.040000564908649,0,0.363,-0.064720273009727,0,0.095
6,20430,20,430, ,0.060210468548487,0,0.06,0.010369696256771,0,0.077,0.093455277371068,0,0.293,0.036440364423715,0,0.455
7,20435,20,435, ,0.036322561745693,0,0.47,0.010369696256771,0,0.097,0.088841133370809,0,0.326,0.036440364423715,0,0.447
8,20437,20,437, ,0.034216819082379,0,0.322,0.010369696256771,0,0.1,0.073732948654432,2,0.047,0.036440364423715,0,0.5
9,20439,20,439, ,0.241506651920034,0,0.155,0.010369696256771,0,0.101,0.3522511788481,0,0.179,-0.023144261712149,0,0.169
10,20442,20,442, ,0.065475673501152,2,0.003,0.010369696256771,0,0.113,0.121623877199481,0,0.059,0.091651848894897,0,0.082
11,20446,20,446, ,0.012908348244077,0,0.216,0.010369696256771,0,0.056,-0.023202861880948,0,0.204,-0.048512519655268,0,0.127
12,20447,20,447, ,-0.023821311779819,0,0.344,0.010369696256771,0,0.116,0.111625343890827,0,0.171,-0.066752086505649,0,0.391
13,20450,20,450,Santiago Amoltepec,0.02129501817974,0,0.346,0.010369696256771,0,0.093,-0.037964961702578,0,0.171,-0.011532380368972,0,0.203
14,20451,20,451,Santiago Apoala,0.048225551486196,0,0.187,0.010369696256771,0,0.102,0.067993333684167,0,0.298,0.036440364423715,0,0.44
15,20456,20,456,Santiago Cacaloxtepec,0.035597344638576,0,0.421,0.010369696256771,0,0.095,-0.03332441638577,0,0.277,0.036440364423715,0,0.434
16,20457,20,457, ,0.004169376596926,0,0.293,0.010369696256771,0,0.139,-0.015193624412883,0,0.25,-0.115438412758374,0,0.057
17,20459,20,459,Santiago Chazumba,0.012333759228293,0,0.258,0.010369696256771,2,0.036,0.005419854136012,0,0.488,0.036440364423715,0,0.189
18,20464,20,464, ,0.063537926824333,2,0.001,0.010369696256771,0,0.113,0.082649809801066,0,0.169,0.036440364423715,0,0.424
19,20469,20,469,Santiago Juxtlahuaca,0.014063370531389,0,0.459,0.010369696256771,0,0.126,-0.006671605309429,0,0.401,0.036440364423715,0,0.347
20,20475,20,475, ,-0.044041628589409,0,0.42,0.010369696256771,0,0.137,0.026096847852583,0,0.251,0.015098777630025,0,0.385
21,20477,20,477,Santiago Minas,0.015301009634731,0,0.304,0.010369696256771,0,0.128,0.112303859174156,0,0.137,-0.029312081036137,0,0.156
22,20485,20,485,Santiago Tapextla,-0.001379291043809,0,0.113,0.010369696256771,2,0.017,0.580359924942642,0,0.09,0.036440364423715,0,0.111
23,20492,20,492,Santiago Tilantongo,0.044469159156889,2,0.026,0.010369696256771,0,0.174,0.045509392728642,2,0.003,0.036440364423715,0,0.271
24,20493,20,493,Santiago Tillo,0.033333256052691,0,0.424,0.010369696256771,0,0.079,0.141864539473499,2,0.007,0.036440364423715,0,0.361
25,20495,20,495,Santiago Xanica,0.009139906571507,0,0.242,0.010369696256771,0,0.075,0.04858405048855,0,0.458,-0.051313043023998,0,0.119
26,20502,20,502,Santiago Zacatepec,-0.223329048800116,3,0.022,0.010369696256771,0,0.139,-0.316206863495807,3,0.034,0.028777515048648,0,0.491
27,20503,20,503,Santiago Zoochila,0.067434701199055,2,0.001,0.010369696256771,0,0.087,0.125012699189609,2,0.05,-0.01644983478808,0,0.179
28,20511,20,511, ,0.035227350220849,0,0.328,-0.164558357420542,3,0.021,0.047197804267925,0,0.356,0.004842595837557,0,0.261
29,20513,20,513,Santo Domingo Petapa,0.227823332910248,1,0.026,0.010369696256771,0,0.125,0.293955231894809,1,0.029,0.022830537521056,0,0.467
30,20516,20,516,Santo Domingo Teojomulco,0.020743395116826,0,0.411,0.010369696256771,0,0.11,0.001514408827396,0,0.201,-0.240524781334112,3,0.017
31,20517,20,517,Santo Domingo Tepuxtepec,0.033905961647368,0,0.476,0.010369696256771,0,0.107,0.110802522896583,0,0.1,0.008646456318705,0,0.353
32,20524,20,524,Santo Domingo Yodohino,0.034124032673655,0,0.343,0.010369696256771,2,0.049,0.015823171325629,0,0.333,0.036440364423716,0,0.312
33,20525,20,525,Santo Domingo Zanatepec,1.16131458654352,0,0.066,-0.24600259293832,3,0.004,0.740933162941011,0,0.089,0.036440364423715,0,0.492
34,20526,20,526,Santos Reyes Nopala,0.116147427417356,1,0.022,0.010369696256771,0,0.113,0.85281419514327,1,0.016,0.011427816001091,0,0.35
35,20543,20,543, ,0.018489982050029,1,0.014,0.010369696256771,0,0.109,1.5081980489013,1,0.008,0.025543314832792,0,0.388
36,20548,20,548,Tepelmeme Villa de Morelos,0.039026284621634,0,0.433,0.010369696256771,0,0.122,-0.03016197713775,0,0.206,0.036440364423715,0,0.476
37,20552,20,552,Tlacotepec Plumas,0.064834927927861,2,0.001,0.010369696256771,0,0.066,0.120499994005879,2,0.032,0.036440364423715,0,0.384
38,20556,20,556,La Trinidad Vista Hermosa,0.065660947435897,2,0.002,0.010369696256771,0,0.087,0.129511888122085,2,0.027,0.036440364423715,0,0.426
39,20568,20,568, ,0.037398092707144,0,0.258,0.010369696256771,2,0.015,-0.288609063198196,0,0.071,0.036440364423715,0,0.123
40,20569,20,569, ,0.025856734091227,0,0.457,-0.033539369848465,0,0.059,0.031546887955854,0,0.493,0.024128352238356,0,0.366
41,20570,20,570, ,-0.028599873102917,0,0.393,0.010369696256771,0,0.275,-0.004779735682431,0,0.455,8.92072398440556,1,0.008
42,20159,20,159, ,0.00695507505328,0,0.262,0.010369696256771,0,0.138,-0.019116721683674,0,0.157,1.32727783122417,0,0.117
43,20163,20,163, ,0.043252101844177,0,0.294,0.010369696256771,0,0.124,0.057573514349734,0,0.202,0.036440364423715,0,0.433
44,20164,20,164,San Jorge Nuchita,0.0435654031024,0,0.407,0.010369696256771,0,0.094,0.067278185410645,0,0.321,0.036440364423715,0,0.478
45,20166,20,166, ,13.0631789078089,1,0.001,-0.013001258283113,3,0.03,5.39130890445357,1,0.005,0.036440364423715,0,0.213
46,20168,20,168, ,-0.164129150341031,0,0.052,-0.310449770608909,3,0.01,0.324475336835862,1,0.009,0.036440364423715,0,0.382
47,20172,20,172,San Juan Achiutla,0.062630679462617,2,0.024,0.010369696256771,0,0.076,0.134009406969998,2,0.041,0.036440364423715,0,0.387
48,20175,20,175,San Juan Bautista Atatlahuca,0.043864177280882,0,0.361,0.010369696256771,0,0.106,0.087973944303128,0,0.157,-0.200107779285967,3,0.026
49,20177,20,177, ,-0.016545931798056,0,0.066,0.010369696256771,0,0.253,0.048907893131442,2,0.033,0.012848849283839,0,0.448
50,20179,20,179, ,0.052339638033647,0,0.215,0.010369696256771,0,0.106,0.093689085520593,0,0.181,0.954021128184713,1,0.045
51,20185,20,185,San Juan Cacahuatepec,0.010268172481686,0,0.336,0.010369696256771,0,0.107,0.284792682504241,0,0.149,0.00029450178401,0,0.24
52,20186,20,186,San Juan Cieneguilla,0.062239872234633,2,0.04,0.010369696256771,0,0.093,0.0675862979895,0,0.372,0.036440364423715,0,0.446
53,20187,20,187, ,0.030744974008745,0,0.487,0.010369696256771,0,0.106,0.012323798815129,0,0.355,0.036440364423715,0,0.49
54,20199,20,199,San Juan Ihualtepec,0.063841918190767,2,0.019,0.010369696256771,0,0.082,0.067765827882704,0,0.314,0.036440364423715,0,0.389
55,20211,20,211,San Juan Ozolotepec,0.040258040081966,0,0.399,0.010369696256771,0,0.123,0.039070900408964,0,0.106,0.10036805090316,0,0.199
56,20212,20,212,San Juan Petlapa,-0.027190003321117,0,0.137,0.010369696256771,0,0.088,-0.164839273108782,3,0.05,0.036440364423715,0,0.436
57,20213,20,213,San Juan Quiahije,0.01464788628459,0,0.259,0.010369696256771,0,0.086,0.08043207087028,0,0.092,0.036440364423715,0,0.455
58,20217,20,217,San Juan Tamazola,0.024592356314508,0,0.417,1.87869752300635,0,0.063,0.027813376521756,0,0.351,0.018762520062049,0,0.451
59,20220,20,220,San Juan Tepeuxila,0.035497363773396,0,0.435,0.010369696256771,0,0.087,0.08093912403915,0,0.234,-0.179604935847396,0,0.407
60,20229,20,229, ,0.011572103550288,0,0.237,0.010369696256771,0,0.06,-0.136408912529526,0,0.109,-0.116982008315941,0,0.054
61,20233,20,233, ,-0.000481031633736,0,0.205,0.010369696256771,0,0.078,0.059155197935776,0,0.5,-0.0052504977338,0,0.233
62,20235,20,235, ,-6.0086676337E-05,0,0.44,0.010369696256771,0,0.165,0.030365882036439,0,0.417,0.030896896250705,0,0.399
63,20236,20,236,San Marcial Ozolotepec,0.053462463687909,0,0.196,0.010369696256771,0,0.096,0.145194759445497,2,0.01,-0.076528779025118,0,0.093
64,20237,20,237,San Marcos Arteaga,0.0387693437589,0,0.395,0.010369696256771,0,0.158,0.004169781278479,0,0.385,0.036440364423715,0,0.366
65,20246,20,246,San Mateo Cajonos,0.066470608806544,2,0.006,0.010369696256771,0,0.055,0.142182550550547,2,0.012,0.036440364423716,0,0.309
66,20253,20,253, ,0.013990288593329,0,0.298,0.010369696256771,0,0.101,0.028877760807014,0,0.429,0.008223805154133,0,0.303
67,20254,20,254, ,0.048104527757439,0,0.146,0.010369696256771,0,0.157,0.112314597281991,2,0.004,0.985236642931212,0,0.06
68,20256,20,256,San Mateo Tlapiltepec,0.066852940050575,2,0.001,0.010369696256771,0,0.082,0.121683756971114,0,0.051,0.036440364423715,0,0.462
69,20260,20,260, ,0.053721274631755,2,0.003,-0.08948801859546,0,0.059,0.10444417646376,2,0.011,3.17297691366007,0,0.059
70,20261,20,261, ,0.052985143436579,2,0.003,0.010369696256771,0,0.153,-0.067839366653621,0,0.324,0.036440364423715,0,0.321
71,20262,20,262, ,0.054007514095597,0,0.069,0.010369696256771,0,0.119,0.076547789991472,0,0.16,-0.233750877614966,3,0.013
72,20264,20,264,San Miguel Chicahua,0.043792632865515,0,0.409,0.010369696256771,0,0.091,0.046918586833738,0,0.412,0.036440364423715,0,0.475
73,20265,20,265,San Miguel Chimalapa,-0.004182277433095,0,0.066,-1.52786403891378,4,0.001,0.274577982963371,1,0.013,0.036440364423715,0,0.48
74,20267,20,267, ,0.05682250226123,0,0.248,-0.139416876021576,3,0.032,0.137047227841314,2,0.031,-0.345585753971051,3,0.022
75,20271,20,271,San Miguel Mixtepec,0.024624897608854,0,0.406,0.010369696256771,0,0.12,0.007094186585538,0,0.358,0.873837139722979,1,0.016
76,20272,20,272,San Miguel Panixtlahuaca,-0.453416397329795,3,0.01,0.010369696256771,0,0.065,-0.406428389463727,3,0.01,0.036440364423715,0,0.394
77,20275,20,275,San Miguel Quetzaltepec,-0.224884590316365,3,0.018,0.010369696256771,0,0.125,-0.335066317989197,3,0.027,-0.015821370882499,0,0.186
78,20276,20,276,San Miguel Santa Flor,0.053305492991031,0,0.154,0.010369696256771,0,0.074,0.09372157162006,0,0.214,0.023485187422702,0,0.316
79,20277,20,277,Villa Sola de Vega,-0.014659328385968,0,0.49,0.010369696256771,0,0.341,-0.096860606486616,0,0.421,2.82932537686708,1,0.001
80,20281,20,281, ,0.055369411899582,0,0.087,0.010369696256771,0,0.092,0.128303354878078,2,0.034,0.036440364423715,0,0.461
81,20291,20,291, ,0.018508940385746,0,0.347,0.010369696256771,0,0.098,0.05824843002335,0,0.415,-0.140521840568846,0,0.067
82,20293,20,293,San Pablo Etla,0.043245392086593,0,0.207,0.010369696256771,0,0.142,-0.04186426594579,0,0.237,-0.076591257892925,0,0.104
83,20299,20,299,San Pablo Yaganiza,0.062423708880804,2,0.01,0.010369696256771,0,0.117,0.136836347894458,2,0.001,0.036440364423715,0,0.424
84,20313,20,313,San Pedro Jocotipac,0.044286366784561,0,0.486,0.010369696256771,0,0.077,0.100468429852943,0,0.138,0.036440364423715,0,0.466
85,20321,20,321,San Pedro Nopala,0.057699393474154,0,0.069,0.010369696256771,0,0.119,0.094287559804886,0,0.078,0.036440364423715,0,0.449
86,20332,20,332,San Pedro Topiltepec,0.051343185682232,0,0.27,0.010369696256771,0,0.112,0.124097404055489,2,0.008,0.036440364423715,0,0.499
87,20333,20,333, ,-0.003636364836238,0,0.224,0.010369696256771,0,0.102,0.000476300380696,0,0.42,0.007565462558432,0,0.307
88,20337,20,337,San Pedro y San Pablo Ayutla,0.043940112633362,0,0.191,0.010369696256771,0,0.111,0.090873994613366,2,0.026,0.012617014619421,0,0.332
89,20338,20,338,Villa de Etla,0.052336507194104,0,0.125,0.010369696256771,0,0.087,0.087241770029386,0,0.189,0.036440364423715,0,0.483
90,20344,20,344, ,-0.034852673258167,0,0.149,0.010369696256771,0,0.099,-0.264385811011247,3,0.04,-0.118020260089781,0,0.065
91,20346,20,346, ,0.059004854144144,0,0.062,0.010369696256771,0,0.075,0.079282135934278,0,0.306,0.036440364423715,0,0.373
92,20356,20,356,Santa Ana del Valle,0.029372328212431,0,0.282,0.010369696256771,2,0.049,0.055845945782501,0,0.485,0.036440364423716,0,0.29
93,20357,20,357,Santa Ana Tavela,-0.004551884339916,0,0.197,0.010369696256771,0,0.057,0.055877624758487,0,0.498,-0.012472319806705,0,0.164
94,20359,20,359,Santa Ana Yareni,0.064818307425484,2,0.004,-0.08948801859546,3,0.04,0.136674722115727,2,0.007,-0.282808273928908,3,0.012
95,20364,20,364,Santa Catarina Juquila,0.123455664524448,1,0.031,0.010369696256771,0,0.141,0.293088428030726,1,0.032,-0.034154630818211,0,0.143
96,20366,20,366,Santa Catarina Loxicha,0.044084182526819,0,0.418,0.010369696256771,0,0.087,0.111960929267838,2,0.027,-0.0620630835142,0,0.096
97,20371,20,371, ,0.051032339599704,0,0.283,-0.043171035961872,0,0.053,0.088554884710972,0,0.329,0.030343161971324,0,0.416
98,20377,20,377,Santa Cruz Itundujia,0.016089474743891,0,0.412,0.010369696256771,0,0.15,-0.002185799322699,0,0.26,0.056241602789559,0,0.215
99,20380,20,380,Santa Cruz Papalutla,0.04015279623111,0,0.245,0.010369696256771,0,0.097,0.05550734351594,0,0.414,0.036440364423715,0,0.438
100,20389,20,389, ,-0.003789382694248,0,0.161,0.010369696256771,2,0.047,-0.003597608280214,0,0.296,0.036440364423716,0,0.285
101,20394,20,394, ,-0.110881702207531,0,0.063,0.010369696256771,0,0.11,-0.157577378751241,0,0.082,0.027682822280781,0,0.478
102,20398,20,398,Ayoquezco de Aldama,0.00076630566479,0,0.297,0.010369696256771,0,0.14,-0.000906528492466,0,0.347,-0.037218086088959,0,0.143
103,20404,20,404, ,0.029260338380813,0,0.486,0.010369696256771,0,0.089,0.071564383183243,0,0.408,0.036440364423715,0,0.449
104,20407,20,407, ,1.17954766581908,0,0.054,-0.374188737535865,3,0.005,6.03657381326382,1,0.002,0.036440364423715,0,0.36
105,20002,20,2, ,14.9675366255572,1,0.011,0.010369696256771,0,0.061,3.09463134945394,1,0.043,0.036440364423716,0,0.324
106,20005,20,5, ,0.080665924286202,0,0.21,-0.129469734213278,3,0.018,1.37618359819266,0,0.074,0.036440364423715,0,0.284
107,20009,20,9,Ayotzintepec,0.253396494306289,0,0.122,0.00257937807681,0,0.092,0.954262533795915,1,0.023,-0.191377801349418,3,0.029
108,20010,20,10,El Barrio de la Soledad,-0.065762790146177,3,0.027,0.010369696256771,0,0.101,3.16628764043568,1,0.001,0.036440364423715,0,0.434
109,20012,20,12,Candelaria Loxicha,-0.026891452469227,0,0.176,0.010369696256771,0,0.11,-0.016576390999542,0,0.21,-0.029300267804829,0,0.142
110,20023,20,23, ,0.021828797189019,0,0.441,0.010369696256771,0,0.079,-0.029750833689554,0,0.421,0.036440364423715,0,0.445
111,20030,20,30,El Espinal,0.008649899349923,0,0.096,0.010369696256771,2,0.049,0.696461906648504,1,0.009,0.036440364423716,0,0.296
112,20036,20,36,Guevea de Humboldt,0.019319717134486,1,0.026,0.010369696256771,0,0.051,-0.127472768535805,0,0.094,0.000147492683289,0,0.185
113,20039,20,39, ,0.034125530068625,2,0.017,0.010369696256771,0,0.164,-0.20854177415469,0,0.139,0.036440364423715,0,0.278
114,20050,20,50, ,0.057371201265598,2,0.014,0.010369696256771,0,0.113,0.087311263757405,0,0.224,0.036440364423715,0,0.436
115,20058,20,58, ,0.005974420269113,0,0.402,0.010369696256771,0,0.139,-0.033581259674093,0,0.348,0.036440364423715,0,0.393
116,20067,20,67, ,0.050909514596361,0,0.084,0.010369696256771,0,0.132,-1.10784812677415,4,0.038,0.025373335560084,0,0.485
117,20085,20,85, ,-0.003742185602618,0,0.236,0.010369696256771,0,0.135,0.005110837814747,0,0.374,0.204181690814626,0,0.162
118,20094,20,94, ,0.046434357987447,0,0.27,0.010369696256771,0,0.094,0.065699257511995,0,0.339,-0.037431708688444,4,0.001
119,20139,20,139,San Francisco Chapulapa,0.050303678753911,0,0.111,0.010369696256771,0,0.127,0.078585278853414,0,0.169,0.029962775923209,0,0.448
120,20161,20,161, ,0.040284676143229,0,0.318,0.010369696256771,0,0.116,0.036250024929025,0,0.331,0.025887211121978,0,0.415
121,20184,20,184,San Juan Bautista Tuxtepec,32.8986576489749,1,0.001,0.00257937807681,0,0.085,10.3904990832007,1,0.012,0.036440364423715,0,0.49
122,20190,20,190, ,15.0688955819231,1,0.003,0.010369696256771,0,0.108,16.554085374963,1,0.002,-0.012481530737459,0,0.365
123,20198,20,198,San Juan Guichicovi,6.08784910806183,1,0.007,0.010369696256771,0,0.059,11.4566471582097,1,0.001,0.009220710618396,0,0.27
124,20205,20,205,San Juan Lalana,1.27364780994156,1,0.022,0.010369696256771,0,0.07,3.29210167757602,1,0.037,0.036440364423715,0,0.403
125,20206,20,206, ,0.00469126671762,0,0.303,0.010369696256771,0,0.086,-0.121116143960173,0,0.086,0.036440364423715,0,0.455
126,20207,20,207, ,6.71611853977789,1,0.019,0.010369696256771,0,0.154,5.3019990226027,1,0.001,-0.060252128871872,0,0.414
127,20214,20,214,San Juan Quiotepec,0.039933698853642,0,0.431,0.010369696256771,0,0.139,0.0327725390746,0,0.335,-0.028649592683325,3,0.026
128,20241,20,241, ,-0.024609782306205,0,0.143,0.010369696256771,0,0.068,0.000945765564449,0,0.313,0.036440364423715,0,0.376
129,20273,20,273,San Miguel Peras,0.030352801130265,0,0.447,-0.087894544422286,3,0.047,0.068176180374855,0,0.259,-0.551490375668003,3,0.002
130,20278,20,278,San Miguel Soyaltepec,12.2104826919185,1,0.001,0.010369696256771,0,0.135,2.79272410211022,1,0.01,0.036440364423715,0,0.381
131,20306,20,306,San Pedro el Alto,0.042357797162244,0,0.412,0.010369696256771,0,0.088,0.110280049358497,0,0.131,0.001819183490718,0,0.061
132,20309,20,309, ,0.370115668400481,1,0.047,0.010369696256771,2,0.048,0.956574939944151,1,0.043,0.036440364423716,0,0.28
133,20310,20,310,San Pedro Ixtlahuaca,0.031619879485478,0,0.406,0.010369696256771,0,0.089,0.043413139733572,0,0.46,0.036440364423715,0,0.451
134,20319,20,319,San Pedro Mixtepec,0.052285588749009,0,0.275,0.010369696256771,0,0.078,0.098021034357572,0,0.231,-0.056583319284835,0,0.083
135,20324,20,324,San Pedro Pochutla,0.000438331251007,0,0.13,0.010369696256771,0,0.072,0.129950039302124,0,0.175,0.036440364423715,0,0.418
136,20331,20,331, ,0.059632073512565,2,0.043,0.010369696256771,0,0.085,0.117804915593809,0,0.072,0.036440364423715,0,0.459
137,20334,20,334,Villa de Tututepec,5.99824281316918,0,0.061,0.010369696256771,0,0.123,6.91587931806346,1,0.013,0.025543314832792,0,0.411
138,20351,20,351, ,0.023090333249854,0,0.357,0.010369696256771,0,0.107,0.058980097949265,0,0.367,0.036440364423715,0,0.483
139,20365,20,365,Santa Catarina Lachatao,0.053198482315292,0,0.082,0.010369696256771,0,0.096,0.070975236006418,0,0.173,-0.01097925862751,0,0.217
140,20379,20,379,Santa Cruz Nundaco,0.044952873870767,0,0.436,0.010369696256771,0,0.055,0.028775777575415,0,0.353,-0.180563444377651,3,0.047
141,20385,20,385, ,0.033286910709324,0,0.213,0.010369696256771,0,0.172,-0.018580301870313,0,0.218,0.036440364423715,0,0.297
142,20386,20,386,Santa Cruz Zenzontepec,0.00770807062511,0,0.456,0.010369696256771,0,0.143,0.240655436330622,0,0.162,0.030621254186854,0,0.411
143,20397,20,397,Heroica Ciudad de Tlaxiaco,0.030007986150913,0,0.215,0.010369696256771,0,0.205,-0.055540196120675,0,0.305,-0.015982515473673,0,0.221
144,20400,20,400, ,0.040534421426221,0,0.276,0.010369696256771,0,0.089,0.026126899376503,0,0.398,0.036440364423715,0,0.455
145,20401,20,401, ,0.304068671742919,0,0.142,0.010369696256771,0,0.086,1.02649471746531,1,0.047,0.036440364423715,0,0.439
146,20406,20,406, ,0.096081223410745,1,0.019,0.010369696256771,0,0.116,1.20137158802196,1,0.041,0.036440364423715,0,0.499
147,20410,20,410, ,-0.005469176205095,0,0.356,-0.223339849142069,4,0.001,0.047422279504098,0,0.398,0.003130463871219,0,0.268
148,20413,20,413, ,-0.044136325153616,0,0.313,0.010369696256771,0,0.076,-0.016304885890166,0,0.375,0.036440364423715,0,0.402
149,20466,20,466,Santiago Ixtayutla,0.004730569925084,0,0.482,0.010369696256771,0,0.12,0.290756613435359,0,0.115,-0.004221503050097,0,0.333
150,20467,20,467,Santiago Jamiltepec,5.78681017117177,1,0.005,0.010369696256771,0,0.13,4.46883643164259,1,0.015,-0.028941933121823,4,0.001
151,20468,20,468,Santiago Jocotepec,1.6215487826214,1,0.001,0.003692280673947,0,0.103,3.55647387074739,1,0.011,0.036440364423715,0,0.43
152,20470,20,470,Santiago Lachiguiri,-0.090663881810644,3,0.033,0.010369696256771,0,0.139,-0.071478540898573,0,0.125,0.022830537521056,0,0.46
153,20481,20,481, ,0.02210742457584,0,0.401,0.010369696256771,0,0.09,0.018000646944356,0,0.43,-0.036085756897762,0,0.093
154,20484,20,484,Santiago Tamazola,0.05791325301869,2,0.003,0.010369696256771,0,0.167,0.050038456540098,0,0.12,0.036440364423715,0,0.337
155,20491,20,491, ,0.01069897717811,0,0.251,0.010369696256771,0,0.074,-0.059088290492962,0,0.175,3.11147017200304,0,0.077
156,20498,20,498,Santiago Yaveo,9.80429678469865,1,0.024,0.010369696256771,0,0.073,5.8399309452439,1,0.008,0.021114665673581,0,0.28
157,20509,20,509,Santo Domingo de Morelos,0.15658668311415,0,0.084,0.010369696256771,0,0.057,0.067465828113141,0,0.116,-0.082728887848014,0,0.092
158,20515,20,515,Santo Domingo Tehuantepec,-0.029493439812242,0,0.442,0.010369696256771,0,0.207,-0.17346005538595,0,0.305,0.036440364423715,0,0.247
159,20534,20,534, ,-0.000230437517636,0,0.219,0.010369696256771,0,0.087,-0.041929752570802,0,0.212,-0.055613059220078,0,0.094
160,20535,20,535, ,0.008741526187129,0,0.235,0.010369696256771,0,0.101,-0.019179018939768,0,0.234,7.69284392428467,1,0.001
161,20537,20,537, ,0.036941150025009,2,0.022,0.010369696256771,0,0.256,-0.00876629012665,0,0.063,0.036440364423715,0,0.153
162,20420,20,420, ,0.012180708067634,0,0.271,0.010369696256771,0,0.094,-0.030050944382062,0,0.273,2.88085438910994,1,0.001
163,20427,20,427, ,0.139220282068212,1,0.018,0.010369696256771,0,0.068,4.53350808883908,1,0.001,0.036440364423715,0,0.384
164,20015,20,15,Coatecas Altas,-0.045671684383655,0,0.123,0.010369696256771,0,0.06,-0.020703161148185,0,0.22,0.036440364423715,0,0.366
165,20028,20,28,Heroica Ciudad de Ejutla de Crespo,-0.087222501302737,0,0.389,0.010369696256771,0,0.29,-0.033601329784969,0,0.469,0.013427008512767,0,0.469
166,20059,20,59, ,-0.059332449469671,0,0.331,0.010369696256771,0,0.346,-0.082429851059235,0,0.12,-0.039504035841217,0,0.141
167,20073,20,73,Putla Villa de Guerrero,-0.028750259564004,0,0.429,0.010369696256771,0,0.192,-0.070332689851763,0,0.485,-0.018554821349025,0,0.178
168,20084,20,84, ,0.050448620484955,0,0.2,-0.109459561565907,3,0.03,0.112995207684224,2,0.046,-0.181779944686115,0,0.054
169,20134,20,134, ,0.642192523155266,1,0.037,0.010369696256771,0,0.114,0.922128427192699,0,0.064,0.036440364423715,0,0.412
170,20149,20,149,San Francisco Sola,-0.020468913421351,0,0.172,0.010369696256771,0,0.087,-0.072242286991733,0,0.201,-0.055613059220078,0,0.102
171,20227,20,227,San Lorenzo Cacaotepec,0.028694261447274,0,0.39,0.010369696256771,0,0.096,0.016003844750026,0,0.19,0.036440364423715,0,0.454
172,20232,20,232, ,5.47160742011236,1,0.001,0.003692280673947,0,0.087,3.28048010167349,1,0.013,0.036440364423715,0,0.439
173,20248,20,248,San Mateo del Mar,-0.042379879150714,0,0.126,0.010369696256771,0,0.063,-0.099546576944303,0,0.101,0.036440364423716,0,0.317
174,20266,20,266,San Miguel del Puerto,7.6479449641E-05,0,0.221,0.010369696256771,0,0.069,0.009943139981703,0,0.356,-0.056583319284835,0,0.096
175,20378,20,378,Santa Cruz Mixtepec,0.006062472711677,0,0.257,0.010369696256771,0,0.101,0.023349188491417,0,0.486,-0.742450603469815,3,0.001
176,20436,20,436, ,0.058981048062562,2,0.029,0.010369696256771,0,0.087,0.10671667103739,0,0.063,0.036440364423715,0,0.442
177,20482,20,482,Santiago Pinotepa Nacional,1.06258906115322,0,0.137,-1.27290817120595,4,0.001,4.29991810172128,1,0.03,0.036440364423715,0,0.356
178,20500,20,500, ,0.026892113697993,0,0.394,0.008776222083598,0,0.104,-0.051254639532234,0,0.303,0.066006757231191,0,0.18
179,20506,20,506,Santo Domingo Albarradas,0.046618171426556,0,0.172,0.010369696256771,0,0.078,0.117461731159654,0,0.155,0.003087674697703,0,0.268
180,20555,20,555,Trinidad Zaachila,0.004916454074677,0,0.214,0.010369696256771,0,0.056,0.002849390268296,0,0.334,-0.68344023163364,3,0.006
181,20006,20,6, ,0.006171269771155,0,0.136,-0.007193930185323,0,0.156,-0.084893673894301,4,0.014,0.036440364423715,0,0.175
182,20008,20,8, ,0.000607631399166,0,0.189,-0.067533485542842,3,0.03,0.03783836586351,0,0.391,0.034216851775315,0,0.259
183,20014,20,14,Ciudad Ixtepec,-0.020850765196306,0,0.139,0.010369696256771,0,0.073,-0.064639523461896,3,0.025,0.036440364423715,0,0.398
184,20016,20,16, ,0.024729086414234,0,0.341,0.010369696256771,2,0.029,-0.012219511333129,0,0.244,0.036440364423715,0,0.224
185,20018,20,18, ,0.062755499311564,2,0.005,0.010369696256771,0,0.061,0.073779451114419,0,0.273,0.036440364423715,0,0.384
186,20021,20,21,Cosolapa,16.6267005248126,1,0.005,0.010369696256771,2,0.018,0.240564152766295,1,0.027,0.036440364423715,0,0.108
187,20027,20,27, ,0.054197295237237,0,0.118,0.010369696256771,0,0.102,0.068609036715584,0,0.291,0.036440364423715,0,0.5
188,20031,20,31, ,0.038371012913363,0,0.224,0.010369696256771,0,0.099,0.079048985171592,0,0.159,0.036440364423715,0,0.478
189,20052,20,52, ,-0.000215386416726,0,0.256,-0.018843996918084,0,0.098,-0.000333345563638,0,0.357,0.011150205065355,0,0.342
190,20054,20,54, ,0.037097467669105,0,0.468,0.010369696256771,0,0.092,0.069702625220397,0,0.442,0.036440364423715,0,0.429
191,20055,20,55, ,0.055611664457159,2,0.003,0.010369696256771,0,0.186,0.043736637901271,0,0.162,0.036440364423715,0,0.292
192,20056,20,56, ,0.020022734843951,0,0.297,0.010369696256771,0,0.065,0.231708453189558,0,0.087,0.036440364423716,0,0.336
193,20057,20,57, ,10.4254480293984,1,0.003,0.010369696256771,0,0.122,33.3863265896981,1,0.001,0.008076796053412,0,0.31
194,20064,20,64,Nejapa de Madero,-0.038764583746704,0,0.407,0.010369696256771,0,0.139,0.001614959915792,0,0.244,0.01470139365464,0,0.391
195,20066,20,66,Santiago Niltepec,0.114553083028252,0,0.093,-0.209377980196164,3,0.015,0.51265812186956,1,0.035,0.036440364423715,0,0.448
196,20068,20,68, ,-0.006624310461877,0,0.493,0.010369696256771,0,0.276,-0.295833443162604,0,0.117,-0.132943305236839,3,0.043
197,20069,20,69,La Pe,-0.030161891291474,0,0.127,0.010369696256771,2,0.048,-0.010830718196814,0,0.26,0.036440364423716,0,0.309
198,20071,20,71,Pluma Hidalgo,0.028450907747527,0,0.489,0.010369696256771,0,0.083,0.034836742430174,0,0.466,0.0290531571125,0,0.417
199,20078,20,78, ,0.049583431872466,0,0.064,0.010369696256771,0,0.13,0.077880845388157,2,0.049,0.036440364423715,0,0.441
200,20088,20,88, ,-0.000334761481895,0,0.218,0.010369696256771,0,0.082,-0.033473784791575,0,0.206,0.019895276540207,0,0.141
201,20098,20,98, ,-0.040482940285957,0,0.19,0.010369696256771,0,0.124,-0.049628638319603,0,0.149,0.036440364423715,0,0.388
202,20104,20,104,San Antonino el Alto,0.031851619415501,0,0.445,0.010369696256771,0,0.115,0.078508462664678,0,0.271,19.2081334282239,1,0.002
203,20112,20,112, ,-0.005274714592169,0,0.437,0.010369696256771,0,0.107,0.068674613211824,0,0.233,0.036440364423715,0,0.454
204,20113,20,113,San Baltazar Loxicha,-0.009117465223573,0,0.176,0.010369696256771,0,0.089,0.003656620725222,0,0.338,0.036440364423715,0,0.469
205,20117,20,117, ,-0.08775585840296,0,0.131,0.010369696256771,0,0.072,-0.140437768986392,0,0.144,-0.035061186939322,0,0.142
206,20118,20,118, ,0.00074148459759,0,0.201,0.010369696256771,0,0.066,0.053309579242522,0,0.42,0.036440364423715,0,0.382
207,20120,20,120, ,0.067335094976865,2,0.004,0.010369696256771,0,0.067,0.127867372756201,2,0.033,0.018716579718074,0,0.272
208,20121,20,121,San Bartolo Soyaltepec,0.054962822855624,0,0.065,0.010369696256771,0,0.141,0.095053723275265,0,0.057,0.036440364423715,0,0.389
209,20124,20,124,San Blas Atempa,0.044044936780886,0,0.176,0.010369696256771,0,0.109,0.066293730393857,1,0.02,0.036440364423715,0,0.437
210,20125,20,125,San Carlos Yautepec,0.004705714293575,0,0.331,-0.000253464897721,0,0.248,0.007786588365824,0,0.082,-0.103582730667186,0,0.338
211,20130,20,130,San Dionisio del Mar,-0.078726000632796,0,0.117,0.010369696256771,0,0.082,0.060273643190828,1,0.037,0.036440364423715,0,0.44
212,20131,20,131,San Dionisio Ocotepec,-2.562071194E-05,0,0.213,0.010369696256771,0,0.082,0.012556936692865,0,0.474,0.002293825553811,0,0.263
213,20133,20,133,San Esteban Atatlahuca,0.04377332302904,0,0.267,0.010369696256771,0,0.098,0.059121238967007,0,0.379,0.115289670551121,0,0.184
214,20138,20,138,San Francisco Cajonos,0.066355230874454,2,0.001,0.010369696256771,0,0.134,0.131541791488741,2,0.004,0.012245882269164,0,0.376
215,20143,20,143, ,0.16073531314719,0,0.13,0.010369696256771,0,0.08,0.383117234161887,0,0.073,0.036440364423715,0,0.445
216,20144,20,144,San Francisco Jaltepetongo,0.043229073056888,0,0.469,0.010369696256771,0,0.08,0.087076732409342,0,0.329,0.036440364423715,0,0.389
217,20145,20,145, ,0.046130158298417,0,0.172,0.010369696256771,0,0.109,0.084497410039201,0,0.158,0.036440364423715,0,0.43
218,20150,20,150,San Francisco Telixtlahuaca,0.0481462511142,0,0.168,0.010369696256771,0,0.111,0.059411137004059,0,0.188,-0.037854359853016,0,0.145
219,20152,20,152,San Francisco Tlapancingo,0.056852335297726,0,0.199,0.010369696256771,0,0.058,0.042014968186443,0,0.492,0.036440364423715,0,0.373
220,20154,20,154, ,0.011275730459257,0,0.234,0.010369696256771,0,0.076,0.050113880654808,0,0.44,-0.02726051653233,0,0.147
221,20155,20,155,San Ildefonso Sola,0.005244721213022,0,0.205,0.010369696256771,0,0.072,-0.061091650953272,0,0.185,-0.078626415131027,0,0.064
222,20156,20,156,San Ildefonso Villa Alta,0.040621118691731,0,0.113,0.010369696256771,0,0.177,0.082941972569264,2,0.035,0.036440364423715,0,0.266
223,20279,20,279,San Miguel Suchixtepec,0.057241467539958,0,0.138,0.010369696256771,0,0.063,0.148326124052428,2,0.005,0.80772504678113,0,0.067
224,20318,20,318,San Pedro Mixtepec,1.34625454272203,1,0.014,0.010369696256771,0,0.075,5.18301688160813,1,0.016,0.036440364423715,0,0.431
225,20106,20,106,San Antonio Acutla,0.062932277971038,0,0.052,0.010369696256771,0,0.068,0.12053153042441,0,0.133,0.036440364423715,0,0.38
226,20562,20,562, ,0.061871835627697,2,0.001,0.010369696256771,0,0.123,0.137062364050534,2,0.001,0.036440364423715,0,0.412
227,20419,20,419, ,0.060163243360035,2,0.022,-0.064523589882402,0,0.053,0.10646382517762,2,0.044,0.818884850936398,1,0.02
228,20421,20,421, ,-0.000481820313437,0,0.201,0.010369696256771,0,0.092,-0.033515586549698,0,0.215,0.036440364423715,0,0.369
229,20422,20,422, ,0.058308376988044,2,0.026,0.010369696256771,0,0.074,0.105964125897172,0,0.165,0.036440364423715,0,0.372
230,20423,20,423, ,0.063097306097272,2,0.004,0.010369696256771,0,0.135,0.106889976579598,2,0.008,0.036440364423715,0,0.393
231,20412,20,412, ,-0.004780567697035,3,0.03,0.010369696256771,0,0.097,-0.04310360828646,0,0.111,0.018293928553502,0,0.384
232,20414,20,414, ,6.09289404519464,1,0.016,-0.310449770608909,3,0.009,3.87852528092123,1,0.009,0.020094790037331,0,0.299
233,20415,20,415, ,0.003789805509526,0,0.375,0.010369696256771,0,0.117,0.027366403223407,0,0.123,-0.008027594649393,0,0.38
234,20416,20,416, ,0.039787960462081,0,0.475,0.010369696256771,0,0.107,0.05664943666047,0,0.308,0.036440364423715,0,0.475
235,20425,20,425, ,0.044530805064651,0,0.378,0.010369696256771,0,0.071,0.08428641471631,0,0.226,0.024273368812685,0,0.104
236,20432,20,432, ,0.056209420489229,0,0.137,0.010369696256771,0,0.069,0.121965231714761,0,0.163,0.036440364423715,0,0.398
237,20429,20,429, ,0.002891193106177,0,0.182,0.010369696256771,2,0.026,-0.122460409901341,0,0.126,-0.41677031696066,3,0.028
238,20431,20,431, ,0.006309264896385,0,0.375,0.010369696256771,0,0.121,-0.064739371026761,0,0.135,0.036440364423715,0,0.439
239,20438,20,438, ,0.052104466943238,0,0.248,0.010369696256771,0,0.074,0.06893342739579,0,0.41,0.036440364423715,0,0.384
240,20440,20,440, ,-0.02123200372251,0,0.163,0.010369696256771,0,0.051,0.026417397620151,0,0.369,0.036440364423716,0,0.279
241,20441,20,441, ,-0.114595401622223,0,0.066,0.010369696256771,2,0.043,-0.150606498717916,0,0.052,0.036440364423715,0,0.198
242,20521,20,521,Santo Domingo Tonaltepec,0.063246697647689,0,0.065,0.010369696256771,0,0.058,0.118612072367252,0,0.114,0.036440364423716,0,0.296
243,20443,20,443, ,0.060455018437088,0,0.104,0.010369696256771,0,0.073,0.091865795213381,0,0.346,-0.163620645519588,0,0.058
244,20445,20,445, ,0.059027304306483,2,0.025,-0.257333964836445,4,0.001,0.07713340371662,0,0.221,0.036440364423715,0,0.465
245,20448,20,448, ,0.028330319846219,0,0.388,0.010369696256771,0,0.103,-0.036579171272234,0,0.258,-0.25925741599345,3,0.02
246,20449,20,449, ,0.007627204031375,0,0.459,0.010369696256771,0,0.14,-0.086106273410641,0,0.263,0.011487866593573,0,0.335
247,20452,20,452, ,0.008080166908856,0,0.244,0.010369696256771,0,0.108,-0.048666239168869,0,0.197,0.036440364423715,0,0.481
248,20463,20,463,Santiago Huauclilla,0.027186084944455,0,0.345,0.010369696256771,0,0.088,0.048639865633568,0,0.484,0.036440364423715,0,0.447
249,20453,20,453,Santiago Astata,-0.023740040195853,0,0.1,0.010369696256771,2,0.037,-0.089575149765214,0,0.11,0.036440364423715,0,0.206
250,20497,20,497,Santiago Yaitepec,0.010106504277689,0,0.219,0.010369696256771,0,0.063,-0.069587474183392,0,0.193,-0.007331595315878,0,0.212
251,20454,20,454, ,0.035246653783461,0,0.43,0.010369696256771,0,0.074,0.113061700288624,0,0.053,0.036440364423715,0,0.458
252,20455,20,455,Santiago Ayuquililla,0.051006172813961,0,0.365,0.010369696256771,0,0.056,-0.076887926625272,0,0.153,0.036440364423716,0,0.292
253,20458,20,458,Santiago Comaltepec,-0.027345617114176,0,0.19,0.010369696256771,0,0.115,-0.18615981755247,0,0.081,-0.453880926823846,3,0.008
254,20460,20,460, ,-0.010713647410933,0,0.053,0.010369696256771,0,0.145,-0.105272857157358,0,0.058,0.036440364423715,0,0.374
255,20461,20,461, ,0.042359867507502,0,0.471,0.010369696256771,0,0.063,0.028715275840751,0,0.365,0.036440364423716,0,0.288
256,20465,20,465,Santiago Ixcuintepec,-0.227528957954303,3,0.029,0.010369696256771,0,0.104,-0.190621880347484,0,0.1,-0.014314527600112,0,0.2
257,20471,20,471,Santiago Lalopa,0.05792716695736,0,0.123,0.010369696256771,0,0.09,0.113671448923918,0,0.162,0.036440364423715,0,0.433
258,20473,20,473,Santiago Laxopa,0.062004682131692,2,0.001,0.010369696256771,0,0.135,0.064535101415063,2,0.005,0.208066219625657,0,0.125
259,20474,20,474,Santiago Llano Grande,-0.009008964555485,0,0.127,-0.203509948320349,3,0.029,0.848282859970176,1,0.014,0.036440364423715,0,0.488
260,20508,20,508, ,-0.01149551292957,0,0.17,0.010369696256771,0,0.091,-0.186993955284532,3,0.027,0.036440364423715,0,0.419
261,20483,20,483,Santiago Suchilquitongo,0.042222792931807,0,0.139,0.010369696256771,0,0.11,0.04170978771068,0,0.159,-0.020995566195365,0,0.174
262,20486,20,486, ,0.052952245518115,2,0.001,0.010369696256771,0,0.16,0.079329738943113,2,0.021,0.036440364423715,0,0.332
263,20488,20,488,Santiago Tepetlapa,0.066706991578988,2,0.005,0.010369696256771,0,0.067,0.072150919841912,0,0.153,0.036440364423715,0,0.385
264,20490,20,490,Santiago Texcalcingo,0.022050911770393,0,0.241,0.010369696256771,2,0.023,-0.287410459987775,3,0.042,0.036440364423715,0,0.205
265,20494,20,494,Santiago Tlazoyaltepec,0.047502717565123,0,0.309,-0.186158785101344,3,0.02,0.056289143082938,0,0.378,0.036440364423715,0,0.385
266,20496,20,496, ,0.062038547625528,2,0.001,0.010369696256771,0,0.132,0.111483594022139,2,0.004,0.314659802283209,0,0.166
267,20499,20,499, ,0.062228149154331,2,0.022,-0.165549852461628,3,0.02,0.094999069262198,0,0.155,0.036440364423715,0,0.417
268,20510,20,510, ,0.042208993423434,0,0.482,0.010369696256771,2,0.045,0.015808758512583,0,0.352,-0.059960853373894,0,0.098
269,20501,20,501,Santiago Yucuyachi,0.061456931469987,0,0.06,0.010369696256771,0,0.087,0.063901925942997,0,0.394,0.036440364423715,0,0.449
270,20505,20,505,Santo Domingo Ingenio,0.088271610471711,0,0.116,-0.374188737535865,3,0.003,0.138885427301519,1,0.048,0.036440364423715,0,0.394
271,20514,20,514,Santo Domingo Roayaga,0.032408967385315,0,0.382,0.010369696256771,0,0.082,0.094551617614642,0,0.255,0.036440364423715,0,0.431
272,20507,20,507,Santo Domingo Armenta,0.007204710252872,0,0.087,-0.310449770608909,3,0.009,1.38433885406574,1,0.009,0.036440364423715,0,0.364
273,20518,20,518, ,0.063683986379437,2,0.045,0.010369696256771,0,0.083,0.145073082971675,2,0.001,0.036440364423715,0,0.366
274,20519,20,519,Santo Domingo Tomaltepec,0.054069632031251,0,0.213,0.010369696256771,0,0.066,0.107925685821901,0,0.231,0.036440364423715,0,0.372
275,20520,20,520, ,-0.012456614168879,0,0.447,0.010369696256771,0,0.086,0.01954635440264,0,0.437,0.036440364423715,0,0.437
276,20522,20,522, ,0.060761949408744,2,0.027,0.010369696256771,0,0.093,0.120114517073395,0,0.055,0.004181054884314,0,0.302
277,20547,20,547,Teotongo,0.058305141185493,2,0.017,0.010369696256771,0,0.094,0.081543808427888,0,0.124,0.036440364423715,0,0.443
278,20527,20,527, ,0.031947760193658,0,0.377,0.010369696256771,0,0.058,0.084559592999624,0,0.282,-0.070853308930419,0,0.081
279,20528,20,528,Santos Reyes Tepejillo,0.030290650192151,0,0.363,0.010369696256771,0,0.092,-0.029839693661694,0,0.269,0.036440364423715,0,0.461
280,20530,20,530, ,0.02960177124844,0,0.414,0.010369696256771,0,0.133,0.009409724289892,0,0.399,0.036440364423715,0,0.321
281,20531,20,531, ,0.046976618541809,0,0.393,-0.251668278887383,3,0.015,0.050182595840577,0,0.457,-0.002131148377882,0,0.196
282,20532,20,532, ,0.028387030765374,0,0.403,0.010369696256771,0,0.109,-0.010063928987245,0,0.307,0.195878892935706,0,0.156
283,20533,20,533, ,0.003021211676782,0,0.183,0.010369696256771,2,0.05,0.027377561561661,0,0.35,0.003491949724685,0,0.244
284,20536,20,536, ,0.064400955332542,2,0.019,0.010369696256771,0,0.058,0.111934510538156,0,0.108,0.036440364423715,0,0.371
285,20538,20,538,Sitio de Xitlapehua,-0.008418346220515,0,0.1,0.010369696256771,2,0.038,-0.03761084284688,0,0.218,0.036440364423715,0,0.218
286,20540,20,540, ,0.049610432631072,0,0.07,0.010369696256771,0,0.123,0.052933972242729,0,0.127,0.036440364423715,0,0.444
287,20197,20,197, ,0.028715965221996,0,0.427,0.010369696256771,0,0.095,0.039780953618663,0,0.378,0.036440364423715,0,0.433
288,20544,20,544, ,0.056890393345871,2,0.022,-0.588776592856618,4,0.001,0.128669084494624,2,0.005,2.54229830872585,1,0.015
289,20558,20,558,Valerio Trujano,0.038318435932326,0,0.483,0.010369696256771,0,0.07,0.09316587519602,0,0.2,0.036440364423715,0,0.391
290,20545,20,545, ,0.004541518495676,0,0.419,0.010369696256771,0,0.105,-0.62349840680975,0,0.302,0.036440364423715,0,0.456
291,20550,20,550, ,0.024510839023266,0,0.433,0.010369696256771,0,0.095,0.026435357794777,0,0.374,0.036440364423715,0,0.461
292,20561,20,561,Yaxe,0.000991095508468,0,0.236,0.010369696256771,0,0.082,0.015103813592964,0,0.375,0.035646515279824,0,0.435
293,20557,20,557, ,0.035209355179134,0,0.098,0.010369696256771,0,0.074,0.255112627264448,1,0.05,0.036440364423715,0,0.381
294,20563,20,563,Yogana,-0.025072781732755,0,0.187,0.010369696256771,0,0.103,-0.065430145248472,0,0.19,-0.040270821946113,0,0.125
295,20162,20,162, ,0.023341055524226,0,0.358,0.010369696256771,0,0.112,-0.011717299106109,0,0.293,0.036440364423715,0,0.489
296,20158,20,158,San Jacinto Tlacotepec,0.029944382124705,0,0.377,0.010369696256771,2,0.044,-0.074252115707735,0,0.106,0.036440364423716,0,0.304
297,20167,20,167, ,0.012531342541885,0,0.237,0.010369696256771,0,0.075,0.052900294670991,0,0.499,-0.017447659059222,0,0.168
298,20169,20,169, ,-0.353297217278583,3,0.039,0.010369696256771,0,0.06,-0.137933286391353,3,0.039,0.036440364423716,0,0.302
299,20170,20,170, ,0.038565056662618,0,0.416,0.010369696256771,0,0.122,0.078754423108148,0,0.257,0.005747620613869,0,0.316
300,20238,20,238, ,-0.069344978203049,0,0.088,0.010369696256771,2,0.043,-0.091525343002272,0,0.181,0.036440364423715,0,0.218
301,20173,20,173,San Juan Atepec,0.05856148469562,2,0.039,0.010369696256771,0,0.098,0.101224049128165,0,0.147,2.42692220347595,1,0.011
302,20176,20,176,San Juan Bautista Coixtlahuaca,0.055266436537224,2,0.002,0.010369696256771,0,0.149,0.062176817111885,2,0.038,0.036440364423715,0,0.326
303,20188,20,188,San Juan Colorado,0.019795576687545,0,0.467,0.010369696256771,0,0.131,0.195035151782837,0,0.116,0.022672043334341,0,0.487
304,20180,20,180,San Juan Bautista Lo de Soto,0.012376583709822,0,0.214,0.010369696256771,2,0.029,0.407757726756359,0,0.097,0.036440364423715,0,0.188
305,20191,20,191, ,0.05565708421061,0,0.117,0.010369696256771,0,0.093,0.087624583941553,0,0.231,-0.264211622687738,3,0.019
306,20181,20,181,San Juan Bautista Suchitepec,0.063578195633605,2,0.011,0.010369696256771,0,0.091,0.109698698176448,0,0.098,0.036440364423715,0,0.435
307,20099,20,99, ,0.066416638428003,2,0.006,0.010369696256771,0,0.067,0.103285000584804,0,0.199,0.036440364423715,0,0.38
308,20182,20,182,San Juan Bautista Tlacoatzintepec,0.000708636967941,0,0.178,0.010369696256771,0,0.059,-0.019023641223647,0,0.239,0.036440364423716,0,0.313
309,20195,20,195,San Juan Diuxi,0.060371224743903,0,0.066,0.010369696256771,0,0.071,0.106007177027621,0,0.151,0.036440364423715,0,0.375
310,20183,20,183,San Juan Bautista Tlachichilco,0.063034624052099,2,0.003,0.010369696256771,0,0.129,0.078252987168618,0,0.166,0.036440364423715,0,0.361
311,20189,20,189,San Juan Comaltepec,0.001410893402686,0,0.41,0.010369696256771,0,0.071,0.058404522437585,0,0.161,0.036440364423715,0,0.351
312,20192,20,192,San Juan Chilateca,0.014038037101305,0,0.198,0.010369696256771,2,0.04,-0.225779181513435,0,0.079,0.036440364423715,0,0.201
313,20193,20,193,San Juan del Estado,0.05306048600575,0,0.103,-0.064523589882402,0,0.052,0.088419881672252,0,0.082,0.878178024348381,1,0.021
314,20196,20,196,San Juan Evangelista Analco,0.067082602424034,2,0.008,0.010369696256771,0,0.057,0.146860772086417,2,0.024,-0.097852449084658,0,0.069
315,20200,20,200,San Juan Juquila Mixes,0.030315079984006,0,0.48,0.010369696256771,0,0.133,-0.02146074271113,0,0.064,0.011984022308505,0,0.346
316,20201,20,201,San Juan Juquila Vijanos,0.058454009886507,2,0.003,0.010369696256771,0,0.121,0.120275579895105,2,0.006,-0.071749145637936,0,0.101
317,20202,20,202,San Juan Lachao,0.018908250271634,0,0.379,0.010369696256771,0,0.116,-0.012119820222173,0,0.217,0.365085346610666,0,0.087
318,20203,20,203,San Juan Lachigalla,-0.010529711974987,0,0.196,0.010369696256771,0,0.078,-0.015261927331705,0,0.27,0.036440364423715,0,0.448
319,20208,20,208,San Juan Mixtepec,0.012543381461367,0,0.499,0.010369696256771,0,0.13,-0.003118815468732,0,0.339,0.036440364423715,0,0.424
320,20209,20,209,San Juan Mixtepec,0.061584366373818,2,0.037,0.010369696256771,0,0.057,0.141642947055102,2,0.009,0.023967561034442,0,0.318
321,20210,20,210, ,0.027174174967386,0,0.491,-0.136229927675228,3,0.03,0.000484407488844,0,0.399,0.036440364423715,0,0.487
322,20215,20,215,San Juan Sayultepec,0.028663123312371,0,0.421,0.010369696256771,0,0.091,0.103445676307134,0,0.219,0.036440364423715,0,0.494
323,20218,20,218,San Juan Teita,0.059802121975618,0,0.06,-0.043171035961872,0,0.052,0.07910235908316,0,0.278,0.036440364423715,0,0.444
324,20219,20,219,San Juan Teitipac,0.037583807358673,0,0.46,0.010369696256771,0,0.124,0.019568137082897,0,0.17,0.036440364423715,0,0.481
325,20221,20,221,San Juan Teposcolula,0.05899587037343,2,0.014,0.010369696256771,0,0.116,0.098489305129821,0,0.077,0.036440364423715,0,0.414
326,20222,20,222, ,0.046862543837682,0,0.389,0.010369696256771,0,0.06,0.072677800285995,0,0.43,-0.305286884235985,3,0.024
327,20224,20,224,San Juan Yucuita,0.024183304864521,0,0.361,0.010369696256771,0,0.069,0.074780003038321,0,0.429,0.036440364423715,0,0.36
328,20249,20,249, ,0.043273313965767,0,0.482,0.010369696256771,0,0.066,0.049129261687282,0,0.46,0.036440364423715,0,0.384
329,20225,20,225,San Lorenzo,0.016440955455055,0,0.364,0.010369696256771,0,0.079,0.129307184805235,0,0.075,0.036440364423715,0,0.438
330,20259,20,259, ,0.064494570253412,2,0.002,0.010369696256771,0,0.084,0.096453193614412,0,0.188,0.036440364423715,0,0.498
331,20228,20,228,San Lorenzo Cuaunecuiltitla,0.062077917881546,0,0.088,0.010369696256771,0,0.057,0.09549645092881,0,0.335,0.036440364423716,0,0.295
332,20230,20,230,San Lorenzo Victoria,0.052854027517007,0,0.429,0.010369696256771,2,0.039,0.047107678286749,0,0.357,0.036440364423715,0,0.226
333,20231,20,231, ,-0.305990809525995,3,0.036,0.010369696256771,0,0.086,-0.151240949199356,0,0.122,-0.039691973612025,0,0.142
334,20240,20,240, ,0.008026543901427,0,0.227,0.010369696256771,0,0.075,-0.164403327004641,0,0.11,0.036440364423715,0,0.376
335,20283,20,283,San Miguel Tequixtepec,0.055304912791964,0,0.067,0.010369696256771,0,0.129,0.050691886944533,0,0.159,0.036440364423715,0,0.398
336,20242,20,242, ,0.035529526647918,0,0.481,0.010369696256771,0,0.083,0.002654242127367,0,0.329,0.036440364423715,0,0.459
337,20243,20,243, ,0.027651101622798,0,0.4,0.010369696256771,0,0.125,-0.012496281841957,0,0.303,0.036440364423715,0,0.431
338,20245,20,245, ,0.062435550111088,2,0.036,0.010369696256771,0,0.062,0.040771725089275,0,0.43,0.036440364423715,0,0.394
339,20284,20,284, ,0.037673717291497,0,0.47,0.010369696256771,0,0.101,0.077535718809812,0,0.213,0.036440364423715,0,0.492
340,20247,20,247, ,0.055982749307403,0,0.113,0.010369696256771,0,0.11,0.105860711629559,0,0.158,1.21596997516353,1,0.014
341,20250,20,250,San Mateo Etlatongo,0.038710962401736,0,0.438,0.010369696256771,0,0.075,0.089833257331967,0,0.277,0.036440364423715,0,0.442
342,20251,20,251, ,0.065642600319148,2,0.012,0.010369696256771,0,0.072,0.101944094244824,0,0.181,0.036440364423715,0,0.356
343,20311,20,311,San Pedro Jaltepetongo,0.040261055613604,0,0.417,0.010369696256771,0,0.076,0.094732540235897,0,0.259,0.036440364423715,0,0.399
344,20252,20,252, ,0.059734775036688,2,0.001,-0.027873683899402,0,0.074,0.0356189024636,2,0.014,0.036440364423715,0,0.437
345,20255,20,255,San Mateo Sindihui,0.0483327460955,0,0.077,0.008776222083598,0,0.127,0.082387530138027,0,0.136,0.013920407807061,0,0.369
346,20258,20,258,San Miguel Achiutla,0.059905428975455,2,0.001,0.010369696256771,0,0.164,0.116701658989972,2,0.01,0.036440364423715,0,0.336
347,20257,20,257,San Melchor Betaza,0.058613235039373,2,0.033,0.010369696256771,0,0.112,0.103916801409091,2,0.022,0.036440364423715,0,0.499
348,20268,20,268,San Miguel Ejutla,-0.045991797665971,0,0.1,0.010369696256771,2,0.04,-0.039617114501561,0,0.217,0.036440364423715,0,0.185
349,20269,20,269,San Miguel el Grande,0.038164517218191,0,0.169,0.010369696256771,0,0.12,0.057193458419517,0,0.389,-0.003717641992855,0,0.171
350,20270,20,270,San Miguel Huautla,0.042521844834422,0,0.44,0.010369696256771,0,0.09,0.089479814033816,0,0.278,0.036440364423715,0,0.456
351,20280,20,280,Villa Talea de Castro,0.052519696093481,2,0.027,0.010369696256771,0,0.138,0.061204182653947,2,0.006,0.036440364423715,0,0.358
352,20285,20,285,San Miguel Tlacamama,-0.106573463867247,0,0.087,-0.310449770608909,3,0.009,1.5264201673992,1,0.012,0.036440364423715,0,0.386
353,20286,20,286,San Miguel Tlacotepec,0.04569150200621,0,0.428,0.010369696256771,0,0.073,0.023665537095854,0,0.408,0.036440364423715,0,0.378
354,20287,20,287,San Miguel Tulancingo,0.06382567509153,2,0.001,0.010369696256771,0,0.151,0.114116481819929,2,0.032,0.036440364423715,0,0.35
355,20288,20,288,San Miguel Yotao,0.055420706156432,0,0.181,0.010369696256771,0,0.093,0.107908849974584,0,0.235,-0.395865622838174,3,0.014
356,20290,20,290, ,0.060365053673099,0,0.051,0.010369696256771,0,0.073,0.075622240514553,0,0.359,0.036440364423715,0,0.372
357,20292,20,292,San Pablo Cuatro Venados,0.031947216189506,0,0.498,0.010369696256771,0,0.173,0.048137774330287,0,0.335,-0.251511873999227,3,0.019
358,20294,20,294,San Pablo Huitzo,0.033145606382532,0,0.067,0.010369696256771,0,0.102,0.063900904876714,0,0.207,-0.037854359853016,0,0.149
359,20296,20,296,San Pablo Macuiltianguis,0.056938655956779,0,0.153,0.010369696256771,0,0.1,0.076307253797732,0,0.364,9.19753004154939,1,0.016
360,20297,20,297,San Pablo Tijaltepec,0.046417491971005,0,0.11,-0.029694797240173,0,0.057,0.046563322166474,0,0.178,0.010703271147539,0,0.33
361,20304,20,304, ,0.024930761073091,0,0.32,0.010369696256771,0,0.061,0.046466659347395,0,0.48,0.036440364423715,0,0.385
362,20300,20,300,San Pedro Amuzgos,-0.004340785427723,0,0.167,0.010369696256771,0,0.06,0.056707436873334,0,0.118,-0.035851360855696,0,0.126
363,20301,20,301, ,-0.010341975083668,0,0.16,0.010369696256771,0,0.069,-0.134987035363378,0,0.149,0.036440364423715,0,0.388
364,20303,20,303,San Pedro Cajonos,0.066232385749388,2,0.006,0.010369696256771,0,0.06,0.117943425317203,0,0.173,-0.028078254655088,0,0.133
365,20305,20,305,San Pedro Comitancillo,-0.015676848599201,0,0.149,0.010369696256771,0,0.076,-0.089951344563298,3,0.046,0.036440364423715,0,0.448
366,20323,20,323,San Pedro Ocotepec,0.038045464466753,0,0.447,0.010369696256771,2,0.048,0.085107994456882,0,0.468,0.036440364423716,0,0.285
367,20307,20,307,San Pedro Huamelula,0.000781423020613,0,0.265,-0.023017381657349,0,0.071,9.7416905422E-05,0,0.366,0.007537325157018,0,0.309
368,20308,20,308,San Pedro Huilotepec,-0.037823701109526,0,0.146,0.010369696256771,0,0.07,-0.211689101518642,0,0.07,0.036440364423715,0,0.428
369,20330,20,330,San Pedro Teutila,0.011265169707759,0,0.283,0.010369696256771,0,0.099,-0.005722056896781,0,0.273,0.036440364423715,0,0.488
370,20314,20,314,San Pedro Juchatengo,0.000766795665078,0,0.188,0.010369696256771,0,0.067,-0.018806947800292,0,0.136,-0.354089311640865,3,0.014
371,20315,20,315, ,0.021446648739187,0,0.409,0.010369696256771,0,0.098,-0.004947276029394,0,0.335,0.036440364423715,0,0.477
372,20360,20,360,Santa Ana Zegache,0.006333877136692,0,0.272,0.010369696256771,0,0.108,0.021174268084419,0,0.459,-0.443480032947855,3,0.006
373,20317,20,317, ,0.05630128052697,0,0.062,-0.136229927675228,3,0.03,0.064914586279876,0,0.293,0.036440364423715,0,0.498
374,20320,20,320,San Pedro Molinos,0.058269974082662,0,0.085,-0.043171035961872,3,0.049,0.103681246375907,0,0.244,0.030343161971324,0,0.416
375,20326,20,326, ,0.023607090066011,0,0.499,0.010369696256771,0,0.135,0.036902950741121,0,0.385,-0.021099916405252,0,0.165
376,20327,20,327,San Pedro Tapanatepec,1.98786707957476,0,0.07,0.010369696256771,2,0.044,0.572092474590669,0,0.089,0.036440364423716,0,0.313
377,20328,20,328,San Pedro Taviche,0.000583950413196,0,0.261,0.010369696256771,0,0.131,0.01380060038495,0,0.455,0.036440364423715,0,0.356
378,20329,20,329,San Pedro Teozacoalco,0.043449154014825,0,0.317,-0.044870741746591,3,0.047,0.077989259241106,0,0.309,0.000408433837068,0,0.264
379,20335,20,335,San Pedro Yaneri,0.026172702106363,0,0.189,0.010369696256771,2,0.016,-0.041885428222422,0,0.172,0.154966799381565,1,0.01
380,20339,20,339,San Pedro y San Pablo Teposcolula,0.057121791915845,2,0.001,0.010369696256771,0,0.189,0.07572753437548,2,0.001,0.036440364423715,0,0.216
381,20340,20,340,San Pedro y San Pablo Tequixtepec,0.046901298676548,0,0.251,0.010369696256771,0,0.105,0.01654073278658,0,0.448,0.036440364423715,0,0.499
382,20341,20,341,San Pedro Yucunama,0.061800168891299,0,0.078,0.010369696256771,0,0.073,0.110589422574633,0,0.219,0.036440364423715,0,0.351
383,20342,20,342,San Raymundo Jalpan,0.02569867883847,0,0.309,0.010369696256771,0,0.059,-0.015448528973109,0,0.281,0.036440364423716,0,0.302
384,20345,20,345, ,-0.059053285894667,0,0.145,-0.17295571338076,3,0.024,0.969230231861109,1,0.017,0.036440364423715,0,0.425
385,20347,20,347, ,0.050504320400003,0,0.078,0.010369696256771,0,0.115,0.116023821663719,2,0.004,0.184742806264132,0,0.117
386,20348,20,348, ,0.029049424333264,0,0.274,0.010369696256771,0,0.094,-0.001377532951211,0,0.5,0.036440364423715,0,0.495
387,20349,20,349, ,0.046947400448574,0,0.213,0.010369696256771,0,0.105,0.046984485429373,0,0.288,0.036440364423715,0,0.492
388,20362,20,362,Santa Catarina Cuixtla,-0.000300484941519,0,0.173,0.010369696256771,0,0.051,0.023645818903494,0,0.359,0.036440364423716,0,0.303
389,20352,20,352, ,0.063917506048199,2,0.039,0.010369696256771,0,0.058,0.03235013982413,0,0.373,0.036440364423716,0,0.31
390,20353,20,353,Santa Ana,0.009075541882392,0,0.225,0.010369696256771,0,0.071,0.042048579843546,0,0.445,0.036440364423715,0,0.378
391,20358,20,358,Santa Ana Tlapacoyan,-0.016793963476534,0,0.191,0.010369696256771,0,0.112,-0.042371813199428,0,0.173,-0.46498011392826,3,0.005
392,20361,20,361, ,0.048438867688641,0,0.404,0.010369696256771,0,0.067,0.11047928922046,0,0.207,-0.012472319806705,0,0.196
393,20363,20,363,Santa Catarina Ixtepeji,0.04855680997149,0,0.061,-0.049544932654568,0,0.082,0.085192745943915,2,0.047,1.58935968652174,1,0.022
394,20367,20,367, ,-0.166088378981701,3,0.015,0.010369696256771,0,0.084,0.220637004845875,1,0.013,0.023363904914608,0,0.336
395,20368,20,368,Santa Catarina Minas,0.01950174210422,0,0.493,0.010369696256771,0,0.084,-0.032476016151371,0,0.255,0.036440364423715,0,0.463
396,20369,20,369, ,0.021386574484825,0,0.354,0.010369696256771,0,0.081,0.040494529490661,0,0.489,-0.539464112422169,3,0.004
397,20373,20,373,Santa Catarina Zapoquila,0.065773680339489,2,0.006,0.010369696256771,0,0.064,0.094914863689349,0,0.248,0.036440364423715,0,0.376
398,20370,20,370,Santa Catarina Tayata,0.058325931126767,2,0.007,0.010369696256771,0,0.117,0.086637592272556,0,0.147,0.036440364423715,0,0.395
399,20381,20,381,Santa Cruz Tacache de Mina,0.058955020325736,2,0.029,0.010369696256771,0,0.069,0.072692318633408,0,0.331,0.036440364423715,0,0.392
400,20372,20,372, ,0.037078616641618,0,0.466,0.010369696256771,0,0.069,0.070911041561697,0,0.326,-0.056164343347781,0,0.103
401,20374,20,374,Santa Cruz Acatepec,0.053110527662706,0,0.216,0.010369696256771,0,0.085,0.091114960004289,0,0.236,0.036440364423715,0,0.457
402,20382,20,382,Santa Cruz Tacahua,0.048705997508629,0,0.268,0.008548582916001,0,0.105,0.058529995166684,0,0.422,-0.030611536480008,0,0.14
403,20375,20,375,Santa Cruz Amilpas,0.069020512094719,2,0.001,0.010369696256771,0,0.06,0.140758663785925,2,0.033,0.036440364423716,0,0.304
404,20376,20,376,Santa Cruz de Bravo,0.060193856015576,0,0.216,0.010369696256771,0,0.063,0.056777547274735,0,0.465,0.036440364423716,0,0.309
405,20383,20,383,Santa Cruz Tayata,0.05970555697557,2,0.002,-0.165549852461628,3,0.019,0.11198993148817,0,0.068,0.036440364423715,0,0.468
406,20070,20,70,Pinotepa de Don Luis,-0.107583307163401,0,0.105,-0.246285877235773,3,0.013,0.564500826939417,1,0.013,0.036440364423715,0,0.459
407,20384,20,384,Santa Cruz Xitla,0.019047309632945,0,0.304,0.010369696256771,0,0.091,0.056665449883578,0,0.426,0.036440364423715,0,0.421
408,20387,20,387,Santa Gertrudis,-0.003006810618661,0,0.173,0.010369696256771,0,0.084,0.00163761041356,0,0.164,-0.539464112422169,3,0.007
409,20062,20,62,Natividad,0.0651249601276,0,0.092,0.010369696256771,2,0.032,0.139275578323221,0,0.094,-0.360870106411608,3,0.021
410,20388,20,388, ,0.01785921817792,0,0.334,0.010369696256771,0,0.093,0.034807037082192,0,0.489,-0.539464112422169,3,0.005
411,20034,20,34, ,0.0578699008346,0,0.127,0.010369696256771,0,0.081,0.0563833649579,0,0.409,0.036440364423715,0,0.435
412,20392,20,392, ,0.009395799596633,0,0.432,0.010369696256771,0,0.113,-0.020662576160664,0,0.277,-0.042613779488849,0,0.128
413,20393,20,393, ,0.01976777777907,0,0.323,0.010369696256771,0,0.066,-0.046739394716942,0,0.231,0.036440364423715,0,0.365
414,20402,20,402, ,0.014283721393712,0,0.285,0.010369696256771,0,0.067,0.310515547854342,0,0.1,0.036440364423715,0,0.39
415,20403,20,403, ,0.04596284696035,0,0.433,0.010369696256771,0,0.089,0.068016208241109,0,0.4,0.036440364423715,0,0.464
416,20035,20,35, ,0.046727061854558,0,0.408,0.010369696256771,2,0.028,0.049019476912136,0,0.33,-0.647014132895686,3,0.007
417,20405,20,405, ,0.050093842160323,0,0.223,0.010369696256771,0,0.143,0.060302832468919,0,0.323,0.036440364423715,0,0.37
418,20003,20,3, ,0.041454066277211,0,0.325,0.010369696256771,0,0.078,0.099602586092282,0,0.269,0.036440364423715,0,0.438
419,20040,20,40,Huautepec,0.028423310291035,0,0.491,0.010369696256771,0,0.091,0.026649478742102,0,0.406,0.036440364423715,0,0.45
420,20048,20,48,Magdalena Mixtepec,0.028566332934833,0,0.366,0.010369696256771,0,0.084,0.084761481071162,0,0.359,-0.54795388798879,3,0.003
421,20079,20,79,Salina Cruz,0.009662001567217,0,0.194,0.010369696256771,0,0.054,-0.043701944373108,0,0.194,0.036440364423716,0,0.299
422,20115,20,115,San Bartolo Coyotepec,0.038071383586954,0,0.306,0.010369696256771,0,0.14,0.058136290287284,0,0.27,0.036440364423715,0,0.43
423,20126,20,126, ,0.029695876335122,0,0.499,0.010369696256771,0,0.15,0.082149758436102,0,0.11,-0.005046723608891,0,0.394
424,20141,20,141,San Francisco del Mar,-0.030846237919068,3,0.022,0.010369696256771,0,0.07,0.246788016397737,0,0.054,0.036440364423715,0,0.427
425,20153,20,153,San Gabriel Mixtepec,-0.006114975138904,0,0.215,0.010369696256771,0,0.084,0.59960013591624,0,0.063,-0.183929952784155,0,0.053
426,20157,20,157,San Jacinto Amilpas,0.040791915637371,0,0.318,0.010369696256771,2,0.035,-0.590036829275881,3,0.025,0.036440364423715,0,0.215
427,20160,20,160, ,0.051839949806696,0,0.387,0.010369696256771,2,0.044,-0.103102245578016,0,0.14,0.036440364423716,0,0.304
428,20171,20,171, ,0.019618214237523,0,0.073,0.010369696256771,0,0.123,0.290632068009743,1,0.033,0.036440364423715,0,0.414
429,20174,20,174, ,0.056853059814231,0,0.18,0.010369696256771,0,0.056,0.094225209693441,0,0.306,0.036440364423716,0,0.3
430,20302,20,302,San Pedro Atoyac,0.021996976921009,0,0.383,0.010369696256771,0,0.077,0.123462937583574,0,0.17,0.021996720277905,0,0.318
431,20178,20,178,San Juan Bautista Guelache,0.057341836917536,0,0.069,-0.109459561565907,3,0.043,0.103404683842637,2,0.043,-0.095426798922766,0,0.08
432,20194,20,194, ,0.023460372649262,0,0.327,0.010369696256771,0,0.079,0.109611861338126,0,0.239,-0.0052504977338,0,0.239
433,20204,20,204,San Juan Lajarcia,-0.008135498004515,0,0.17,0.010369696256771,0,0.053,0.048653812444501,0,0.432,-0.028776547883512,0,0.142
434,20216,20,216, ,0.055599444662782,0,0.146,0.010369696256771,0,0.058,0.098942781159763,0,0.248,0.036440364423715,0,0.376
435,20226,20,226,San Lorenzo Albarradas,0.00661703307901,0,0.251,0.010369696256771,0,0.087,0.063045348827683,0,0.411,0.003087674697703,0,0.286
436,20239,20,239, ,0.05666383220284,0,0.051,-0.869228047335226,4,0.001,0.081973787872665,0,0.166,0.036440364423715,0,0.492
437,20295,20,295,San Pablo Huixtepec,-0.036223128587548,0,0.403,0.010369696256771,0,0.111,-0.059772422612635,0,0.379,-0.380984101585217,3,0.005
438,20298,20,298,San Pablo Villa de Mitla,0.01533187008875,0,0.39,0.010369696256771,0,0.166,0.059291287493315,0,0.126,-0.130323084206346,4,0.001
439,20244,20,244, ,0.007330563690417,0,0.385,0.010369696256771,0,0.074,-0.073422287464567,0,0.119,0.036440364423715,0,0.448
440,20263,20,263, ,0.018917756003921,0,0.304,0.010369696256771,0,0.107,0.068897840735292,0,0.38,0.23985697182752,0,0.092
441,20274,20,274,San Miguel Piedras,0.03772753341135,0,0.5,-0.044870741746591,3,0.05,0.050524349023725,0,0.463,-0.031411686013931,0,0.143
442,20282,20,282,San Miguel Tenango,-0.032418173329722,0,0.131,0.010369696256771,2,0.042,-0.152293331007995,0,0.112,0.036440364423715,0,0.192
443,20312,20,312, ,-0.058575307955487,0,0.137,-0.17295571338076,3,0.029,0.5546076868195,1,0.016,0.036440364423715,0,0.435
444,20316,20,316, ,0.033934557345918,0,0.407,0.010369696256771,0,0.066,0.036756775691251,0,0.404,-0.012472319806705,0,0.181
445,20322,20,322,San Pedro Ocopetatillo,0.057074165530215,2,0.028,0.010369696256771,0,0.119,0.075529462576266,0,0.134,0.036440364423715,0,0.468
446,20075,20,75,Reforma de Pineda,0.112073761298836,0,0.062,0.010369696256771,0,0.054,0.045766097718916,0,0.055,0.036440364423716,0,0.297
447,20336,20,336, ,-0.043836352473611,0,0.134,0.010369696256771,0,0.077,-0.145459574812679,0,0.06,-0.257964178819454,0,0.344
448,20350,20,350, ,0.065966011789209,2,0.004,0.010369696256771,0,0.086,0.127611739312744,2,0.016,0.036440364423715,0,0.44
449,20354,20,354,Santa Ana Ateixtlahuaca,0.059377291611133,0,0.129,0.010369696256771,0,0.059,0.101453797940348,0,0.267,0.036440364423716,0,0.3
450,20355,20,355, ,0.049250139291609,0,0.308,0.010369696256771,0,0.12,0.068821754918487,0,0.268,0.036440364423715,0,0.44
451,20391,20,391, ,0.022951267194597,0,0.297,0.010369696256771,0,0.08,0.055674738316042,0,0.402,0.076259799497559,0,0.118
452,20395,20,395, ,0.03560809564056,0,0.494,0.010369696256771,0,0.089,0.060823186530517,0,0.351,0.036440364423715,0,0.487
453,20433,20,433, ,0.024291418522138,0,0.291,0.010369696256771,0,0.058,-0.014989542256758,0,0.247,-0.021922248562409,0,0.17
454,20504,20,504, ,0.031992109087146,2,0.03,-0.08948801859546,0,0.051,0.123567052154422,2,0.007,1.67146961255906,0,0.075
455,20434,20,434, ,0.028596545585609,0,0.44,0.010369696256771,0,0.094,-0.092083797822645,0,0.113,0.036440364423715,0,0.462
456,20472,20,472,Santiago Laollaga,-0.009260492099252,0,0.19,0.010369696256771,0,0.105,-0.127243039275765,0,0.084,0.036440364423715,0,0.497
457,20478,20,478,Santiago Nacaltepec,0.033137011229521,0,0.371,0.010369696256771,0,0.102,0.072418644504788,0,0.195,-0.002443542716914,0,0.23
458,20523,20,523, ,0.032097364136374,0,0.222,0.010369696256771,0,0.133,0.114235641844857,2,0.009,0.036440364423715,0,0.437
459,20487,20,487,Santiago Tenango,0.050870706588836,0,0.301,0.010369696256771,0,0.081,0.062253340853684,0,0.368,0.021665949801284,0,0.352
460,20408,20,408, ,0.056915198723428,0,0.141,-0.165549852461628,3,0.034,0.068621751140413,0,0.397,0.036440364423715,0,0.456
461,20489,20,489,Santiago Tetepec,-0.089654511701737,0,0.096,0.010369696256771,0,0.092,0.997597614790252,1,0.017,0.012889506488257,0,0.29
462,20529,20,529, ,0.062873261468527,2,0.018,0.010369696256771,0,0.076,0.054242681396373,0,0.439,0.036440364423715,0,0.462
463,20462,20,462, ,0.02997688875492,0,0.141,0.010369696256771,0,0.113,0.023459514606318,0,0.465,0.036440364423715,0,0.494
464,20539,20,539,Soledad Etla,0.047508937406617,0,0.206,0.010369696256771,0,0.085,0.046323083417963,0,0.4,0.013297456742757,0,0.311
465,20479,20,479,Santiago Nejapilla,0.064228148281297,2,0.01,0.010369696256771,0,0.087,0.126767064995783,2,0.016,0.036440364423715,0,0.495
466,20546,20,546, ,0.041692975779828,0,0.253,0.010369696256771,0,0.148,0.062374795830627,0,0.133,0.036440364423715,0,0.329
467,20549,20,549, ,-0.013266853215538,0,0.178,0.010369696256771,0,0.183,-0.086504218267676,0,0.184,0.036440364423715,0,0.257
468,20559,20,559,San Juan Bautista Valle Nacional,0.555233381193436,0,0.068,0.00257937807681,0,0.081,2.04869873481833,0,0.052,-0.02431114644912,0,0.161
469,20560,20,560, ,0.039267753809168,0,0.156,0.010369696256771,0,0.161,0.05191706021438,0,0.066,0.000408433837068,0,0.299
470,20565,20,565,Villa de Zaachila,0.002696277270326,0,0.198,0.010369696256771,0,0.184,-0.020535299175397,0,0.212,0.036440364423715,0,0.28
471,20566,20,566,San Mateo Yucutindoo,0.013989237296617,0,0.495,0.008953274769506,0,0.127,-0.000165892662166,0,0.343,-0.269638708656011,3,0.02
472,20041,20,41, ,0.015559150326663,0,0.453,0.010369696256771,0,0.151,0.011025335110956,0,0.317,0.036440364423715,0,0.325
473,20399,20,399, ,0.015882397975791,0,0.264,0.010369696256771,0,0.118,-0.080938920633484,0,0.147,0.036440364423715,0,0.43
474,20418,20,418, ,-0.000925627051908,0,0.297,0.010369696256771,0,0.135,-0.000497419499676,0,0.421,0.036440364423715,0,0.321
475,20077,20,77,Reyes Etla,0.042541695245609,0,0.112,0.010369696256771,0,0.097,0.02629371443159,0,0.215,0.013297456742757,0,0.296
476,20095,20,95, ,0.027393179557205,0,0.399,0.010369696256771,0,0.106,0.074202687968445,0,0.356,-0.044776016844881,0,0.103
477,20101,20,101, ,0.021448986856014,0,0.253,0.010369696256771,2,0.048,0.06826564423528,0,0.496,0.036440364423716,0,0.29
478,20114,20,114,San Baltazar Yatzachi el Bajo,0.065651105123083,2,0.001,0.010369696256771,0,0.123,0.115074053500257,2,0.011,0.036440364423715,0,0.498
479,20123,20,123,San Bernardo Mixtepec,0.008304371065406,0,0.284,0.010369696256771,0,0.115,0.038010981999721,0,0.496,0.117708256794526,1,0.001
480,20223,20,223,San Juan Yatzona,0.053732372693575,0,0.187,0.010369696256771,0,0.08,0.106397359628093,0,0.216,0.036440364423715,0,0.435
481,20234,20,234, ,0.021375963902028,0,0.459,0.010369696256771,0,0.114,0.032162588264234,0,0.486,0.036440364423715,0,0.442
482,20289,20,289, ,0.000211784985126,0,0.196,0.010369696256771,0,0.061,0.02039262773299,0,0.373,0.036440364423716,0,0.29
483,20325,20,325,San Pedro Quiatoni,-0.000465022171185,0,0.385,0.010369696256771,0,0.167,0.039975454762687,0,0.288,0.016478366159601,0,0.441
484,20480,20,480,Santiago Nundiche,0.041703494204415,0,0.411,-0.165549852461628,3,0.02,-0.003161180150155,0,0.339,0.036440364423715,0,0.443
485,20343,20,343, ,0.037595602104196,0,0.12,0.010369696256771,0,0.135,0.051074616327328,0,0.157,0.036440364423715,0,0.402
486,20541,20,541,Tanetze de Zaragoza,0.053778352397864,0,0.11,0.010369696256771,0,0.105,0.104468997059233,0,0.206,-0.191377801349418,3,0.047
487,20390,20,390, ,0.065982977343228,2,0.004,0.010369696256771,0,0.104,-0.092587021896286,0,0.149,0.036440364423715,0,0.479
488,20020,20,20,Constancia del Rosario,-0.011492286422519,0,0.146,0.010369696256771,2,0.035,-0.167691508091035,0,0.094,0.036440364423715,0,0.188
489,20396,20,396, ,0.034252527361253,0,0.32,0.010369696256771,2,0.03,0.006809851866492,0,0.288,0.036440364423715,0,0.213
490,20409,20,409, ,0.051770068996939,0,0.062,0.010369696256771,0,0.081,0.107588199776557,0,0.094,0.036440364423715,0,0.45
491,20444,20,444, ,0.04832634797885,0,0.466,0.006120431794974,0,0.057,0.030680458443675,0,0.352,-0.120014071018306,3,0.039
492,20551,20,551,Tlacolula de Matamoros,-0.008170892079066,0,0.357,0.010369696256771,0,0.189,0.0212657359772,0,0.168,0.023307080242983,0,0.458
493,20553,20,553,Tlalixtac de Cabrera,0.053405366658052,2,0.002,0.010369696256771,0,0.157,0.083971643177876,2,0.009,0.002526367222224,0,0.321
494,20047,20,47, ,0.066944892991752,2,0.001,0.010369696256771,0,0.108,0.134185171232214,2,0.012,0.036440364423715,0,0.498
495,20001,20,1,Abejones,0.063499853529264,2,0.006,0.010369696256771,0,0.108,0.105337987435109,0,0.067,-0.384667204590774,3,0.01
496,20049,20,49, ,-0.068651210863429,0,0.082,0.010369696256771,2,0.043,-0.081185353135155,0,0.16,0.036440364423715,0,0.219
497,20004,20,4, ,0.051092914349492,0,0.153,0.010369696256771,0,0.082,0.036707846340925,0,0.443,0.036440364423715,0,0.453
498,20007,20,7, ,0.011160796294556,0,0.184,0.010369696256771,2,0.03,-0.138208852844507,0,0.089,0.036440364423715,0,0.247
499,20051,20,51,Magdalena Teitipac,0.016795257780335,0,0.376,0.010369696256771,0,0.138,0.058791575916165,0,0.301,0.036440364423715,0,0.396
500,20011,20,11, ,0.060912462522394,2,0.033,0.010369696256771,0,0.093,0.065675032967377,0,0.345,0.036440364423715,0,0.419
501,20053,20,53,Magdalena Tlacotepec,-0.014840672372919,0,0.186,0.010369696256771,0,0.072,-0.209820770416365,0,0.079,0.036440364423715,0,0.453
502,20013,20,13, ,0.009519357563206,0,0.3,0.010369696256771,0,0.093,0.002979523818774,0,0.444,-0.539464112422169,3,0.006
503,20017,20,17, ,0.000838596055774,0,0.34,0.010369696256771,0,0.16,0.00602702185643,0,0.444,-0.009586347398182,0,0.216
504,20019,20,19, ,0.033946926657986,0,0.369,0.010369696256771,0,0.114,0.075142087850573,0,0.153,-0.012262433308514,0,0.491
505,20022,20,22,Cosoltepec,0.031849721886901,0,0.328,0.010369696256771,2,0.031,0.029858147254098,0,0.343,0.036440364423715,0,0.219
506,20024,20,24,Cuyamecalco Villa de Zaragoza,0.029568716596719,0,0.378,0.010369696256771,0,0.091,0.048897559064135,0,0.452,0.026076222822905,0,0.387
507,20025,20,25,Chahuites,0.437908871305886,1,0.02,0.010369696256771,2,0.014,0.013869684671714,0,0.061,0.036440364423715,0,0.107
508,20026,20,26,Chalcatongo de Hidalgo,0.024858782447143,0,0.196,0.010369696256771,0,0.143,0.00349441820921,0,0.178,-0.003520843783133,0,0.275
509,20029,20,29, ,0.038261032671881,0,0.35,0.010369696256771,0,0.104,-0.009070305761392,0,0.317,0.036440364423715,0,0.456
510,20032,20,32,Fresnillo de Trujano,0.058937274180027,0,0.31,0.010369696256771,2,0.043,-0.032079794096838,0,0.196,0.036440364423715,0,0.21
511,20033,20,33,Guadalupe Etla,0.051577966319307,0,0.221,0.010369696256771,0,0.101,0.061472815745112,0,0.337,0.036440364423715,0,0.49
512,20037,20,37,Mesones Hidalgo,-0.035680419071153,0,0.089,0.010369696256771,2,0.033,-0.099477651557305,0,0.074,-0.043109935203782,0,0.13
513,20038,20,38,Villa Hidalgo,0.06420339687408,2,0.001,0.010369696256771,0,0.108,0.128431447990952,2,0.003,0.036440364423715,0,0.5
514,20042,20,42, ,0.01967565774622,0,0.197,0.010369696256771,0,0.237,-0.027108394550632,0,0.068,3.76979471608474,1,0.039
515,20043,20,43, ,0.055992828087545,0,0.249,-0.129469734213278,3,0.018,1.05313107704589,0,0.066,0.036440364423715,0,0.28
516,20044,20,44,Loma Bonita,33.4708177250604,1,0.002,0.010369696256771,2,0.03,13.5619907838604,1,0.006,0.036440364423715,0,0.19
517,20045,20,45,Magdalena Apasco,0.042153031093704,0,0.152,0.010369696256771,0,0.107,0.068986528516898,0,0.247,-0.010442412893628,0,0.21
518,20046,20,46,Magdalena Jaltepec,0.009748318089884,0,0.381,-0.027266646119146,0,0.079,0.021046404408278,0,0.348,0.036440364423715,0,0.425
519,20060,20,60, ,0.05204977135761,0,0.138,0.010369696256771,0,0.115,0.114258750357864,0,0.101,0.036440364423715,0,0.496
520,20061,20,61,Monjas,0.001649895175882,0,0.185,0.010369696256771,0,0.061,0.027437163055356,0,0.385,0.036440364423716,0,0.321
521,20063,20,63,Nazareno Etla,0.052109400483963,0,0.214,0.010369696256771,0,0.071,0.055353720046288,0,0.431,0.007511729822517,0,0.255
522,20076,20,76,La Reforma,0.011795852396577,0,0.29,0.010369696256771,0,0.089,-0.058154177303314,0,0.14,-0.049431326534772,0,0.113
523,20065,20,65,Ixpantepec Nieves,0.041680908702051,0,0.44,0.010369696256771,0,0.125,0.036052452279298,0,0.497,0.036440364423715,0,0.428
524,20072,20,72, ,0.010705911454549,0,0.342,0.010369696256771,0,0.141,0.002510172484358,0,0.434,0.036440364423715,0,0.347
525,20074,20,74,Santa Catarina Quioquitani,0.053022872722384,0,0.228,0.010369696256771,0,0.106,0.118691461605026,0,0.07,-0.004483293989414,0,0.238
526,20080,20,80, ,-0.034536692205318,0,0.13,0.010369696256771,0,0.057,-0.010938872906518,0,0.266,0.036440364423716,0,0.314
527,20086,20,86, ,0.06330023135173,2,0.018,0.010369696256771,0,0.059,0.099317779282336,0,0.223,0.036440364423715,0,0.361
528,20081,20,81, ,0.013915216668141,0,0.233,0.010369696256771,0,0.071,0.005936205512929,0,0.305,0.036440364423715,0,0.372
529,20092,20,92, ,0.021232765531401,0,0.429,0.010369696256771,0,0.093,0.066808432680804,0,0.379,0.036440364423715,0,0.456
530,20093,20,93, ,0.05967418724593,2,0.049,0.010369696256771,0,0.083,0.096560345192222,0,0.228,0.036440364423715,0,0.446
531,20082,20,82, ,-0.063534916864424,0,0.109,0.010369696256771,0,0.114,0.690416881592492,1,0.031,0.0168146494775,0,0.339
532,20096,20,96, ,0.024032000646794,0,0.432,0.010369696256771,0,0.078,0.09283878518085,0,0.303,0.036440364423715,0,0.443
533,20097,20,97, ,0.058121671310561,2,0.001,0.010369696256771,0,0.149,0.101791207702676,2,0.002,0.027578472070895,0,0.49
534,20083,20,83, ,0.057293770114604,0,0.075,0.010369696256771,0,0.146,0.096911908739396,0,0.16,0.036440364423715,0,0.407
535,20087,20,87, ,0.06321998272823,2,0.014,0.010369696256771,0,0.091,-0.166161554815952,0,0.096,0.018733118241905,0,0.321
536,20089,20,89, ,0.039340241049343,0,0.423,0.010369696256771,0,0.103,0.035154364710086,0,0.406,0.036440364423715,0,0.493
537,20090,20,90, ,0.025590536309679,1,0.011,-0.203509948320349,3,0.018,2.07792173005517,1,0.013,0.025543314832792,0,0.385
538,20091,20,91, ,0.052172323368447,0,0.178,0.010369696256771,0,0.094,-0.119446900345468,0,0.145,0.169196976602588,0,0.07
539,20100,20,100, ,0.056528867213699,0,0.175,0.010369696256771,0,0.096,0.115591444832291,0,0.139,0.036440364423715,0,0.438
540,20103,20,103,San Antonino Castillo Velasco,0.017336668225888,0,0.4,0.010369696256771,0,0.085,-0.055341349664685,0,0.245,0.036440364423715,0,0.387
541,20102,20,102, ,0.044778658954303,0,0.136,-0.076976295457947,3,0.05,0.041513888548958,0,0.244,-0.079274173981078,4,0.001
542,20105,20,105,San Antonino Monte Verde,0.037618316050202,0,0.458,0.010369696256771,0,0.084,0.021280482592574,0,0.477,0.036440364423715,0,0.445
543,20107,20,107,San Antonio de la Cal,0.060908127079556,2,0.008,0.010369696256771,0,0.163,-0.043763805008904,0,0.24,0.036440364423715,0,0.34
544,20108,20,108,San Antonio Huitepec,0.017273953822805,0,0.394,-0.107665427682037,3,0.034,0.000501057416968,0,0.365,1.80059950773577,1,0.001
545,20109,20,109, ,0.010354962941298,0,0.295,0.010369696256771,2,0.05,-0.35565299695404,3,0.049,0.036440364423715,0,0.211
546,20110,20,110,San Antonio Sinicahua,0.055574070717842,0,0.114,0.010369696256771,0,0.111,0.058280121745139,0,0.372,0.031359362380056,0,0.442
547,20111,20,111,San Antonio Tepetlapa,0.024093190308091,0,0.443,0.010369696256771,0,0.091,0.057586460178867,0,0.078,0.026811268326509,0,0.445
548,20116,20,116, ,-0.006343358519071,0,0.191,0.010369696256771,0,0.098,-0.015988163535106,0,0.178,0.036440364423715,0,0.438
549,20119,20,119, ,0.062597520050672,2,0.006,0.010369696256771,0,0.118,0.108178937951233,0,0.123,0.036440364423715,0,0.414
550,20122,20,122,San Bartolo Yautepec,-0.001654378292066,0,0.16,-0.106485076442649,3,0.018,0.055408214775175,0,0.388,-0.064720273009727,0,0.09
551,20127,20,127, ,0.053852363435233,0,0.303,0.010369696256771,2,0.045,0.038444844768613,0,0.398,0.036440364423716,0,0.3
552,20128,20,128, ,0.055345286794545,0,0.233,0.010369696256771,0,0.051,0.106899620537865,0,0.269,0.036440364423716,0,0.303
553,20129,20,129, ,0.058782886455273,0,0.073,0.010369696256771,0,0.066,0.089835314919941,0,0.32,0.036440364423715,0,0.381
554,20132,20,132, ,0.016469573244257,0,0.264,0.010369696256771,0,0.051,-0.088959483076664,0,0.187,0.036440364423716,0,0.291
555,20135,20,135, ,0.042050373552448,0,0.211,-0.087894544422286,3,0.042,0.038812812098033,0,0.252,0.021976047123116,0,0.437
556,20136,20,136,San Felipe Usila,0.077774422386356,0,0.151,0.010369696256771,0,0.125,0.296929708695339,0,0.059,-0.020082009640887,0,0.185
557,20137,20,137, ,0.034075152379642,0,0.178,-0.00237809712862,4,0.001,0.027565298540203,0,0.265,0.052735534917627,0,0.201
558,20140,20,140, ,0.050758889699332,2,0.02,0.010369696256771,0,0.141,0.14604129934535,2,0.001,0.036440364423715,0,0.438
559,20142,20,142, ,0.053004395450239,0,0.125,0.010369696256771,0,0.066,0.05484444329415,0,0.307,0.036440364423715,0,0.383
560,20146,20,146,San Francisco Logueche,0.036646192976778,0,0.373,0.010369696256771,0,0.054,0.11216725287456,0,0.247,0.019809959904685,0,0.267
561,20147,20,147, ,0.058276444961001,2,0.032,0.010369696256771,0,0.101,0.129699830711568,2,0.021,0.036440364423715,0,0.484
562,20148,20,148,San Francisco Ozolotepec,0.056898788653178,0,0.358,0.010369696256771,2,0.014,0.04660126950122,0,0.299,-0.233027317197356,0,0.051
563,20151,20,151,San Francisco Teopan,0.063707723965142,2,0.001,0.010369696256771,0,0.15,0.10304275605541,2,0.004,0.036440364423715,0,0.322
564,20165,20,165, ,0.061987508332494,0,0.227,0.010369696256771,2,0.019,0.06726245906621,0,0.402,0.036440364423715,0,0.119
565,20476,20,476,Santiago Miltepec,0.05548550382971,0,0.218,0.010369696256771,0,0.068,0.004570309709557,0,0.326,0.036440364423715,0,0.381
566,20512,20,512,Santo Domingo Ozolotepec,0.058861434813601,0,0.055,0.010369696256771,0,0.092,0.123284014239172,0,0.059,-0.079154729086742,0,0.085
567,20542,20,542,Taniche,-0.019465116421711,0,0.163,0.010369696256771,0,0.068,0.010074035708332,0,0.349,0.036440364423715,0,0.384
568,20564,20,564,Yutanduchi de Guerrero,0.036950307206548,0,0.49,-0.042321183069512,3,0.043,0.063592222539577,0,0.374,0.036440364423715,0,0.439
569,20567,20,567, ,0.060250673574056,2,0.001,0.010369696256771,0,0.087,0.057012426140607,0,0.057,0.036440364423715,0,0.46
570,20554,20,554,Totontepec Villa de Morelos,0.028677015890798,0,0.417,0.010369696256771,0,0.124,0.080786555754295,0,0.062,0.036440364423715,0,0.391
