CVEGEO,Nombre,SCC_2003,SCC_2004,SCC_2005,SCC_2006,SCC_2007,SCC_2008,SCC_2009,SCC_2010,SCC_2011,SCC_2012,SCC_2013,SCC_2014,SCC_2015,SCC_2016
20001,Abejones,145,105,83,145,145,145,145,145,145,143,145,148,149,146
20002,Acatlán de Pérez Figueroa,27032,18854,18777,18272,18521,18897,18644,19091,21531,21696,22110,22931,21364,22706
20003,Asunción Cacalotepec,900,900,925,905,905,905,905,1105,1105,1105,1402,1405,1258,1270
20004,Asunción Cuyotepeji,337,333,222,126,131,129,114,229,193,230,222,178,164,163
20005,Asunción Ixtaltepec,4323,5500,7163,7109,6967,7066,7230,8429,6729,8244,9191,7378,8116,8682
20006,Asunción Nochixtlán,3343,3231,3367,3704,4399,3770,3810,2013,4458,3930,3669,3865,3691,4386
20007,Asunción Ocotlán,644,659,496,707,662,750,417,739,735,731,517,364,340,349
20008,Asunción Tlacolulita,464,295,345,296,346,616,613,518,639,646,659,611,680,615
20009,Ayotzintepec,2989,7786,6931,6674,7256,7609,7749,6901,8182,8394,7963,8244,8793,8291
20010,El Barrio de la Soledad,988,1338,1720,1658,1517,1069,1574,1850,1967,2220,2313,1807,1856,2345
20011,Calihualá,401,403,56,25,349,619,271,467,252,473,433,398,375,345
20012,Candelaria Loxicha,5235,6115,5235,5190,5160,5198,5248,5306,5308,5332,6809,6787,5358,4104
20013,Ciénega de Zimatlán,2352,2409,1487,1366,1751,1711,1363,1200,1044,1507,1453,947,861,848
20014,Ciudad Ixtepec,1578,1554,1623,1538,1412,2454,2645,2140,2499,2760,2086,1482,1172,1961
20015,Coatecas Altas,648,644,810,647,1358,1358,314,1363,1359,1310,1291,1097,1275,1333
20016,Coicoyán de las Flores,1350,1388,746,2488,2647,3644,2956,3667,1938,3735,3568,3338,3275,2994
20017,La Compañía,1322,920,2527,1295,2493,2466,748,2428,2559,2352,2320,2140,2301,2396
20018,Concepción Buenavista,644,239,212,280,676,671,282,340,672,670,69,623,568,556
20019,Concepción Pápalo,1241,1367,1330,1371,1160,1331,1408,1219,1302,1402,1395,1312,724,1398
20020,Constancia del Rosario,534,826,1003,757,789,798,822,694,823,822,858,845,857,862
20021,Cosolapa,6228,9706,9807,9625,9369,9517,9512,9420,10191,10627,10811,11194,2822,10262
20022,Cosoltepec,228,299,145,110,342,369,232,392,272,394,390,377,360,339
20023,Cuilápam de Guerrero,2343,2204,2456,2658,3348,3481,1469,2660,2682,2621,1076,2322,1097,2142
20024,Cuyamecalco Villa de Zaragoza,285,332,338,236,270,349,324,366,361,368,372,360,305,372
20025,Chahuites,3294,3119,3861,4684,4813,4733,4913,3737,4913,5516,4460,4539,2103,2190
20026,Chalcatongo de Hidalgo,3098,3052,3362,3008,3064,3023,3220,2734,3236,3183,3173,3093,3058,3091
20027,Chiquihuitlán de Benito Juárez,358,667,666,530,586,675,667,675,663,664,560,573,521,565
20028,Heroica Ciudad de Ejutla de Crespo,2864,4316,3957,3869,5570,5647,1622,5710,5753,5588,5341,5367,5539,5580
20029,Eloxochitlán de Flores Magón,1762,1684,1655,1488,1545,1721,1669,1566,1566,1567,1578,1585,1268,1575
20030,El Espinal,943,1103,1988,2275,2723,2715,2813,2593,2774,2828,2845,2494,2258,2624
20031,Tamazulápam del Espíritu Santo,1095,1170,1150,1177,1222,1212,1182,1182,1227,1182,1262,1237,1244,1235
20032,Fresnillo de Trujano,391,825,530,259,306,305,135,308,165,303,296,207,178,166
20033,Guadalupe Etla,784,756,558,447,432,470,430,441,417,394,242,359,319,261
20034,Guadalupe de Ramírez,510,508,330,181,555,556,232,557,286,549,548,414,362,310
20035,Guelatao de Juárez,122,122,112,122,129,120,120,122,120,115,140,75,75,78
20036,Guevea de Humboldt,5873,6084,5900,6831,6206,6324,6109,5983,5377,4428,5713,5544,5173,5321
20037,Mesones Hidalgo,1492,1401,1230,1518,1636,1643,1741,1456,1756,1756,1752,1754,1707,1698
20038,Villa Hidalgo,130,137,132,132,122,134,132,134,134,134,134,142,145,177
20039,Heroica Ciudad de Huajuapan de León,3661,3564,820,1314,2698,2715,1652,2889,1573,2918,2575,1988,1961,2066
20040,Huautepec,3891,3070,3071,2498,3010,3033,2954,2883,2897,2905,2681,2711,2485,2702
20041,Huautla de Jiménez,5243,10026,9071,9421,9386,10021,9655,9331,4542,3755,3636,3652,3315,3623
20042,Ixtlán de Juárez,3620,3366,2922,3470,3434,3443,3441,3470,3443,3452,3393,3423,3393,3397
20043,Heroica Ciudad de Juchitán de Zaragoza,11265,11101,12485,13053,15263,14329,15360,12650,14692,15826,14752,11956,11311,13634
20044,Loma Bonita,9364,8134,8913,9167,8720,19578,20860,19006,19069,18655,19191,19504,19856,19548
20045,Magdalena Apasco,422,1539,659,964,969,989,407,953,921,931,488,794,813,827
20046,Magdalena Jaltepec,2167,2469,2424,2423,3622,2635,3203,230,3646,3648,2554,3081,3561,3574
20047,Santa Magdalena Jicotlán,95,115,99,80,225,225,131,101,173,172,27,153,109,159
20048,Magdalena Mixtepec,665,434,500,427,608,613,520,610,611,585,549,526,413,221
20049,Magdalena Ocotlán,625,822,556,328,722,831,317,588,818,794,358,717,549,562
20050,Magdalena Peñasco,505,471,470,383,504,533,535,472,547,550,537,548,549,569
20051,Magdalena Teitipac,798,98,593,614,343,855,440,840,837,816,422,823,824,814
20052,Magdalena Tequisistlán,1691,1369,1974,1701,1134,2350,2200,2015,2340,2326,2301,1967,2208,2171
20053,Magdalena Tlacotepec,573,734,808,733,798,592,595,427,579,557,557,531,506,550
20054,Magdalena Zahuatlán,298,454,530,420,670,669,621,43,716,628,528,610,600,620
20055,Mariscala de Juárez,982,1030,936,167,1061,1062,838,1895,1053,998,967,538,856,674
20056,Mártires de Tacubaya,1095,1140,1130,1005,1215,1220,1242,1255,1238,1235,1322,1231,1366,1450
20057,Matías Romero Avendaño,6416,6186,15238,14651,13830,14033,14038,17036,19696,25375,35613,35604,35350,35466
20058,Mazatlán Villa de Flores,6842,3446,3440,2578,3032,3527,3128,3473,3444,3515,3482,3524,3191,3622
20059,Miahuatlán de Porfirio Díaz,687,1167,3021,3454,7018,8186,3420,8481,8411,8175,5627,7568,6064,7997
20060,Mixistlán de la Reforma,612,612,632,632,632,632,632,632,632,630,632,637,630,643
20061,Monjas,233,157,247,461,694,810,235,826,826,795,391,559,788,809
20062,Natividad,24,24,24,24,24,24,24,24,24,26,24,24,22,30
20063,Nazareno Etla,794,1038,846,490,508,490,285,242,159,226,176,227,197,203
20064,Nejapa de Madero,4796,1703,5752,5355,6969,7619,7392,7034,7454,7282,7053,6715,6897,6885
20065,Ixpantepec Nieves,487,483,227,167,457,456,224,539,343,544,456,404,367,352
20066,Santiago Niltepec,4702,4716,5754,6387,4520,6560,7346,2837,6453,6560,5218,5498,1596,6312
20067,Oaxaca de Juárez,23,242,352,305,357,362,165,357,357,257,175,211,163,166
20068,Ocotlán de Morelos,2204,5337,3431,2687,4169,3252,1305,3284,3168,3158,1663,2939,2577,2869
20069,La Pe,570,224,747,536,1677,1736,375,1786,1786,1725,1712,1650,1396,1592
20070,Pinotepa de Don Luis,1687,1604,1382,1472,1470,1517,1514,1446,1459,1493,1402,1020,1340,1701
20071,Pluma Hidalgo,5908,5908,5908,5908,5869,6003,6155,6174,6181,5812,5813,5821,4237,3466
20072,San José del Progreso,577,2121,1843,1158,2189,2549,1142,2538,2558,2424,1338,2347,2066,2177
20073,Putla Villa de Guerrero,5742,6527,5873,7783,6886,6836,7455,6373,7473,7469,8312,8764,8842,8603
20074,Santa Catarina Quioquitani,262,5,174,5,36,256,124,282,302,302,304,287,293,288
20075,Reforma de Pineda,1946,2272,2732,3970,4312,4212,3948,2782,4473,5072,4329,4260,2924,2805
20076,La Reforma,1084,1159,1086,1183,935,913,887,926,991,993,1530,1533,1534,1527
20077,Reyes Etla,786,838,926,539,745,760,437,695,605,656,330,620,574,636
20078,Rojas de Cuauhtémoc,257,307,602,276,424,309,195,321,380,331,229,239,249,254
20079,Salina Cruz,637,594,520,144,531,625,951,430,472,758,510,360,224,486
20080,San Agustín Amatengo,572,598,627,662,732,802,446,782,814,835,778,671,755,766
20081,San Agustín Atenango,528,536,190,110,406,406,180,1787,1020,480,411,367,356,345
20082,San Agustín Chayuco,3275,3395,3425,3395,3440,3385,3395,3190,2954,2947,2959,2668,2813,2972
20083,San Agustín de las Juntas,40,231,89,117,209,220,162,219,219,187,112,152,108,90
20084,San Agustín Etla,297,256,204,188,174,159,77,151,156,136,76,115,113,113
20085,San Agustín Loxicha,10004,11004,10004,10004,9520,9564,9560,9572,9572,9068,10907,10897,8854,7588
20086,San Agustín Tlacotepec,305,281,273,224,300,301,273,269,310,312,308,311,309,316
20087,San Agustín Yatareni,162,263,173,86,151,150,57,150,140,130,48,105,101,111
20088,San Andrés Cabecera Nueva,770,815,811,775,847,854,853,840,924,923,1129,1130,1140,1114
20089,San Andrés Dinicuiti,459,1185,526,261,797,757,420,1088,687,1181,1161,1057,987,832
20090,San Andrés Huaxpaltepec,2221,2100,1907,2072,2080,2108,2130,2152,2165,2136,2177,1986,2121,2424
20091,San Andrés Huayápam,882,809,773,588,761,765,449,749,764,744,416,711,565,363
20092,San Andrés Ixtlahuaca,609,836,700,485,617,627,339,567,628,605,420,491,578,517
20093,San Andrés Lagunas,596,101,445,314,680,677,365,159,667,670,458,267,640,631
20094,San Andrés Nuxiño,605,562,534,637,819,816,569,225,841,860,861,846,838,842
20095,San Andrés Paxtlán,87,53,466,43,463,454,176,434,433,378,390,395,381,392
20096,San Andrés Sinaxtla,1262,1216,1488,1867,1820,1814,1913,421,1900,1924,1440,1583,1554,1559
20097,San Andrés Solaga,280,293,258,294,284,303,301,303,303,303,318,320,307,310
20098,San Andrés Teotilálpam,2033,3129,2411,2787,2959,3151,2991,3128,2332,2394,2387,2279,2402,2405
20099,San Andrés Tepetlapa,57,56,6,150,148,148,60,80,40,82,81,76,75,70
20100,San Andrés Yaá,163,163,133,163,163,163,163,163,163,165,194,199,196,197
20101,San Andrés Zabache,118,184,320,161,305,343,105,292,306,351,332,330,346,319
20102,San Andrés Zautla,331,891,691,681,1652,1772,816,889,811,865,438,801,779,783
20103,San Antonino Castillo Velasco,1152,1069,1566,1278,926,1283,525,1256,1256,1229,867,1017,962,949
20104,San Antonino el Alto,569,652,820,530,978,1003,668,914,914,874,844,829,783,486
20105,San Antonino Monte Verde,2001,252,591,717,2287,2301,973,863,2290,1894,1379,1942,1576,2008
20106,San Antonio Acutla,113,90,142,95,210,211,94,52,214,214,42,190,180,175
20107,San Antonio de la Cal,130,115,171,112,123,138,88,135,135,123,70,80,59,66
20108,San Antonio Huitepec,670,2346,1413,2254,2984,3109,819,3121,3131,3026,2618,2936,2866,1797
20109,San Antonio Nanahuatípam,529,382,307,393,383,373,408,382,425,502,499,488,479,485
20110,San Antonio Sinicahua,337,309,167,298,351,355,359,287,365,322,361,365,362,377
20111,San Antonio Tepetlapa,1290,1354,1511,1511,1485,1475,1495,1475,1476,1469,1520,1641,1246,1741
20112,San Baltazar Chichicápam,444,1673,1889,1102,1191,3309,2316,3358,3377,3172,2605,2978,2818,2266
20113,San Baltazar Loxicha,1461,1461,1463,1613,1372,1322,1492,1274,1275,1197,1317,1315,1080,1051
20114,San Baltazar Yatzachi el Bajo,114,120,96,121,121,121,120,120,121,121,122,120,114,117
20115,San Bartolo Coyotepec,759,960,605,427,932,923,609,506,714,838,730,970,887,876
20116,San Bartolomé Ayautla,2375,1914,2050,1934,1769,1952,1727,1883,1868,1872,1716,1730,1564,1732
20117,San Bartolomé Loxicha,2338,2338,2340,2170,2222,2172,2002,1457,1459,1371,1466,1455,1210,1123
20118,San Bartolomé Quialana,113,181,522,336,180,525,170,595,579,470,422,475,473,480
20119,San Bartolomé Yucuañe,173,201,195,135,222,318,321,221,301,301,299,295,309,285
20120,San Bartolomé Zoogocho,24,22,17,22,22,22,22,22,22,24,22,26,20,25
20121,San Bartolo Soyaltepec,762,222,74,250,772,771,266,383,769,774,180,705,636,689
20122,San Bartolo Yautepec,422,158,280,60,195,350,340,255,327,306,306,247,295,271
20123,San Bernardo Mixtepec,1706,1800,1330,1486,2392,2160,1035,2044,2057,1799,1105,1278,1565,1186
20124,San Blas Atempa,4664,5387,4310,5595,5306,4986,5972,4543,5259,6005,5485,5357,4716,5824
20125,San Carlos Yautepec,5045,3187,4112,2487,2877,4730,5005,4886,5050,5112,5110,4345,5033,4854
20126,San Cristóbal Amatlán,277,208,700,1007,1341,1624,126,1641,1641,1430,562,1281,1438,1438
20127,San Cristóbal Amoltepec,271,283,244,181,314,316,321,249,323,315,323,324,331,350
20128,San Cristóbal Lachirioag,324,326,318,326,326,330,329,329,330,328,410,403,407,386
20129,San Cristóbal Suchixtlahuaca,144,176,278,340,465,465,177,216,462,591,272,542,364,544
20130,San Dionisio del Mar,437,499,585,948,611,1055,1070,185,946,958,206,562,141,938
20131,San Dionisio Ocotepec,1532,3902,298,3621,3084,4394,2460,4423,4467,4251,3967,4154,4169,3864
20132,San Dionisio Ocotlán,163,737,908,726,699,725,223,709,714,711,500,685,560,559
20133,San Esteban Atatlahuca,1044,1099,1000,1106,1112,1115,39,859,1129,1107,867,1130,1145,1089
20134,San Felipe Jalapa de Díaz,10499,13231,12357,11787,12079,12505,12400,11480,11776,12551,12094,13185,12490,12299
20135,San Felipe Tejalápam,574,1476,686,1377,1425,1415,1236,1295,1356,1327,993,1211,844,983
20136,San Felipe Usila,8166,9806,9440,9261,10509,9476,9413,8284,8592,8438,8310,8283,8021,8048
20137,San Francisco Cahuacuá,1115,1428,1328,1294,1344,1526,1360,1489,1390,1735,1675,1745,1746,1751
20138,San Francisco Cajonos,123,131,131,132,133,132,131,131,132,135,134,136,137,136
20139,San Francisco Chapulapa,510,1032,654,779,832,1030,965,1026,1017,1021,821,809,836,811
20140,San Francisco Chindúa,602,525,809,935,997,995,1048,982,1066,996,802,812,768,778
20141,San Francisco del Mar,2103,2168,1868,3313,2712,3680,3773,1081,3210,3226,2395,2976,1647,2995
20142,San Francisco Huehuetlán,485,486,482,342,346,443,514,511,511,511,518,529,541,532
20143,San Francisco Ixhuatán,2897,3343,4968,5930,5774,5644,5158,3657,5973,6226,5817,5824,5210,5978
20144,San Francisco Jaltepetongo,474,479,639,538,778,788,669,433,715,665,631,545,221,524
20145,San Francisco Lachigoló,210,370,440,342,258,426,106,430,436,427,404,450,444,435
20146,San Francisco Logueche,20,7,30,172,428,492,338,843,843,443,306,267,344,344
20147,San Francisco Nuxaño,242,211,170,215,300,303,305,108,405,404,403,391,388,395
20148,San Francisco Ozolotepec,500,718,807,720,712,730,553,612,610,696,578,645,655,657
20149,San Francisco Sola,471,615,492,649,674,669,399,755,718,484,447,480,495,444
20150,San Francisco Telixtlahuaca,229,1325,1608,1209,1468,1223,324,821,873,844,583,605,650,629
20151,San Francisco Teopan,326,102,134,159,420,413,209,210,409,409,47,365,360,354
20152,San Francisco Tlapancingo,587,586,100,149,645,1009,382,648,350,653,594,512,441,392
20153,San Gabriel Mixtepec,4093,4093,3743,3751,3925,4152,3972,4427,4413,4414,5060,5135,4489,4093
20154,San Ildefonso Amatlán,204,155,800,584,795,785,361,744,744,728,511,735,737,738
20155,San Ildefonso Sola,277,428,339,397,381,401,358,426,417,358,336,356,363,343
20156,San Ildefonso Villa Alta,1438,1486,1491,1504,1418,1511,1510,1511,1511,1514,1773,1773,1657,1636
20157,San Jacinto Amilpas,120,140,141,102,107,128,77,128,128,82,40,47,36,31
20158,San Jacinto Tlacotepec,1028,1178,1213,1114,1127,1156,817,1127,1097,908,865,909,929,1118
20159,San Jerónimo Coatlán,1279,741,1563,1178,2123,2210,1297,2212,2212,2417,2459,2690,2760,2715
20160,San Jerónimo Silacayoapilla,166,383,300,270,333,332,162,331,186,336,330,228,192,304
20161,San Jerónimo Sosola,72,1033,40,315,2530,2530,793,2145,2166,2055,805,1330,1690,1409
20162,San Jerónimo Taviche,139,660,1149,279,680,681,408,683,686,680,360,519,323,442
20163,San Jerónimo Tecóatl,332,643,642,567,567,600,623,671,625,636,633,609,574,667
20164,San Jorge Nuchita,507,550,249,117,429,432,224,464,341,461,389,257,407,410
20165,San José Ayuquila,925,913,635,358,677,677,494,708,400,720,698,537,426,416
20166,San José Chiltepec,7031,12303,12961,12878,12326,12933,13117,13048,12861,12148,12555,12671,12450,12615
20167,San José del Peñasco,123,351,365,568,981,1089,339,1087,1087,1019,1039,1037,1040,907
20168,San José Estancia Grande,1295,1250,1147,1090,1230,1230,1270,1270,1274,1271,1350,1472,1510,1516
20169,San José Independencia,912,862,961,889,835,967,966,942,908,947,881,982,990,978
20170,San José Lachiguiri,7,54,206,206,228,337,40,285,285,284,190,88,265,305
20171,San José Tenango,17894,17537,16145,17200,16633,16808,16241,16297,11321,10344,9832,9855,6783,8473
20172,San Juan Achiutla,149,195,214,122,208,214,219,196,221,222,222,224,229,258
20173,San Juan Atepec,256,235,203,265,263,263,262,265,263,255,261,265,263,262
20174,Ánimas Trujano,721,648,657,303,529,701,747,623,430,632,371,352,172,171
20175,San Juan Bautista Atatlahuca,401,694,499,815,1063,993,728,947,946,808,533,706,659,548
20176,San Juan Bautista Coixtlahuaca,1304,248,770,1112,1636,1652,390,820,1643,1559,519,1500,1409,1510
20177,San Juan Bautista Cuicatlán,3448,3417,2857,3387,3386,3406,2682,3384,3234,2071,2058,1907,1521,2022
20178,San Juan Bautista Guelache,175,944,770,837,602,601,484,495,495,447,360,430,398,367
20179,San Juan Bautista Jayacatlán,377,819,909,976,732,730,600,731,729,616,487,572,540,364
20180,San Juan Bautista Lo de Soto,1292,1359,1201,1162,1257,1257,1257,1258,1209,1248,1375,1429,1514,1658
20181,San Juan Bautista Suchitepec,312,423,92,150,178,175,113,188,126,188,241,156,146,147
20182,San Juan Bautista Tlacoatzintepec,1034,1684,1473,1659,1683,1697,1620,1704,1675,1675,1479,1487,1484,1497
20183,San Juan Bautista Tlachichilco,405,403,176,212,221,219,109,295,79,296,260,287,251,246
20184,San Juan Bautista Tuxtepec,28928,66153,67341,65644,64982,66070,65549,65521,64425,66561,67393,69588,68850,69465
20185,San Juan Cacahuatepec,2968,3041,2105,2005,2202,2197,2197,2222,2229,2280,2384,2358,2123,2666
20186,San Juan Cieneguilla,81,250,190,400,360,350,141,356,178,359,354,289,240,235
20187,San Juan Coatzóspam,3151,2270,2222,2147,2055,2175,2048,1981,1965,2040,1836,1846,1629,1863
20188,San Juan Colorado,1842,1892,1981,1981,1975,1970,1960,2095,2097,2141,2134,1453,2008,2390
20189,San Juan Comaltepec,1448,3242,3265,3160,3180,3219,3228,3189,3283,3263,3223,3277,3422,3346
20190,San Juan Cotzocón,11736,24390,24200,36963,38021,37897,37917,39775,44129,45739,45707,46314,47619,48104
20191,San Juan Chicomezúchil,190,184,160,200,206,206,203,200,201,204,206,203,201,198
20192,San Juan Chilateca,203,1192,703,692,1267,1005,395,985,988,964,658,498,451,415
20193,San Juan del Estado,442,881,1058,754,708,710,507,709,711,692,379,660,601,411
20194,San Juan del Río,280,207,551,336,463,769,380,860,814,644,237,514,582,549
20195,San Juan Diuxi,197,221,190,210,310,311,298,40,282,322,331,323,324,333
20196,San Juan Evangelista Analco,77,47,77,77,87,87,86,77,87,89,87,93,83,83
20197,San Juan Guelavía,86,95,70,270,200,243,175,164,279,402,422,503,502,492
20198,San Juan Guichicovi,16072,16381,24428,21238,21345,20863,20808,23293,23135,26039,27995,27482,27384,27620
20199,San Juan Ihualtepec,207,206,11,320,298,298,120,320,160,320,321,293,255,240
20200,San Juan Juquila Mixes,1360,1350,1360,1335,1335,1335,1335,1335,1335,1332,1463,1469,1352,1337
20201,San Juan Juquila Vijanos,674,680,575,700,700,701,701,701,701,691,725,727,723,714
20202,San Juan Lachao,3379,3789,3684,3684,3551,3845,3845,3562,3552,3560,3994,4044,3386,2989
20203,San Juan Lachigalla,213,501,370,404,471,589,104,623,622,600,589,499,588,589
20204,San Juan Lajarcia,521,130,665,581,610,715,778,740,723,740,735,684,717,696
20205,San Juan Lalana,5935,14233,14197,14221,12926,14231,14240,14019,14224,14481,14514,14406,14307,14296
20206,San Juan de los Cués,697,709,661,667,646,614,677,724,740,658,624,612,642,659
20207,San Juan Mazatlán,12591,12338,20208,16864,16954,16767,17006,19262,22768,30395,41990,41916,42640,42045
20208,San Juan Mixtepec,3719,2515,2311,3106,3088,5245,5246,4238,5258,5200,4411,5239,5036,5222
20209,San Juan Mixtepec,22,159,602,198,190,200,48,360,360,320,325,322,326,335
20210,San Juan Ñumí,2035,2438,2274,2502,2650,2776,2827,2486,2826,2796,2085,2705,2739,2858
20211,San Juan Ozolotepec,825,923,982,948,947,955,636,955,955,963,853,935,924,873
20212,San Juan Petlapa,1044,1126,1134,1000,1029,1131,1119,1108,1153,2022,1944,1974,2036,2049
20213,San Juan Quiahije,1220,1220,1220,1220,975,1200,1305,986,986,990,1038,1083,1000,900
20214,San Juan Quiotepec,379,379,258,384,388,388,388,379,388,391,388,390,385,387
20215,San Juan Sayultepec,888,839,1142,1302,1419,1412,1491,625,1423,1404,872,1311,1264,1282
20216,San Juan Tabaá,189,207,187,203,198,214,214,214,214,214,271,283,257,265
20217,San Juan Tamazola,2256,1556,1405,1930,2280,953,1659,2177,2141,2155,2231,1372,1010,2236
20218,San Juan Teita,236,311,210,104,260,262,261,237,273,272,270,270,272,277
20219,San Juan Teitipac,216,214,575,457,354,530,139,509,547,486,429,484,484,380
20220,San Juan Tepeuxila,726,844,835,763,691,867,880,872,862,886,878,861,801,876
20221,San Juan Teposcolula,694,248,219,225,879,879,481,314,879,843,266,819,530,726
20222,San Juan Yaeé,498,500,466,506,447,516,513,516,516,518,605,606,586,594
20223,San Juan Yatzona,332,334,304,348,346,351,351,401,401,402,452,422,459,453
20224,San Juan Yucuita,1044,1016,1191,1301,1337,1335,1501,1231,1562,1563,1334,1125,1090,1095
20225,San Lorenzo,1915,1864,2052,2052,2022,2027,2022,1886,1911,1973,1980,1928,2090,2386
20226,San Lorenzo Albarradas,647,356,979,635,895,1429,681,1476,1462,1412,1346,1438,1329,1371
20227,San Lorenzo Cacaotepec,462,664,374,407,1008,1192,1040,713,673,685,481,597,574,622
20228,San Lorenzo Cuaunecuiltitla,126,131,128,88,100,162,144,144,145,148,144,154,152,137
20229,San Lorenzo Texmelúcan,1246,1665,1579,1484,1504,1541,1349,1536,1510,1904,1903,1900,1893,1766
20230,San Lorenzo Victoria,405,407,140,45,278,286,277,304,211,303,299,287,276,270
20231,San Lucas Camotlán,635,630,615,590,590,590,590,590,590,590,1408,1412,1012,1017
20232,San Lucas Ojitlán,11172,22588,22380,21095,20982,22768,21258,21113,22000,22990,22463,21765,20719,20408
20233,San Lucas Quiaviní,199,589,714,577,317,652,146,673,674,464,163,487,387,482
20234,San Lucas Zoquiápam,6964,3843,1240,3005,2997,3915,3740,3689,3221,2929,2826,2838,2513,2825
20235,San Luis Amatlán,97,647,1650,1664,2036,4960,1627,4183,4182,3677,3400,3636,3682,3756
20236,San Marcial Ozolotepec,35,200,215,333,336,455,339,574,574,576,499,549,551,550
20237,San Marcos Arteaga,1065,1071,297,391,635,631,404,783,471,777,774,636,533,478
20238,San Martín de los Cansecos,277,220,286,352,408,407,57,404,405,413,406,292,412,389
20239,San Martín Huamelúlpam,525,530,509,581,603,606,615,540,627,617,628,631,641,635
20240,San Martín Itunyoso,550,632,607,710,687,679,711,606,714,713,470,702,684,717
20241,San Martín Lachilá,446,306,136,201,809,844,153,796,801,816,780,799,788,716
20242,San Martín Peras,1572,1567,540,1100,1104,2794,1792,2001,1201,2024,1946,1542,1375,1250
20243,San Martín Tilcajete,224,1089,1013,915,916,868,574,855,870,845,625,768,737,756
20244,San Martín Toxpalan,1029,1081,1013,1031,1021,982,1001,1074,1006,917,893,878,956,967
20245,San Martín Zacatepec,545,1032,673,48,379,428,120,416,302,413,308,161,250,234
20246,San Mateo Cajonos,124,130,129,129,124,129,129,129,129,132,129,132,131,132
20247,Capulálpam de Méndez,230,215,206,235,251,251,258,235,256,248,251,255,248,251
20248,San Mateo del Mar,401,625,812,78,901,864,798,260,654,890,595,625,466,694
20249,San Mateo Yoloxochitlán,2054,913,913,768,909,931,912,893,889,899,747,750,616,681
20250,San Mateo Etlatongo,393,1092,1343,1477,785,734,696,517,774,752,616,546,477,488
20251,San Mateo Nejápam,255,257,114,388,348,345,139,285,143,280,283,274,243,231
20252,San Mateo Peñasco,555,605,552,380,620,606,645,579,656,646,655,661,655,644
20253,San Mateo Piñas,4604,5492,4604,4592,4510,4460,4460,4468,4469,4480,4655,4665,3240,2859
20254,San Mateo Río Hondo,340,478,509,517,2088,1505,576,929,927,888,866,867,859,780
20255,San Mateo Sindihui,41,853,914,773,1164,1158,1144,625,1127,1131,1135,1117,697,1112
20256,San Mateo Tlapiltepec,190,53,15,90,230,225,107,75,223,223,16,195,200,194
20257,San Melchor Betaza,286,301,299,301,289,304,301,304,304,306,316,319,315,324
20258,San Miguel Achiutla,291,443,277,383,465,458,477,426,487,489,494,493,488,522
20259,San Miguel Ahuehuetitlán,578,575,286,706,706,706,90,475,239,465,474,463,423,418
20260,San Miguel Aloápam,492,302,362,492,461,461,461,492,461,461,462,464,477,469
20261,San Miguel Amatitlán,2873,2503,2136,1515,2469,2474,1036,2679,1476,2688,2662,1093,1127,1775
20262,San Miguel Amatlán,155,105,110,160,180,180,180,160,180,178,180,180,179,186
20263,San Miguel Coatlán,983,896,1355,950,1270,1352,573,1354,1354,1417,1087,1401,1406,1127
20264,San Miguel Chicahua,656,627,750,389,890,895,711,50,890,813,555,707,789,790
20265,San Miguel Chimalapa,6071,7575,8139,8307,7151,5667,6837,5157,5498,5197,3555,4389,4141,4916
20266,San Miguel del Puerto,5112,5368,5132,5121,5098,5050,5050,5054,5058,5115,5865,5857,4364,4127
20267,San Miguel del Río,40,10,25,40,43,43,43,40,43,45,43,42,41,43
20268,San Miguel Ejutla,490,471,749,423,559,506,276,489,487,527,520,538,422,506
20269,San Miguel el Grande,1357,1472,1303,1543,1531,1569,1810,1374,1604,1562,1606,1593,1617,1584
20270,San Miguel Huautla,383,509,494,315,720,725,510,34,707,657,531,409,618,631
20271,San Miguel Mixtepec,1682,762,1742,1379,2332,2350,1264,2209,2216,1867,1485,1342,1422,1164
20272,San Miguel Panixtlahuaca,3408,3382,3345,3645,3360,3695,3782,2963,2940,2887,3138,3155,2554,2214
20273,San Miguel Peras,1688,2706,3216,2077,1997,1749,582,1669,1679,1564,698,1419,1263,994
20274,San Miguel Piedras,178,674,705,770,950,955,957,993,573,932,935,766,920,924
20275,San Miguel Quetzaltepec,2753,2648,2763,2718,2718,2718,2718,2718,2718,2715,3738,3730,3371,3379
20276,San Miguel Santa Flor,210,212,206,214,213,217,225,228,223,229,235,232,293,293
20277,Villa Sola de Vega,3251,6839,5371,5763,5521,5936,4001,6186,5753,5172,4936,5129,5146,5143
20278,San Miguel Soyaltepec,11328,15977,15926,14834,15290,15811,15905,15724,16882,16306,16761,17494,17371,17522
20279,San Miguel Suchixtepec,285,425,477,295,302,300,300,304,305,337,240,338,341,310
20280,Villa Talea de Castro,628,635,619,680,680,680,679,880,880,882,1033,1043,970,965
20281,San Miguel Tecomatlán,138,131,245,304,304,302,310,286,324,315,249,306,302,307
20282,San Miguel Tenango,827,835,840,685,717,834,684,534,660,562,562,457,554,521
20283,San Miguel Tequixtepec,826,146,395,320,850,846,404,406,849,846,297,815,461,818
20284,San Miguel Tilquiápam,219,656,391,236,505,495,231,483,485,464,348,359,253,406
20285,San Miguel Tlacamama,2269,2199,1932,1932,1931,1930,1930,1925,1925,1947,2041,2003,1851,2169
20286,San Miguel Tlacotepec,499,489,326,356,356,357,40,487,287,482,467,415,385,356
20287,San Miguel Tulancingo,148,101,32,106,193,195,89,79,192,190,52,170,175,177
20288,San Miguel Yotao,74,254,234,254,264,264,264,254,264,264,264,266,265,272
20289,San Nicolás,47,109,240,393,579,662,188,671,671,602,605,603,600,603
20290,San Nicolás Hidalgo,252,257,247,82,262,217,124,237,190,281,265,432,239,229
20291,San Pablo Coatlán,1586,1225,1649,1721,1877,2003,1162,2016,2003,2288,1973,2232,2210,2029
20292,San Pablo Cuatro Venados,244,996,995,766,952,950,565,950,960,930,615,901,811,565
20293,San Pablo Etla,593,639,592,502,633,361,278,628,628,599,386,550,523,477
20294,San Pablo Huitzo,656,1383,1638,1011,1111,942,465,648,797,765,644,526,632,565
20295,San Pablo Huixtepec,3575,3800,2763,3078,4352,3992,3480,3095,3034,3071,2226,2078,2201,2220
20296,San Pablo Macuiltianguis,164,54,113,164,173,173,173,164,173,168,173,145,180,181
20297,San Pablo Tijaltepec,219,1060,982,1200,1204,1203,421,1102,1225,1224,1235,1233,1210,1243
20298,San Pablo Villa de Mitla,367,578,1472,1192,1532,1467,234,1428,1468,1490,1334,1527,1399,1528
20299,San Pablo Yaganiza,130,245,245,134,136,138,136,136,136,136,139,136,133,136
20300,San Pedro Amuzgos,1206,968,834,851,978,978,987,854,984,984,1004,1002,1004,1057
20301,San Pedro Apóstol,266,1026,1578,504,835,925,361,931,954,911,711,853,671,803
20302,San Pedro Atoyac,1090,1181,1349,1360,1355,1350,1356,1505,1518,1619,1617,1344,1559,1935
20303,San Pedro Cajonos,90,92,93,93,93,93,93,93,93,93,93,94,98,92
20304,San Pedro Coxcaltepec Cántaros,444,447,420,240,620,624,501,18,627,577,448,375,457,566
20305,San Pedro Comitancillo,1698,1535,2125,1370,2102,1961,2470,1278,1741,1936,1803,1547,1216,1793
20306,San Pedro el Alto,1420,1420,1420,1420,1385,1380,1380,1005,1006,962,1128,1108,878,860
20307,San Pedro Huamelula,1648,2266,2466,1307,2346,2432,2287,1228,2229,2734,2607,2045,2507,2451
20308,San Pedro Huilotepec,565,900,876,683,1110,968,1202,717,956,1043,1021,907,779,1022
20309,San Pedro Ixcatlán,4303,4281,4027,3936,3936,4458,4440,4116,4230,4685,4695,6188,5863,5723
20310,San Pedro Ixtlahuaca,872,1111,1188,579,1089,1063,580,1038,1071,1050,741,891,839,792
20311,San Pedro Jaltepetongo,240,242,215,211,242,254,96,246,238,234,236,80,132,225
20312,San Pedro Jicayán,2185,1658,1802,1802,1752,1757,1754,1733,1746,1743,1735,1630,1381,1956
20313,San Pedro Jocotipac,286,285,263,294,279,291,92,281,283,282,282,61,77,279
20314,San Pedro Juchatengo,830,630,570,570,580,771,766,828,832,840,760,853,852,825
20315,San Pedro Mártir,271,806,1242,416,684,753,418,744,742,741,633,695,652,600
20316,San Pedro Mártir Quiechapa,514,53,477,82,135,535,535,501,476,478,471,470,479,467
20317,San Pedro Mártir Yucuxaco,240,471,462,518,518,525,526,449,527,518,527,523,520,520
20318,San Pedro Mixtepec,8363,11783,11711,9517,12356,12192,13751,14198,14008,13662,13556,13588,13676,13594
20319,San Pedro Mixtepec,162,271,401,261,300,320,115,322,343,289,287,292,296,281
20320,San Pedro Molinos,429,306,248,127,272,352,362,323,369,370,364,361,367,366
20321,San Pedro Nopala,235,68,227,170,330,326,157,120,329,329,106,247,160,275
20322,San Pedro Ocopetatillo,560,414,412,350,344,398,420,413,525,525,530,538,448,543
20323,San Pedro Ocotepec,953,938,943,973,973,973,973,973,973,973,1198,1200,1104,1117
20324,San Pedro Pochutla,5762,5742,5797,5792,5505,5670,6290,7131,7129,7195,8510,7867,6452,6388
20325,San Pedro Quiatoni,817,507,440,214,2366,2217,582,2115,1991,2112,1092,1994,2089,2090
20326,San Pedro Sochiápam,4332,2746,2648,2676,2387,2767,2743,2748,2731,2747,2730,2741,2313,2746
20327,San Pedro Tapanatepec,8966,8792,22605,24741,24344,24244,24194,21453,24537,25130,24479,25264,25217,25758
20328,San Pedro Taviche,147,637,1100,477,671,651,248,654,656,637,417,571,470,488
20329,San Pedro Teozacoalco,27,561,687,372,992,997,997,1027,1051,1057,1051,1057,1043,1044
20330,San Pedro Teutila,1420,1378,1301,1143,1097,1410,1390,1358,1427,1435,1433,1440,1438,1433
20331,San Pedro Tidaá,191,153,540,600,342,345,347,150,395,381,384,373,277,285
20332,San Pedro Topiltepec,356,174,32,104,398,399,199,162,397,399,86,367,371,366
20333,San Pedro Totolápam,953,233,1028,980,721,1039,302,1059,1086,1014,949,997,1015,980
20334,Villa de Tututepec,25875,27810,27694,26294,27770,26494,27275,27758,27476,27879,27596,27659,27840,28392
20335,San Pedro Yaneri,504,496,373,524,507,507,506,507,507,505,513,505,514,502
20336,San Pedro Yólox,476,406,440,546,535,535,534,546,535,537,535,533,535,538
20337,San Pedro y San Pablo Ayutla,972,967,972,982,962,972,972,972,972,975,985,951,963,965
20338,Villa de Etla,627,536,424,307,170,170,159,128,128,121,92,106,94,108
20339,San Pedro y San Pablo Teposcolula,449,209,423,756,1236,1227,660,266,1232,1200,321,1131,884,1129
20340,San Pedro y San Pablo Tequixtepec,608,787,270,118,947,942,823,505,326,501,501,484,464,448
20341,San Pedro Yucunama,107,73,46,53,142,145,76,63,140,143,42,125,131,126
20342,San Raymundo Jalpan,936,336,273,363,329,432,218,300,301,282,176,240,201,226
20343,San Sebastián Abasolo,352,326,272,368,293,402,329,382,452,443,404,443,438,434
20344,San Sebastián Coatlán,1513,1175,1647,1303,1523,1917,1246,1927,1925,1916,1852,2017,2017,1823
20345,San Sebastián Ixcapa,1512,1492,1190,1090,1290,1290,1290,1292,1292,1314,1404,1284,1392,1559
20346,San Sebastián Nicananduta,653,53,117,448,768,662,338,326,662,659,215,540,469,529
20347,San Sebastián Río Hondo,290,580,463,447,521,548,554,556,555,881,877,883,871,869
20348,San Sebastián Tecomaxtlahuaca,2621,2561,1840,2100,2377,3293,2400,3292,1793,3364,3218,2703,2527,2385
20349,San Sebastián Teitipac,258,88,500,393,365,523,131,491,519,529,537,561,562,560
20350,San Sebastián Tutla,84,128,132,69,116,112,52,114,114,95,44,73,56,77
20351,San Simón Almolongas,65,130,233,447,488,575,135,579,579,569,558,444,442,559
20352,San Simón Zahuatlán,610,600,381,177,463,427,199,438,244,442,434,88,314,276
20353,Santa Ana,310,269,471,452,661,731,201,734,712,738,740,728,742,862
20354,Santa Ana Ateixtlahuaca,160,291,282,288,312,332,301,283,276,281,287,295,285,285
20355,Santa Ana Cuauhtémoc,137,226,233,176,204,233,228,231,228,234,235,242,244,245
20356,Santa Ana del Valle,77,46,443,372,100,506,78,504,503,456,433,462,462,458
20357,Santa Ana Tavela,483,167,400,455,652,680,619,578,674,636,631,584,605,697
20358,Santa Ana Tlapacoyan,953,1821,980,1182,1851,2007,1094,1626,1293,1640,1381,1520,1365,1409
20359,Santa Ana Yareni,99,36,110,82,110,102,102,99,102,101,102,95,100,102
20360,Santa Ana Zegache,1856,1516,403,1563,2083,2050,627,2028,1958,1991,1623,1952,1583,1730
20361,Santa Catalina Quierí,328,4,285,4,43,323,202,390,332,334,332,287,303,298
20362,Santa Catarina Cuixtla,166,156,433,381,485,497,252,622,622,471,424,479,459,425
20363,Santa Catarina Ixtepeji,563,510,499,574,572,572,574,574,572,573,573,564,571,556
20364,Santa Catarina Juquila,7272,10553,10915,10925,10541,11560,11880,10467,10456,10471,10934,10402,10131,9735
20365,Santa Catarina Lachatao,610,572,612,611,606,596,596,611,596,592,596,592,591,495
20366,Santa Catarina Loxicha,1143,1199,1199,1199,1175,1150,1150,840,844,810,952,940,780,755
20367,Santa Catarina Mechoacán,1328,1379,1409,1309,1454,1439,1434,1471,1480,1479,1556,1409,1683,1740
20368,Santa Catarina Minas,150,431,413,194,424,430,261,441,452,439,234,383,368,386
20369,Santa Catarina Quiané,993,784,470,805,1183,1175,282,811,1006,1095,899,1049,976,882
20370,Santa Catarina Tayata,191,282,370,352,353,348,360,307,336,336,338,335,312,373
20371,Santa Catarina Ticuá,284,306,341,310,311,305,336,283,328,328,319,446,317,324
20372,Santa Catarina Yosonotú,1047,763,790,850,843,912,916,790,920,921,911,926,902,929
20373,Santa Catarina Zapoquila,102,193,36,0,187,252,110,127,79,125,122,182,113,103
20374,Santa Cruz Acatepec,559,435,432,424,457,477,459,438,436,442,434,441,376,429
20375,Santa Cruz Amilpas,58,94,72,23,60,60,190,94,95,92,28,34,25,24
20376,Santa Cruz de Bravo,12,46,28,0,47,47,20,70,35,69,71,66,65,55
20377,Santa Cruz Itundujia,1571,2299,2306,2281,2360,2435,2411,2278,2422,2420,2430,2439,2417,2433
20378,Santa Cruz Mixtepec,1339,2006,1301,1715,2652,2060,1017,1580,1685,1645,1546,1601,1358,1095
20379,Santa Cruz Nundaco,338,572,623,637,635,633,499,525,641,642,602,637,637,654
20380,Santa Cruz Papalutla,267,42,376,450,267,472,248,430,487,528,505,546,548,556
20381,Santa Cruz Tacache de Mina,708,946,260,246,650,651,424,737,560,751,658,406,517,404
20382,Santa Cruz Tacahua,240,381,420,420,408,408,419,326,424,424,418,420,420,438
20383,Santa Cruz Tayata,160,520,325,547,528,533,546,453,548,549,542,411,543,549
20384,Santa Cruz Xitla,250,241,424,665,754,761,180,764,764,796,774,684,774,836
20385,Santa Cruz Xoxocotlán,451,415,389,246,447,439,293,438,438,425,326,374,298,314
20386,Santa Cruz Zenzontepec,3683,5265,980,5040,5023,5115,4155,5101,5167,5381,5092,5384,5390,5297
20387,Santa Gertrudis,2512,2699,1864,2890,2643,3788,3352,3282,3035,3504,3033,2815,2604,2482
20388,Santa Inés del Monte,404,1040,651,1110,1415,1426,378,1298,1297,1235,903,1117,999,738
20389,Santa Inés Yatzeche,417,442,365,359,456,549,379,271,117,338,348,216,190,198
20390,Santa Lucía del Camino,86,52,46,22,43,40,10,40,40,40,10,34,25,28
20391,Santa Lucía Miahuatlán,57,110,420,320,460,470,97,470,470,428,373,445,439,460
20392,Santa Lucía Monteverde,2338,3124,3839,4865,4936,4934,4941,4150,4935,4937,4985,4979,5031,4797
20393,Santa Lucía Ocotlán,941,1052,791,966,1107,1113,325,1130,1130,1127,709,1025,614,926
20394,Santa María Alotepec,1898,1943,1978,1963,1963,1963,1963,1963,1963,1963,2767,2756,2413,2429
20395,Santa María Apazco,715,728,715,651,991,419,858,67,953,859,650,352,372,889
20396,Santa María la Asunción,1247,1657,1652,1570,1676,1700,1550,1521,744,748,742,752,673,720
20397,Heroica Ciudad de Tlaxiaco,2440,2470,2380,2522,2539,2563,2590,1895,2707,2608,2280,2683,2701,2663
20398,Ayoquezco de Aldama,1804,1815,1749,1371,2503,2708,1032,2282,2419,2560,1677,1381,1045,1959
20399,Santa María Atzompa,506,416,406,427,596,621,369,605,605,593,516,551,455,503
20400,Santa María Camotlán,227,322,165,233,260,261,203,324,261,321,321,290,293,271
20401,Santa María Colotepec,9016,9971,10329,6701,10261,9723,10431,11381,11513,11410,11325,11428,11068,11193
20402,Santa María Cortijo,1240,1073,1080,1012,1177,1167,1177,1104,1200,1162,1401,1339,1804,1933
20403,Santa María Coyotepec,95,172,111,86,219,221,197,226,152,169,138,193,144,161
20404,Santa María Chachoápam,949,939,1091,1261,1289,1276,1340,949,1431,1389,1140,1372,1363,1362
20405,Villa de Chilapa de Díaz,285,40,49,143,271,279,149,118,275,276,154,278,267,256
20406,Santa María Chilchotla,11434,14627,11999,14593,13540,14286,13885,13852,8663,8179,8157,8166,6791,7999
20407,Santa María Chimalapa,5414,5685,9306,7570,6820,6670,6720,6787,7737,7887,11687,11685,11688,11690
20408,Santa María del Rosario,142,182,186,195,201,205,207,184,211,211,209,209,214,211
20409,Santa María del Tule,73,495,534,223,575,632,426,539,524,606,442,581,518,523
20410,Santa María Ecatepec,1308,585,1355,707,871,1608,1526,1469,1545,1559,1570,1383,1515,1498
20411,Santa María Guelacé,112,178,177,138,111,153,96,174,166,272,247,297,295,294
20412,Santa María Guienagati,1224,1912,4665,3211,4094,3881,4276,4075,4451,4486,3680,3820,3828,4158
20413,Santa María Huatulco,5363,5308,5389,5338,5330,5355,5010,5402,5464,5470,5282,4571,4468,4665
20414,Santa María Huazolotitlán,7312,7040,6543,6757,7272,7255,7090,7110,7243,6977,6575,6425,6921,7250
20415,Santa María Ipalapa,2020,2012,1938,1844,2124,2316,2291,1990,2300,2299,2379,2385,2447,2397
20416,Santa María Ixcatlán,146,146,139,149,156,146,90,167,165,172,169,70,159,161
20417,Santa María Jacatepec,8035,11604,11016,10441,11603,10883,10786,10564,11799,12076,12342,12434,12596,12545
20418,Santa María Jalapa del Marqués,2618,2718,2878,1939,2225,2300,1960,1426,2102,2532,2308,2180,1901,2507
20419,Santa María Jaltianguis,129,98,108,129,127,127,126,129,127,126,127,132,126,130
20420,Santa María Lachixío,254,795,803,765,772,784,376,844,844,558,457,492,547,527
20421,Santa María Mixtequilla,1331,1973,1827,1937,2141,791,1419,1017,869,924,902,813,591,838
20422,Santa María Nativitas,354,56,152,270,420,420,221,220,425,424,36,401,413,400
20423,Santa María Nduayaco,499,53,18,119,357,352,183,111,354,352,93,351,357,356
20424,Santa María Ozolotepec,1125,1469,1472,1457,1432,1465,1062,1466,1466,1470,1568,1878,1882,1886
20425,Santa María Pápalo,847,792,581,464,561,800,805,796,790,799,792,800,799,807
20426,Santa María Peñoles,467,2753,3370,2832,3532,3244,2404,3051,3047,2896,1703,2628,2408,1740
20427,Santa María Petapa,1335,1345,2841,2695,3258,3180,3480,3475,3648,3785,3887,3459,3462,3818
20428,Santa María Quiegolani,665,308,715,419,493,858,845,829,783,780,785,800,834,823
20429,Santa María Sola,617,1508,1953,1652,1739,2006,1434,1947,1745,999,948,961,979,980
20430,Santa María Tataltepec,128,200,300,223,215,214,225,191,226,228,227,225,220,239
20431,Santa María Tecomavaca,658,651,627,614,571,598,666,688,713,643,613,561,594,577
20432,Santa María Temaxcalapa,359,253,244,363,366,365,365,465,465,467,530,530,522,518
20433,Santa María Temaxcaltepec,1039,1039,1008,1008,865,1109,1115,999,996,1049,1162,1247,1078,951
20434,Santa María Teopoxco,911,933,925,622,646,816,922,919,926,924,933,948,996,1029
20435,Santa María Tepantlali,450,439,439,465,465,465,465,565,565,565,685,679,680,686
20436,Santa María Texcatitlán,189,205,191,208,211,211,155,96,199,205,207,126,133,215
20437,Santa María Tlahuitoltepec,982,947,1224,1431,1411,1411,1441,1441,1442,1438,1456,1462,1458,1469
20438,Santa María Tlalixtac,217,329,275,327,333,333,431,1255,336,340,333,345,359,364
20439,Santa María Tonameca,12458,12680,11512,10125,11775,11721,12369,12455,12312,12312,12270,11920,11514,11988
20440,Santa María Totolapilla,262,500,625,419,679,463,490,582,515,530,475,338,250,422
20441,Santa María Xadani,1551,1102,1484,1374,1007,1551,1660,769,1634,1684,1665,1417,1055,1430
20442,Santa María Yalina,38,43,35,43,43,43,43,43,43,43,43,42,43,42
20443,Santa María Yavesía,90,101,118,90,96,96,96,90,96,93,96,98,107,117
20444,Santa María Yolotepec,115,167,180,200,196,195,203,174,205,204,207,207,211,217
20445,Santa María Yosoyúa,316,424,545,482,436,881,901,702,913,896,630,900,873,893
20446,Santa María Yucuhiti,2321,2550,2660,2740,2490,2485,2618,2241,2625,2626,2419,1918,1899,1664
20447,Santa María Zacatepec,3398,4385,3886,4563,4560,4570,4445,4034,4485,4477,4939,5128,5154,5109
20448,Santa María Zaniza,483,603,742,719,738,703,619,735,728,742,737,773,791,772
20449,Santa María Zoquitlán,782,795,1838,1987,1577,2074,1285,1951,2138,1735,1136,1654,1712,1660
20450,Santiago Amoltepec,1805,995,1105,1078,1095,1120,603,1245,1245,2070,2205,2199,2202,2197
20451,Santiago Apoala,659,570,699,339,854,854,656,237,799,754,593,212,763,776
20452,Santiago Apóstol,218,1096,1153,790,1839,1888,857,1900,1900,1885,1543,1742,1645,1596
20453,Santiago Astata,943,878,1097,829,913,716,305,518,301,323,134,328,248,327
20454,Santiago Atitlán,1225,1275,1245,1355,1355,1355,1356,1355,1355,1355,1734,1730,1565,1553
20455,Santiago Ayuquililla,593,586,473,294,565,567,268,572,328,563,562,430,377,371
20456,Santiago Cacaloxtepec,177,180,7,49,174,174,77,177,94,176,175,164,153,131
20457,Santiago Camotlán,549,521,447,542,538,538,541,2070,2070,2075,2242,2233,2144,2125
20458,Santiago Comaltepec,1981,2063,1834,2055,2052,2070,2068,547,538,540,538,529,538,535
20459,Santiago Chazumba,928,1639,666,540,1756,1754,813,1769,1352,1821,1513,1530,1431,1177
20460,Santiago Choápam,2241,4112,4109,2787,3713,4020,4020,3831,3891,4274,4344,4202,4076,4141
20461,Santiago del Río,437,437,138,128,379,377,219,431,300,438,420,402,354,333
20462,Santiago Huajolotitlán,1194,1205,412,850,1003,1013,386,1231,786,1246,1206,856,796,471
20463,Santiago Huauclilla,637,544,665,545,825,834,828,320,805,761,573,613,796,800
20464,Santiago Ihuitlán Plumas,409,216,146,231,549,611,299,307,567,568,135,541,552,544
20465,Santiago Ixcuintepec,1075,1120,1142,1233,2807,1088,1360,1197,1303,1370,1334,1110,1060,1091
20466,Santiago Ixtayutla,3000,3363,3457,3498,3465,3450,3430,3745,3708,3775,3829,4207,4034,4582
20467,Santiago Jamiltepec,17915,18542,17887,17054,18866,18828,18800,19948,20037,19334,17595,17530,18044,19094
20468,Santiago Jocotepec,6263,8931,8434,8052,8442,8790,8797,9626,9749,10290,10320,10024,10016,9904
20469,Santiago Juxtlahuaca,3720,3716,1299,3826,3842,3855,3250,4089,2404,4091,3688,3517,3319,3309
20470,Santiago Lachiguiri,7551,7014,8310,8208,7707,7971,8283,7877,7081,6640,6443,5027,5587,5091
20471,Santiago Lalopa,154,154,145,155,155,156,157,156,156,155,163,169,166,167
20472,Santiago Laollaga,1052,1241,1903,1854,1981,2122,1809,1980,1924,2171,1917,2094,1867,2076
20473,Santiago Laxopa,272,131,273,274,258,268,268,274,268,266,268,267,266,278
20474,Santiago Llano Grande,2099,2389,2004,1854,2154,2146,2127,2152,2155,2160,2404,2242,2211,2448
20475,Santiago Matatlán,1196,292,987,1078,1529,1367,120,1229,1369,1437,892,1291,1370,1444
20476,Santiago Miltepec,78,123,43,88,101,101,76,113,88,111,104,91,91,79
20477,Santiago Minas,746,1098,1109,1041,1082,1099,581,1122,1104,831,813,840,830,831
20478,Santiago Nacaltepec,1355,1493,1079,1403,1030,1049,696,1418,1515,1539,1532,1402,712,1536
20479,Santiago Nejapilla,133,68,94,50,123,129,70,69,126,128,40,115,119,117
20480,Santiago Nundiche,382,428,384,465,452,799,808,605,810,810,814,806,800,799
20481,Santiago Nuyoó,2333,2419,2525,2525,2490,2480,2511,2250,2523,2524,2376,2362,2367,2287
20482,Santiago Pinotepa Nacional,18775,18255,17366,17425,18040,17997,15790,17452,17916,17383,16653,17076,16864,17345
20483,Santiago Suchilquitongo,749,1796,1863,1063,1201,1066,467,837,817,864,660,700,754,705
20484,Santiago Tamazola,364,1024,107,375,1240,1238,411,1173,607,1161,1167,632,873,852
20485,Santiago Tapextla,2150,2040,1615,1609,1879,1877,1877,1877,1843,1905,2035,2041,1968,2296
20486,Villa Tejúpam de la Unión,1191,482,903,493,1973,1980,426,793,1982,1979,785,1884,1611,1701
20487,Santiago Tenango,112,562,855,506,836,736,131,715,715,702,510,649,573,335
20488,Santiago Tepetlapa,121,75,41,40,135,138,74,88,141,140,11,134,121,121
20489,Santiago Tetepec,2093,2097,2050,2070,1990,1995,1995,2223,2238,2232,2286,2315,2290,2431
20490,Santiago Texcalcingo,771,817,809,765,518,667,793,790,792,805,817,824,872,878
20491,Santiago Textitlán,1018,956,1058,992,1041,1059,748,1093,1077,1123,1135,1137,1139,1139
20492,Santiago Tilantongo,1363,999,1060,320,1500,584,1528,1345,1237,1426,1431,1419,827,1463
20493,Santiago Tillo,985,895,982,1240,1239,1238,1246,894,1367,1336,873,1252,1265,1273
20494,Santiago Tlazoyaltepec,53,1025,2095,1244,1309,1323,1084,1324,1325,1310,779,1195,1118,867
20495,Santiago Xanica,770,1003,1035,1755,1735,1776,1486,1755,1776,1788,2189,2678,2677,2630
20496,Santiago Xiacuí,381,197,358,385,392,394,393,387,394,392,394,373,385,367
20497,Santiago Yaitepec,1112,1112,1112,1112,900,1188,1188,1540,1539,1542,1675,1682,1400,1237
20498,Santiago Yaveo,9801,19211,19778,19239,19468,19583,20064,21872,23923,25543,25420,29832,31018,31639
20499,Santiago Yolomécatl,257,66,86,145,350,348,186,120,350,346,142,338,294,328
20500,Santiago Yosondúa,2050,1951,1497,1855,1723,2219,2319,1111,2339,2340,2316,2360,2446,2366
20501,Santiago Yucuyachi,62,170,14,0,186,186,91,225,120,227,223,213,209,188
20502,Santiago Zacatepec,3117,3122,3087,3056,3056,3056,3056,3056,3056,3058,3056,3049,2644,2666
20503,Santiago Zoochila,40,49,48,90,52,53,51,51,53,55,57,66,55,53
20504,Nuevo Zoquiápam,260,244,187,267,274,274,273,267,274,279,278,281,281,301
20505,Santo Domingo Ingenio,4947,5852,5231,4954,3483,5131,5315,3440,6250,5607,5843,5407,1327,5387
20506,Santo Domingo Albarradas,334,318,306,117,299,478,108,470,506,495,435,490,490,420
20507,Santo Domingo Armenta,1515,1685,1645,1437,1875,1877,1877,1878,1890,1978,2103,2344,1789,2392
20508,Santo Domingo Chihuitán,922,1650,2546,1770,1863,1962,1921,1888,1967,2054,1879,1746,1451,1885
20509,Santo Domingo de Morelos,5520,4960,4960,4280,5430,5455,5205,5513,5499,5476,5408,5085,5615,5265
20510,Santo Domingo Ixcatlán,202,175,182,192,180,177,194,146,196,191,196,199,205,206
20511,Santo Domingo Nuxaá,1463,1154,1247,1450,1700,1117,1202,1302,1720,1720,1721,1325,1253,1759
20512,Santo Domingo Ozolotepec,230,300,280,209,225,290,293,292,292,287,221,289,296,292
20513,Santo Domingo Petapa,6433,6506,8407,8231,8545,7526,8064,8063,6393,6683,6855,6451,6742,6589
20514,Santo Domingo Roayaga,382,384,385,345,385,386,387,386,386,386,386,384,380,373
20515,Santo Domingo Tehuantepec,9529,9187,10593,8046,7800,7744,9648,8142,8461,9010,7744,7105,5858,7838
20516,Santo Domingo Teojomulco,873,1151,1164,1125,1171,1199,978,1250,1251,1216,1220,1210,1213,1187
20517,Santo Domingo Tepuxtepec,775,966,826,820,820,820,820,815,820,820,820,819,818,802
20518,Santo Domingo Tlatayápam,59,53,77,27,89,90,43,43,97,97,11,90,94,89
20519,Santo Domingo Tomaltepec,131,285,294,233,277,346,247,345,346,337,263,290,252,201
20520,Santo Domingo Tonalá,1794,2090,1078,206,1474,1515,681,1743,1306,1812,1733,1383,1517,1520
20521,Santo Domingo Tonaltepec,142,51,99,29,156,156,76,83,158,158,17,143,144,140
20522,Santo Domingo Xagacía,190,185,170,185,190,188,188,189,190,190,192,196,189,192
20523,Santo Domingo Yanhuitlán,1360,1358,1256,1639,1734,1739,1741,1878,1824,1687,1497,1719,1452,1757
20524,Santo Domingo Yodohino,375,371,267,287,294,292,197,292,214,289,290,269,256,234
20525,Santo Domingo Zanatepec,6196,6765,11860,13672,13944,13919,13074,9140,12971,14509,14060,13400,13251,14159
20526,Santos Reyes Nopala,6136,7961,8023,8063,7717,8220,9775,8489,8461,8437,8704,8152,8348,7984
20527,Santos Reyes Pápalo,283,309,239,255,308,316,295,322,318,338,333,290,154,362
20528,Santos Reyes Tepejillo,464,468,363,418,416,552,247,565,305,563,558,530,505,494
20529,Santos Reyes Yucuná,204,201,160,102,222,221,28,228,130,232,227,61,198,175
20530,Santo Tomás Jalieza,310,2888,1609,1927,2257,2808,1174,2751,2775,2719,1550,1629,2025,1491
20531,Santo Tomás Mazaltepec,526,1296,1394,1411,1438,1448,871,1440,1372,1421,720,902,1046,856
20532,Santo Tomás Ocotepec,1048,1355,1403,1503,1502,1493,1503,1159,1518,1519,1499,1491,708,1508
20533,Santo Tomás Tamazulapan,118,165,391,206,236,302,242,700,701,746,732,631,721,764
20534,San Vicente Coatlán,832,1235,1630,1279,1520,1671,173,1851,1851,1789,1788,1693,1690,1695
20535,San Vicente Lachixío,293,1100,38,1034,957,1053,525,859,911,848,540,851,854,892
20536,San Vicente Nuñú,162,94,88,125,230,220,125,81,222,218,69,225,229,226
20537,Silacayoápam,2135,2132,825,379,1940,2215,2150,2117,1234,2180,2026,1778,1639,1574
20538,Sitio de Xitlapehua,29,289,45,449,639,688,162,689,739,707,662,475,698,872
20539,Soledad Etla,950,1985,1400,1158,1451,1491,1126,1382,1262,1349,684,1027,939,664
20540,Villa de Tamazulápam del Progreso,936,487,1022,555,1181,1167,517,722,1189,1176,879,1083,1112,1108
20541,Tanetze de Zaragoza,347,346,346,346,346,347,342,497,497,496,749,753,749,752
20542,Taniche,580,765,414,657,711,715,242,818,768,820,761,734,723,663
20543,Tataltepec de Valdés,6416,7709,7283,6765,7404,7150,7830,5317,5411,5454,5391,5354,5385,5349
20544,Teococuilco de Marcos Pérez,247,160,187,249,250,248,248,247,248,251,248,243,250,239
20545,Teotitlán de Flores Magón,852,811,670,697,648,668,633,677,756,763,726,732,729,736
20546,Teotitlán del Valle,485,94,402,840,511,928,602,938,879,719,691,706,742,732
20547,Teotongo,670,316,220,320,631,587,336,330,623,630,314,583,424,608
20548,Tepelmeme Villa de Morelos,618,740,819,562,1561,1554,344,1055,1539,1533,416,1435,538,1375
20549,"Heroica Villa Tezoatlán de Segura y Luna, Cuna de la Independencia de Oaxaca",4630,5309,2287,3112,5947,5947,3279,9403,5625,9237,9185,7981,8558,7295
20550,San Jerónimo Tlacochahuaya,560,511,872,724,652,775,523,695,794,622,560,683,678,685
20551,Tlacolula de Matamoros,1476,396,3642,3653,2527,3942,1413,3905,2890,3456,3311,3312,3333,3042
20552,Tlacotepec Plumas,216,175,368,232,584,575,250,309,577,580,244,558,571,559
20553,Tlalixtac de Cabrera,446,1112,1076,757,1070,1117,656,1038,1130,1091,890,1008,766,781
20554,Totontepec Villa de Morelos,1843,1848,1893,1918,1928,1928,1928,1933,1928,1934,2082,2084,1904,1923
20555,Trinidad Zaachila,268,1101,1132,1155,1184,1183,446,1029,1033,999,760,920,870,860
20556,La Trinidad Vista Hermosa,133,67,184,75,208,204,103,99,201,202,78,184,65,188
20557,Unión Hidalgo,1336,2005,2522,3581,4123,3433,3299,3337,3460,4070,3795,2942,1793,3280
20558,Valerio Trujano,337,301,276,289,296,299,281,261,276,185,190,175,183,190
20559,San Juan Bautista Valle Nacional,9895,11244,10408,9664,10475,9977,10420,9203,11188,13590,14129,14107,13837,13926
20560,Villa Díaz Ordaz,836,250,833,838,457,896,293,986,964,1020,996,1037,1001,1052
20561,Yaxe,831,1725,1853,1152,949,1733,1061,2159,2179,1835,914,1619,1375,1022
20562,Magdalena Yodocono de Porfirio Díaz,341,881,228,253,433,438,438,454,450,451,449,445,436,439
20563,Yogana,404,551,280,431,488,526,96,576,508,577,594,518,468,535
20564,Yutanduchi de Guerrero,20,19,803,785,1175,156,1181,1228,1166,1187,1188,1189,871,1186
20565,Villa de Zaachila,1164,3189,1737,2669,3350,3304,1539,1933,2656,2488,1217,2333,2113,2138
20566,San Mateo Yucutindoo,1714,3187,2607,3064,3029,2972,2655,3049,3105,2534,2484,2489,2496,2470
20567,Zapotitlán Lagunas,1668,1667,232,2008,1977,1976,795,2012,1009,1990,2016,1680,1459,1258
20568,Zapotitlán Palmas,132,413,334,396,444,442,209,436,240,439,434,513,405,450
20569,Santa Inés de Zaragoza,1000,803,631,814,1201,1208,904,1247,1233,1235,1236,428,481,1230
20570,Zimatlán de Álvarez,6636,6810,2374,6255,8254,8436,7009,7913,8187,7187,5337,6607,6282,5557
