CVEGEO,Nombre,SSC_2003,SSC_2004,SSC_2005,SSC_2006,SSC_2007,SSC_2008,SSC_2009,SSC_2010,SSC_2011,SSC_2012,SSC_2013,SSC_2014,SSC_2015,SSC_2016,SSC_2017,SSC_2018,SSC_2019
20001,Abejones,145,145,145,145,145,145,145,145,145,143,145,148,149,146,,,
20002,Acatlán de Pérez Figueroa,28054,19036,18897,18443,18526,18917,18674,19421,24712,24332,24597,24268,24172,24040,,,
20003,Asunción Cacalotepec,900,900,925,935,943,905,905,1105,1402,1402,1402,1405,1309,1341,,,
20004,Asunción Cuyotepeji,337,333,246,145,131,129,133,229,228,237,230,186,172,170,,,
20005,Asunción Ixtaltepec,5303,5617,7208,7134,7281,7066,7922,9109,7096,8544,9348,8393,8463,8712,,,
20006,Asunción Nochixtlán,4398,3333,4367,4404,4404,4344,4410,4585,4458,4450,4475,4346,4357,4387,,,
20007,Asunción Ocotlán,651,743,496,827,722,750,732,739,735,731,712,364,340,349,,,
20008,Asunción Tlacolulita,569,580,628,663,684,664,691,565,693,695,709,641,702,628,,,
20009,Ayotzintepec,3114,7801,7820,6697,7256,7761,7751,7761,8606,8404,8008,8304,8865,8361,,,
20010,El Barrio de la Soledad,1492,1338,1720,1658,1517,1069,1747,2070,2067,2323,2313,2344,2342,2355,,,
20011,Calihualá,401,403,425,351,349,619,626,467,467,473,468,398,375,345,,,
20012,Candelaria Loxicha,6777,6657,6777,6732,6702,6745,6795,6192,6847,6871,6889,6887,6794,6709,,,
20013,Ciénega de Zimatlán,2392,2546,1601,1389,1774,1764,1769,1714,1714,1659,1568,1175,1014,852,,,
20014,Ciudad Ixtepec,2351,2344,2639,2474,2523,2465,2656,2608,2696,2771,3039,2012,1914,1961,,,
20015,Coatecas Altas,887,743,1275,868,1370,1372,1367,1368,1367,1321,1301,1313,1290,1348,,,
20016,Coicoyán de las Flores,1350,1388,946,2648,2647,3644,3646,3667,3666,3735,3664,3338,3275,3014,,,
20017,La Compañía,1514,1488,2816,1939,2750,2693,2706,2733,2733,2462,2448,2446,2421,2454,,,
20018,Concepción Buenavista,755,802,774,676,676,671,672,582,672,670,669,623,568,556,,,
20019,Concepción Pápalo,1241,1371,1334,1371,1325,1335,1412,1408,1331,1442,1432,1420,1429,1408,,,
20020,Constancia del Rosario,534,826,1003,757,789,798,822,823,823,822,858,845,857,866,,,
20021,Cosolapa,6255,9776,9851,9775,9371,9518,9514,9518,11470,11595,11859,11501,11096,10637,,,
20022,Cosoltepec,301,299,397,336,342,369,371,392,392,463,464,451,439,417,,,
20023,Cuilápam de Guerrero,2420,2300,2962,2807,3392,3502,3431,2682,2694,2637,2539,2328,2101,2145,,,
20024,Cuyamecalco Villa de Zaragoza,285,338,357,338,370,359,374,375,379,387,392,397,394,386,,,
20025,Chahuites,3742,3823,4463,4804,5015,4835,5133,3969,5196,5690,5156,4774,2258,2307,,,
20026,Chalcatongo de Hidalgo,3098,3052,3362,3008,3064,3023,3220,3236,3236,3234,3173,3093,3058,3091,,,
20027,Chiquihuitlán de Benito Juárez,358,667,716,667,670,675,667,677,671,674,567,581,572,568,,,
20028,Heroica Ciudad de Ejutla de Crespo,3166,4490,5175,4889,5794,5832,5827,5936,5931,5723,5749,5716,5713,5778,,,
20029,Eloxochitlán de Flores Magón,1762,1684,1655,1697,1699,1725,1673,1570,1570,1572,1580,1593,1582,1586,,,
20030,El Espinal,1169,1176,2023,2358,2723,2715,2813,2798,2800,2828,2845,2534,2556,2624,,,
20031,Tamazulápam del Espíritu Santo,1095,1170,1150,1190,1282,1212,1182,1182,1262,1262,1264,1243,1247,1262,,,
20032,Fresnillo de Trujano,833,825,530,305,306,305,309,308,308,303,296,207,178,166,,,
20033,Guadalupe Etla,939,832,718,488,432,470,486,441,446,409,368,359,319,261,,,
20034,Guadalupe de Ramírez,510,508,330,554,555,556,560,557,557,549,549,415,363,314,,,
20035,Guelatao de Juárez,122,122,122,122,129,120,120,122,120,115,140,75,75,78,,,
20036,Guevea de Humboldt,7069,7180,6535,7091,6401,6324,6109,6229,5430,4428,6443,5769,5499,5323,,,
20037,Mesones Hidalgo,1492,1401,1230,1518,1636,1643,1741,1756,1756,1756,1752,1754,1707,1698,,,
20038,Villa Hidalgo,130,137,132,132,122,134,132,134,134,144,145,154,160,193,,,
20039,Heroica Ciudad de Huajuapan de León,3718,3743,2106,2726,2700,2715,2698,2889,2887,2922,2881,2114,1968,2072,,,
20040,Huautepec,3891,3070,3071,3002,3010,3037,2958,2887,2909,2913,2689,2719,2708,2707,,,
20041,Huautla de Jiménez,5243,10048,10098,10044,9997,10036,9670,9543,4562,3760,3641,3667,3656,3650,,,
20042,Ixtlán de Juárez,3620,3464,3464,3470,3434,3443,3441,3470,3443,3452,3393,3430,3395,3402,,,
20043,Heroica Ciudad de Juchitán de Zaragoza,12926,12078,13469,14927,15917,14450,15360,14462,15439,15826,15202,13381,13789,13634,,,
20044,Loma Bonita,10485,9349,10312,9672,8820,19578,20890,19575,19489,18808,19421,19649,20209,19808,,,
20045,Magdalena Apasco,1937,1578,1139,1486,969,989,991,953,955,939,919,901,813,827,,,
20046,Magdalena Jaltepec,3641,2634,3622,3617,3622,3610,3653,3700,3646,3648,3658,3554,3564,3577,,,
20047,Santa Magdalena Jicotlán,153,238,267,180,225,225,212,161,173,172,169,163,157,159,,,
20048,Magdalena Mixtepec,670,614,501,452,615,619,618,611,612,585,568,526,413,225,,,
20049,Magdalena Ocotlán,661,824,556,656,812,831,813,818,818,794,754,717,549,562,,,
20050,Magdalena Peñasco,505,471,470,518,504,533,535,547,547,550,552,548,549,569,,,
20051,Magdalena Teitipac,804,1076,849,906,876,905,855,857,879,922,925,904,903,895,,,
20052,Magdalena Tequisistlán,2345,1941,2440,2887,2884,2589,2623,2205,2470,2402,2366,1992,2226,2181,,,
20053,Magdalena Tlacotepec,783,802,818,806,841,640,603,510,610,557,557,568,547,550,,,
20054,Magdalena Zahuatlán,564,466,670,670,670,669,721,777,716,718,722,610,600,620,,,
20055,Mariscala de Juárez,1026,1030,936,1016,1061,1062,1067,1895,1893,1063,1019,895,863,855,,,
20056,Mártires de Tacubaya,1095,1140,1130,1005,1215,1220,1242,1255,1243,1330,1352,1233,1366,1450,,,
20057,Matías Romero Avendaño,6454,6220,15343,14756,13935,14138,16763,19883,29756,35743,35773,35776,35525,35499,,,
20058,Mazatlán Villa de Flores,6843,3453,3462,3490,3505,3560,3518,3507,3627,3666,3641,3675,3668,3642,,,
20059,Miahuatlán de Porfirio Díaz,4478,6586,7673,6698,7488,8688,8733,8718,8718,8453,8630,8507,8499,8324,,,
20060,Mixistlán de la Reforma,612,612,632,632,632,632,632,632,632,631,635,639,631,643,,,
20061,Monjas,720,822,785,756,733,819,826,826,826,811,835,833,826,850,,,
20062,Natividad,24,24,24,24,24,24,24,24,24,26,24,24,22,30,,,
20063,Nazareno Etla,917,1054,941,509,509,490,471,262,263,242,231,227,197,203,,,
20064,Nejapa de Madero,5452,5111,8765,8498,8576,8420,8468,7636,7975,7861,7486,7104,7294,7315,,,
20065,Ixpantepec Nieves,487,483,483,450,457,456,457,539,539,544,523,406,369,357,,,
20066,Santiago Niltepec,5261,5339,6484,6389,6392,6572,7352,5652,6453,6560,7218,6493,6461,6312,,,
20067,Oaxaca de Juárez,81,352,359,310,360,365,344,357,358,257,235,211,163,166,,,
20068,Ocotlán de Morelos,4564,5491,4054,4042,5276,3355,3287,3287,3389,3290,3155,3111,2839,2880,,,
20069,La Pe,751,756,1519,918,1841,1798,1796,1795,1795,1734,1717,1706,1697,1598,,,
20070,Pinotepa de Don Luis,1697,1614,1392,1482,1480,1527,1524,1498,1463,1547,1502,1425,1590,1701,,,
20071,Pluma Hidalgo,7496,7496,7496,7496,7467,7601,7553,7680,6681,6187,6188,6196,6125,6129,,,
20072,San José del Progreso,1807,2160,1843,1770,2515,2577,2566,2558,2578,2501,2449,2362,2118,2192,,,
20073,Putla Villa de Guerrero,5742,6527,5873,7783,6886,6836,7455,7473,8985,8982,8928,8863,8947,8690,,,
20074,Santa Catarina Quioquitani,271,275,273,275,306,276,304,300,324,324,328,299,298,291,,,
20075,Reforma de Pineda,2224,2272,3655,4073,4470,4250,4012,2909,4626,5102,4454,4422,3325,2846,,,
20076,La Reforma,1084,1159,1086,1183,935,913,887,991,1483,1485,1530,1533,1534,1537,,,
20077,Reyes Etla,911,852,930,553,745,760,758,695,695,672,632,620,574,636,,,
20078,Rojas de Cuauhtémoc,304,307,669,399,427,312,419,404,383,331,233,243,253,258,,,
20079,Salina Cruz,712,594,520,471,584,625,951,740,605,758,730,525,508,486,,,
20080,San Agustín Amatengo,590,768,948,974,823,847,869,862,862,850,820,810,793,807,,,
20081,San Agustín Atenango,528,536,371,344,406,406,404,1787,1785,481,462,368,357,346,,,
20082,San Agustín Chayuco,3820,3795,3970,3940,3990,3985,3995,3190,2971,3009,3014,2828,3034,2972,,,
20083,San Agustín de las Juntas,215,233,176,152,209,220,220,219,219,187,167,152,108,90,,,
20084,San Agustín Etla,319,264,217,205,174,159,145,152,162,142,130,118,114,114,,,
20085,San Agustín Loxicha,12832,12832,12832,12832,12788,12832,12828,11022,11104,11100,11107,11107,10861,10360,,,
20086,San Agustín Tlacotepec,305,281,273,304,300,301,273,310,310,312,308,311,309,316,,,
20087,San Agustín Yatareni,180,267,173,120,151,150,150,150,140,130,120,105,101,111,,,
20088,San Andrés Cabecera Nueva,770,815,811,775,847,854,853,924,1138,1136,1129,1130,1140,1134,,,
20089,San Andrés Dinicuiti,1196,1185,873,805,800,757,745,1088,1166,1183,1168,1061,991,836,,,
20090,San Andrés Huaxpaltepec,2221,2100,1907,2072,2080,2108,2130,2152,2170,2196,2182,1987,2322,2425,,,
20091,San Andrés Huayápam,956,809,773,768,761,765,763,764,764,744,716,711,565,363,,,
20092,San Andrés Ixtlahuaca,678,852,702,608,617,627,627,627,628,605,578,551,578,517,,,
20093,San Andrés Lagunas,659,451,912,724,709,677,675,657,667,670,667,617,640,631,,,
20094,San Andrés Nuxiño,824,588,904,819,819,816,819,875,841,860,863,848,841,845,,,
20095,San Andrés Paxtlán,113,444,477,457,474,464,463,437,437,382,397,395,381,393,,,
20096,San Andrés Sinaxtla,1592,1255,1818,1948,1820,1814,1913,1960,1900,1924,2094,1583,1554,1559,,,
20097,San Andrés Solaga,280,293,291,294,284,303,301,303,318,318,318,320,309,312,,,
20098,San Andrés Teotilálpam,2033,3129,3124,3140,3104,3151,3136,3143,2351,2414,2406,2300,2406,2419,,,
20099,San Andrés Tepetlapa,57,56,56,150,148,148,150,80,80,82,81,76,75,70,,,
20100,San Andrés Yaá,163,163,163,163,163,163,163,163,194,196,194,199,196,197,,,
20101,San Andrés Zabache,135,288,403,361,320,343,351,347,346,356,359,357,350,323,,,
20102,San Andrés Zautla,967,914,691,706,1652,1772,1783,889,886,873,853,831,779,783,,,
20103,San Antonino Castillo Velasco,1166,1091,1566,1390,951,1283,1260,1256,1256,1229,1170,1017,962,949,,,
20104,San Antonino el Alto,851,673,820,849,978,1003,1003,914,914,874,844,829,784,493,,,
20105,San Antonino Monte Verde,2193,1841,2180,2317,2313,2301,2291,2165,2290,2286,2292,2062,2066,2008,,,
20106,San Antonio Acutla,172,202,235,205,210,211,214,203,214,214,214,190,180,175,,,
20107,San Antonio de la Cal,141,115,171,113,123,138,135,135,135,123,92,80,59,66,,,
20108,San Antonio Huitepec,1323,2372,1420,2413,3130,3129,3129,3131,3145,3044,3005,2960,2878,1812,,,
20109,San Antonio Nanahuatípam,529,390,388,393,383,373,422,402,437,502,504,492,488,489,,,
20110,San Antonio Sinicahua,337,309,167,356,351,355,359,365,365,363,361,365,362,377,,,
20111,San Antonio Tepetlapa,1300,1395,1511,1511,1485,1475,1515,1475,1476,1539,1577,1641,1696,1741,,,
20112,San Baltazar Chichicápam,1567,2164,2069,1441,1602,3398,3377,3377,3434,3377,3245,3130,2883,2321,,,
20113,San Baltazar Loxicha,1548,1548,1550,1700,1542,1542,1712,1274,1392,1389,1392,1390,1305,1264,,,
20114,San Baltazar Yatzachi el Bajo,114,121,121,122,122,121,121,121,122,122,122,123,118,122,,,
20115,San Bartolo Coyotepec,880,989,897,612,946,934,899,896,898,850,996,972,889,878,,,
20116,San Bartolomé Ayautla,2375,1914,2100,1934,1931,1953,1921,1884,1873,1888,1732,1749,1750,1736,,,
20117,San Bartolomé Loxicha,2338,2338,2340,2170,2310,2310,2140,1457,1551,1554,1556,1545,1525,1548,,,
20118,San Bartolomé Quialana,517,587,647,633,607,564,604,607,606,485,475,475,474,481,,,
20119,San Bartolomé Yucuañe,173,201,195,220,222,318,321,301,301,301,299,295,309,285,,,
20120,San Bartolomé Zoogocho,24,22,22,22,22,22,22,22,22,24,22,26,20,25,,,
20121,San Bartolo Soyaltepec,777,773,863,790,800,771,772,764,769,775,773,705,685,689,,,
20122,San Bartolo Yautepec,644,585,530,580,581,581,571,446,471,419,376,313,353,330,,,
20123,San Bernardo Mixtepec,1743,1822,1369,1912,2424,2185,2145,2057,2071,1810,1710,1683,1579,1204,,,
20124,San Blas Atempa,5008,5430,4379,5595,5731,4986,5975,5114,5647,6005,5865,5682,5811,5824,,,
20125,San Carlos Yautepec,5664,5583,5725,6143,6274,5740,6015,5740,5929,5562,5434,4704,5438,5307,,,
20126,San Cristóbal Amatlán,1182,1378,1470,1367,1404,1642,1655,1645,1645,1435,1475,1462,1464,1468,,,
20127,San Cristóbal Amoltepec,271,283,244,317,314,316,321,323,323,321,323,324,331,350,,,
20128,San Cristóbal Lachirioag,324,326,326,328,327,330,329,329,410,408,410,408,410,391,,,
20129,San Cristóbal Suchixtlahuaca,358,505,498,465,465,465,461,456,462,591,599,552,538,544,,,
20130,San Dionisio del Mar,1225,1260,903,953,923,1055,1070,750,956,958,954,947,950,938,,,
20131,San Dionisio Ocotepec,3534,5790,979,5104,5055,5004,4951,5039,5264,4541,4418,4420,4420,4106,,,
20132,San Dionisio Ocotlán,590,762,908,853,712,732,734,713,719,717,693,688,649,562,,,
20133,San Esteban Atatlahuca,1044,1099,1000,1106,1112,1115,1128,1129,1129,1129,1154,1151,1164,1101,,,
20134,San Felipe Jalapa de Díaz,10671,13350,13081,11804,12079,12505,12400,11500,11786,12696,12149,13240,12523,12408,,,
20135,San Felipe Tejalápam,1647,1508,1449,1430,1428,1418,1396,1356,1358,1329,1295,1241,1154,983,,,
20136,San Felipe Usila,8201,9856,9826,9271,10522,9478,9475,8625,8618,8445,8378,8353,8051,8171,,,
20137,San Francisco Cahuacuá,1196,1428,1509,1384,1397,1576,1702,1489,1408,1751,1739,1749,1748,1773,,,
20138,San Francisco Cajonos,123,134,134,133,134,132,132,132,134,137,134,139,141,144,,,
20139,San Francisco Chapulapa,510,1032,1037,1029,1032,1030,1015,1028,1025,1029,829,817,836,812,,,
20140,San Francisco Chindúa,829,545,964,1005,997,995,1048,1118,1066,1061,1062,812,768,778,,,
20141,San Francisco del Mar,2864,2860,3108,3318,3247,3698,3773,1881,3230,3226,3360,3276,3239,2995,,,
20142,San Francisco Huehuetlán,485,488,484,490,502,443,522,525,533,536,537,550,542,534,,,
20143,San Francisco Ixhuatán,3765,3423,5842,6187,6109,5679,5352,3971,6215,6264,6274,6100,6334,6190,,,
20144,San Francisco Jaltepetongo,684,496,764,778,778,788,789,798,715,735,741,545,521,524,,,
20145,San Francisco Lachigoló,379,437,447,443,428,430,431,433,446,433,455,456,450,441,,,
20146,San Francisco Logueche,220,350,370,327,498,492,1003,1003,1003,487,388,379,378,381,,,
20147,San Francisco Nuxaño,307,221,300,300,300,303,305,350,405,404,403,391,388,395,,,
20148,San Francisco Ozolotepec,520,730,807,732,733,732,732,612,612,702,663,667,666,667,,,
20149,San Francisco Sola,510,763,667,961,816,669,449,760,723,494,508,511,515,474,,,
20150,San Francisco Telixtlahuaca,1756,1601,2432,2173,1477,1228,1229,873,876,845,809,786,751,630,,,
20151,San Francisco Teopan,439,469,470,420,420,413,409,395,409,409,407,365,360,354,,,
20152,San Francisco Tlapancingo,587,586,603,645,651,1009,1011,648,646,653,644,512,441,392,,,
20153,San Gabriel Mixtepec,5245,5245,4895,4903,5075,5302,5122,5270,5256,5337,5190,5215,5287,5293,,,
20154,San Ildefonso Amatlán,634,764,958,1019,1154,1256,749,744,744,728,738,735,737,738,,,
20155,San Ildefonso Sola,282,475,421,435,414,429,417,431,430,371,388,383,386,343,,,
20156,San Ildefonso Villa Alta,1438,1486,1491,1504,1418,1511,1510,1511,1773,1775,1773,1773,1673,1656,,,
20157,San Jacinto Amilpas,132,140,141,121,118,128,128,128,128,82,56,47,36,31,,,
20158,San Jacinto Tlacotepec,1056,1178,1213,1138,1149,1156,1125,1127,1122,908,910,909,929,1118,,,
20159,San Jerónimo Coatlán,1294,1601,2207,1559,2213,2210,2210,2212,2541,2761,2770,2758,2777,2732,,,
20160,San Jerónimo Silacayoapilla,386,383,300,335,333,332,334,331,331,336,330,228,192,304,,,
20161,San Jerónimo Sosola,1108,1135,47,1557,2575,2566,2566,2166,2187,2074,2016,1940,1695,1411,,,
20162,San Jerónimo Taviche,632,678,1151,491,697,687,687,686,689,685,666,566,505,444,,,
20163,San Jerónimo Tecóatl,332,646,646,641,655,600,631,686,641,663,677,685,674,680,,,
20164,San Jorge Nuchita,554,552,560,357,429,432,437,464,465,461,459,417,407,410,,,
20165,San José Ayuquila,925,913,635,641,677,677,679,708,708,720,698,537,426,416,,,
20166,San José Chiltepec,7282,13294,14139,12883,12326,12933,13177,13098,13296,12363,12822,12870,12851,13000,,,
20167,San José del Peñasco,495,954,988,926,1046,1089,1091,1087,1087,1039,1059,1057,1060,927,,,
20168,San José Estancia Grande,1295,1285,1160,1090,1230,1230,1270,1270,1274,1391,1395,1472,1510,1516,,,
20169,San José Independencia,939,862,992,942,836,967,971,967,1017,962,970,1071,1055,1078,,,
20170,San José Lachiguiri,120,200,206,306,308,337,280,285,285,294,317,308,302,334,,,
20171,San José Tenango,17894,17537,17948,17200,16753,16823,16621,16544,11336,10347,9840,9871,8389,8491,,,
20172,San Juan Achiutla,149,195,214,182,208,214,219,221,221,222,223,225,229,260,,,
20173,San Juan Atepec,256,265,265,265,263,263,262,265,263,255,262,267,265,264,,,
20174,Ánimas Trujano,726,698,657,414,531,702,918,673,678,654,613,352,172,171,,,
20175,San Juan Bautista Atatlahuca,680,694,514,863,1067,995,969,948,950,810,735,707,660,549,,,
20176,San Juan Bautista Coixtlahuaca,1600,982,1625,1753,1786,1652,1646,1608,1643,1560,1562,1500,1529,1510,,,
20177,San Juan Bautista Cuicatlán,3450,3483,3465,3412,3438,3441,3050,3515,3329,2165,2162,2066,2114,2093,,,
20178,San Juan Bautista Guelache,562,950,895,890,606,604,590,497,497,447,442,430,398,367,,,
20179,San Juan Bautista Jayacatlán,637,819,1082,1044,746,735,720,734,733,619,589,574,544,369,,,
20180,San Juan Bautista Lo de Soto,1292,1382,1212,1162,1257,1257,1257,1258,1209,1353,1430,1435,1619,1662,,,
20181,San Juan Bautista Suchitepec,421,423,232,171,178,175,180,188,185,188,242,156,146,147,,,
20182,San Juan Bautista Tlacoatzintepec,1034,1684,1708,1659,1683,1697,1700,1704,1675,1678,1480,1488,1486,1509,,,
20183,San Juan Bautista Tlachichilco,405,403,295,212,221,219,221,295,292,296,292,287,251,246,,,
20184,San Juan Bautista Tuxtepec,31782,67430,69952,66354,64982,66220,65714,65730,66465,68175,69908,70506,70649,71218,,,
20185,San Juan Cacahuatepec,2988,3061,2125,2025,2222,2217,2217,2222,2229,2332,2464,2365,2523,2666,,,
20186,San Juan Cieneguilla,251,250,190,400,360,350,353,356,356,359,354,289,240,235,,,
20187,San Juan Coatzóspam,3151,2270,2412,2147,2153,2178,2051,2086,2084,2088,1914,1924,1930,1900,,,
20188,San Juan Colorado,1932,1982,2071,2071,2065,2060,2050,2095,2097,2211,2234,2175,2318,2390,,,
20189,San Juan Comaltepec,1498,3242,3268,3268,3180,3220,3230,3220,3290,3273,3268,3327,3467,3388,,,
20190,San Juan Cotzocón,11971,24751,26707,38318,38027,38052,37987,40152,45909,47582,47680,47227,47947,48227,,,
20191,San Juan Chicomezúchil,190,200,200,200,206,206,203,200,201,204,206,203,201,198,,,
20192,San Juan Chilateca,803,1201,705,763,1306,1011,995,988,991,969,942,501,452,417,,,
20193,San Juan del Estado,642,881,1078,985,712,714,713,711,714,695,681,662,613,426,,,
20194,San Juan del Río,642,1780,1125,1116,1089,1080,1093,1127,1116,956,888,863,870,839,,,
20195,San Juan Diuxi,317,226,310,310,310,311,318,334,282,322,332,324,325,335,,,
20196,San Juan Evangelista Analco,77,77,77,77,87,87,86,77,87,89,87,93,83,83,,,
20197,San Juan Guelavía,201,477,281,370,341,248,277,242,287,430,631,623,622,609,,,
20198,San Juan Guichicovi,16111,16417,24613,21410,21415,20933,23150,25821,25178,28102,28058,27564,27548,27666,,,
20199,San Juan Ihualtepec,207,206,292,320,298,298,300,320,320,320,321,293,255,240,,,
20200,San Juan Juquila Mixes,1360,1365,1375,1335,1335,1335,1335,1335,1463,1460,1463,1478,1381,1376,,,
20201,San Juan Juquila Vijanos,674,680,680,700,700,701,701,701,725,725,725,727,723,714,,,
20202,San Juan Lachao,4371,4781,4676,4676,4551,4845,4845,4322,4312,4340,4150,4164,4185,4101,,,
20203,San Juan Lachigalla,222,616,622,589,625,636,647,648,647,617,606,601,613,618,,,
20204,San Juan Lajarcia,575,801,1104,1108,1120,1045,1108,1045,1023,917,892,796,821,811,,,
20205,San Juan Lalana,6090,14253,14352,14306,12931,14231,14246,14230,14780,14576,14625,14493,14410,14382,,,
20206,San Juan de los Cués,699,783,745,721,728,673,748,773,790,710,679,671,689,693,,,
20207,San Juan Mazatlán,12632,12392,20898,17397,17487,17300,20244,22625,35218,43215,42810,42846,42773,42701,,,
20208,San Juan Mixtepec,3719,2517,2311,3106,3088,5245,5246,5258,5258,5257,5240,5240,5123,5224,,,
20209,San Juan Mixtepec,75,215,727,214,200,200,360,360,360,320,325,322,326,335,,,
20210,San Juan Ñumí,2035,2438,2274,2502,2650,2776,2827,2826,2826,2823,2798,2705,2754,2858,,,
20211,San Juan Ozolotepec,825,975,982,955,955,955,954,955,955,970,932,935,925,876,,,
20212,San Juan Petlapa,1084,1131,1139,1008,1029,1134,1124,1131,1289,2032,1977,2009,2089,2094,,,
20213,San Juan Quiahije,1400,1400,1400,1400,1175,1400,1505,1063,1063,1072,1070,1083,1077,1020,,,
20214,San Juan Quiotepec,379,379,379,384,388,388,388,379,388,391,388,390,385,390,,,
20215,San Juan Sayultepec,1128,873,1312,1337,1419,1412,1491,1511,1423,1404,1492,1311,1264,1282,,,
20216,San Juan Tabaá,189,207,207,203,198,214,214,214,271,270,271,283,257,265,,,
20217,San Juan Tamazola,2293,1655,2280,2280,2280,2291,2285,2177,2141,2225,2236,2228,2221,2242,,,
20218,San Juan Teita,236,311,210,205,260,262,261,273,273,272,270,270,272,277,,,
20219,San Juan Teitipac,517,612,582,559,559,535,534,542,553,501,498,499,498,394,,,
20220,San Juan Tepeuxila,726,846,863,848,843,872,884,885,882,907,894,878,898,879,,,
20221,San Juan Teposcolula,781,713,599,1015,924,879,885,845,879,843,843,819,727,726,,,
20222,San Juan Yaeé,498,500,501,506,447,516,515,516,605,607,605,606,586,594,,,
20223,San Juan Yatzona,332,334,334,348,346,351,351,401,452,453,452,449,459,453,,,
20224,San Juan Yucuita,1354,1055,1341,1361,1337,1335,1501,1581,1562,1563,1644,1125,1090,1095,,,
20225,San Lorenzo,2015,2077,2152,2152,2122,2127,2122,1886,1911,2007,2064,1930,2190,2386,,,
20226,San Lorenzo Albarradas,1171,1698,1690,1686,1741,1737,1745,1802,1823,1563,1683,1670,1665,1611,,,
20227,San Lorenzo Cacaotepec,966,672,508,421,1042,1192,1143,713,713,696,681,652,574,622,,,
20228,San Lorenzo Cuaunecuiltitla,126,131,128,137,142,164,146,147,149,152,146,156,152,137,,,
20229,San Lorenzo Texmelúcan,1338,1665,1716,1529,1583,1591,1599,1570,1579,1934,1923,1918,1912,1785,,,
20230,San Lorenzo Victoria,405,407,274,245,278,286,288,304,304,303,299,287,276,270,,,
20231,San Lucas Camotlán,635,635,620,590,590,590,590,590,1408,1408,1408,1412,1047,1055,,,
20232,San Lucas Ojitlán,11730,22813,22857,21260,21007,22783,21328,21619,22042,23089,22590,21919,20827,20517,,,
20233,San Lucas Quiaviní,673,705,784,748,711,694,699,706,710,501,538,534,534,527,,,
20234,San Lucas Zoquiápam,6964,3843,1792,3884,3896,3924,3749,3743,3234,2951,2850,2864,2845,2866,,,
20235,San Luis Amatlán,1246,2324,2007,2465,2433,5437,4444,4423,4425,3929,3972,3943,3959,4064,,,
20236,San Marcial Ozolotepec,35,200,215,345,345,456,574,574,574,576,555,549,551,550,,,
20237,San Marcos Arteaga,1065,1071,621,667,635,634,612,783,782,777,774,636,533,478,,,
20238,San Martín de los Cansecos,280,375,375,363,408,407,408,405,405,413,406,406,412,389,,,
20239,San Martín Huamelúlpam,525,530,509,581,603,606,615,627,627,627,628,631,641,635,,,
20240,San Martín Itunyoso,550,632,607,710,687,679,711,714,714,713,706,702,684,717,,,
20241,San Martín Lachilá,451,307,136,289,851,844,835,856,856,826,815,808,807,740,,,
20242,San Martín Peras,1572,1567,745,1100,1104,2794,2797,2001,2001,2027,1978,1546,1379,1253,,,
20243,San Martín Tilcajete,1008,1103,1015,970,976,889,888,870,885,890,852,828,759,780,,,
20244,San Martín Toxpalan,1029,1182,1140,1053,1061,1012,1063,1121,1056,964,944,941,1000,986,,,
20245,San Martín Zacatepec,1052,1032,673,315,379,428,431,416,446,413,309,282,251,235,,,
20246,San Mateo Cajonos,124,130,129,129,124,129,129,129,129,132,129,132,131,139,,,
20247,Capulálpam de Méndez,230,235,235,235,251,251,258,235,256,248,251,255,248,251,,,
20248,San Mateo del Mar,810,625,812,879,962,864,798,720,804,890,865,777,709,694,,,
20249,San Mateo Yoloxochitlán,2054,913,913,924,909,941,921,901,898,904,747,751,702,684,,,
20250,San Mateo Etlatongo,571,1105,1433,1477,785,734,776,797,774,752,785,546,477,488,,,
20251,San Mateo Nejápam,255,257,186,388,348,345,347,285,283,280,283,274,243,231,,,
20252,San Mateo Peñasco,555,605,552,620,620,606,645,656,656,656,655,661,655,644,,,
20253,San Mateo Piñas,6534,6422,6534,6522,6485,6485,6485,5218,5219,5230,4980,4990,4925,4977,,,
20254,San Mateo Río Hondo,340,496,527,530,2092,1509,929,929,929,894,871,867,860,781,,,
20255,San Mateo Sindihui,41,929,1164,1164,1164,1158,1144,1033,1127,1131,1143,1126,1117,1137,,,
20256,San Mateo Tlapiltepec,229,272,173,230,230,225,223,213,223,223,223,195,200,194,,,
20257,San Melchor Betaza,286,301,299,301,289,304,301,304,316,318,316,319,316,325,,,
20258,San Miguel Achiutla,291,443,277,458,465,458,477,487,487,489,494,493,488,522,,,
20259,San Miguel Ahuehuetitlán,578,575,333,706,706,706,707,475,474,465,474,463,423,418,,,
20260,San Miguel Aloápam,492,492,492,492,461,463,461,493,462,462,462,464,478,470,,,
20261,San Miguel Amatitlán,2873,2845,2136,2480,2469,2474,2476,2679,2679,2695,2669,2250,2134,1924,,,
20262,San Miguel Amatlán,155,155,155,160,180,180,180,160,180,178,180,180,179,186,,,
20263,San Miguel Coatlán,993,1408,1459,1435,1357,1357,1356,1354,1354,1417,1407,1401,1406,1127,,,
20264,San Miguel Chicahua,895,649,890,890,890,895,911,943,890,893,915,724,806,807,,,
20265,San Miguel Chimalapa,7725,7810,8139,8312,8377,5667,7515,5757,5498,5207,5145,5164,5563,4916,,,
20266,San Miguel del Puerto,7606,7530,7626,7615,7592,7592,7592,6594,6598,6405,6265,6257,6074,6133,,,
20267,San Miguel del Río,40,40,40,40,43,43,43,40,43,45,43,42,41,43,,,
20268,San Miguel Ejutla,575,533,939,645,731,712,720,509,508,553,543,542,547,539,,,
20269,San Miguel el Grande,1357,1472,1303,1543,1531,1569,1810,1604,1604,1592,1606,1593,1617,1584,,,
20270,San Miguel Huautla,705,528,720,720,720,725,724,711,707,707,720,567,626,639,,,
20271,San Miguel Mixtepec,1719,839,1742,1984,2343,2358,2319,2216,2223,1876,1765,1676,1554,1172,,,
20272,San Miguel Panixtlahuaca,4598,4572,4535,4535,4260,4595,4682,3416,3413,3370,3176,3190,3207,3128,,,
20273,San Miguel Peras,2795,4166,4523,2190,2004,1756,1763,1679,1690,1575,1478,1429,1274,1004,,,
20274,San Miguel Piedras,178,739,950,950,950,955,957,993,573,932,935,936,920,924,,,
20275,San Miguel Quetzaltepec,2753,2648,2763,2718,2723,2718,2718,2718,3738,3735,3738,3732,3434,3456,,,
20276,San Miguel Santa Flor,210,212,208,214,217,224,231,235,291,295,300,297,298,299,,,
20277,Villa Sola de Vega,3618,7194,6604,6890,6619,6601,6169,6489,6186,5348,5340,5310,5312,5297,,,
20278,San Miguel Soyaltepec,11402,16115,16081,14884,15290,15811,15906,15961,18394,17719,18236,18003,18232,18068,,,
20279,San Miguel Suchixtepec,285,425,478,303,302,300,300,306,306,340,340,338,341,311,,,
20280,Villa Talea de Castro,628,635,636,708,680,680,679,880,1033,1035,1033,1043,982,987,,,
20281,San Miguel Tecomatlán,224,139,300,304,304,302,310,330,324,315,315,306,302,307,,,
20282,San Miguel Tenango,834,843,847,843,846,847,847,546,670,570,574,481,570,523,,,
20283,San Miguel Tequixtepec,969,877,670,850,850,846,848,834,849,846,846,815,825,818,,,
20284,San Miguel Tilquiápam,519,675,397,316,571,502,485,485,487,469,457,446,404,409,,,
20285,San Miguel Tlacamama,2269,2199,1932,1932,1931,1930,1930,1925,1925,2057,2065,2005,2111,2169,,,
20286,San Miguel Tlacotepec,499,489,326,356,356,357,358,487,487,482,487,415,385,356,,,
20287,San Miguel Tulancingo,158,141,152,196,201,195,192,189,192,190,191,170,175,177,,,
20288,San Miguel Yotao,74,254,254,254,264,264,264,254,264,264,264,266,265,272,,,
20289,San Nicolás,392,586,616,598,669,662,672,671,671,602,605,603,600,603,,,
20290,San Nicolás Hidalgo,252,257,247,255,262,217,226,275,274,281,265,432,239,229,,,
20291,San Pablo Coatlán,1639,2019,1955,2032,1983,2013,2015,2024,2011,2292,2245,2234,2213,2036,,,
20292,San Pablo Cuatro Venados,682,1077,996,873,952,950,950,950,962,930,915,901,811,565,,,
20293,San Pablo Etla,721,653,597,524,633,361,366,628,628,601,568,550,523,477,,,
20294,San Pablo Huitzo,1256,1426,1644,1396,1120,946,950,819,822,787,749,719,634,566,,,
20295,San Pablo Huixtepec,3633,4237,2766,3211,4358,3994,3917,3309,3312,3247,3216,2384,2205,2236,,,
20296,San Pablo Macuiltianguis,164,164,164,164,173,173,173,164,173,168,173,172,180,181,,,
20297,San Pablo Tijaltepec,219,1060,982,1200,1204,1203,1209,1225,1225,1224,1235,1233,1210,1243,,,
20298,San Pablo Villa de Mitla,1157,1848,1683,1681,1636,1573,1521,1559,1552,1523,1571,1568,1569,1569,,,
20299,San Pablo Yaganiza,130,247,247,136,136,139,136,136,139,139,139,139,135,143,,,
20300,San Pedro Amuzgos,1206,968,834,851,978,978,987,984,984,984,1004,1002,1004,1057,,,
20301,San Pedro Apóstol,801,1031,1592,801,948,955,947,940,964,922,880,862,825,806,,,
20302,San Pedro Atoyac,1100,1191,1369,1370,1365,1360,1366,1505,1518,1693,1697,1694,1859,1935,,,
20303,San Pedro Cajonos,90,93,93,93,93,93,93,93,93,93,93,94,98,92,,,
20304,San Pedro Coxcaltepec Cántaros,663,469,660,660,620,624,632,635,627,627,627,535,557,566,,,
20305,San Pedro Comitancillo,2643,2679,2925,2555,2525,1961,2470,2048,1805,1938,1923,1720,1704,1793,,,
20306,San Pedro el Alto,1420,1420,1420,1420,1385,1385,1385,1005,1169,1170,1173,1153,1013,1063,,,
20307,San Pedro Huamelula,2208,2400,2516,1673,2614,2437,2290,2328,2281,2741,2822,2180,2944,2451,,,
20308,San Pedro Huilotepec,815,915,991,1118,1175,968,1203,947,956,1043,1021,982,958,1022,,,
20309,San Pedro Ixcatlán,4341,4283,4296,3950,3939,4458,4458,4132,4230,4690,4785,6278,5924,5850,,,
20310,San Pedro Ixtlahuaca,908,1121,1188,624,1089,1063,1068,1068,1071,1050,1026,991,839,792,,,
20311,San Pedro Jaltepetongo,240,242,215,211,242,254,146,246,238,234,240,170,132,225,,,
20312,San Pedro Jicayán,2185,2017,1802,1802,1752,1757,1754,1758,1746,1773,1770,1631,1804,1956,,,
20313,San Pedro Jocotipac,286,285,263,294,279,291,150,281,283,282,287,243,181,279,,,
20314,San Pedro Juchatengo,830,630,570,570,580,771,766,828,832,840,832,853,852,825,,,
20315,San Pedro Mártir,769,819,1245,587,744,753,746,744,742,741,735,716,653,600,,,
20316,San Pedro Mártir Quiechapa,539,540,557,576,570,570,570,530,505,562,558,531,526,504,,,
20317,San Pedro Mártir Yucuxaco,240,471,462,518,518,525,526,527,527,527,534,531,525,523,,,
20318,San Pedro Mixtepec,8423,11843,11782,9577,12416,12251,13864,14198,14018,13693,13667,13592,13676,13598,,,
20319,San Pedro Mixtepec,166,373,401,315,326,323,322,322,344,291,289,295,297,281,,,
20320,San Pedro Molinos,429,306,248,254,272,352,362,368,369,370,364,361,367,370,,,
20321,San Pedro Nopala,311,310,357,335,330,326,329,329,329,329,329,287,280,275,,,
20322,San Pedro Ocopetatillo,560,414,412,425,424,398,420,421,529,534,537,545,542,546,,,
20323,San Pedro Ocotepec,953,938,943,973,981,973,973,973,1198,1198,1198,1200,1116,1128,,,
20324,San Pedro Pochutla,7287,7267,7322,7317,7030,7220,7840,7733,8787,8863,8850,8320,8495,8339,,,
20325,San Pedro Quiatoni,1903,3108,951,2655,2616,2455,2317,2423,2402,2488,2466,2452,2459,2462,,,
20326,San Pedro Sochiápam,4332,2746,2782,2676,2747,2767,2743,2748,2733,2751,2745,2752,2760,2763,,,
20327,San Pedro Tapanatepec,10194,10596,23931,24839,24882,24422,24580,21917,25132,25424,26109,26032,26029,26129,,,
20328,San Pedro Taviche,611,651,1100,587,674,654,656,656,658,642,634,622,572,491,,,
20329,San Pedro Teozacoalco,27,627,992,992,992,997,997,1034,1051,1057,1057,1062,1049,1053,,,
20330,San Pedro Teutila,1420,1378,1448,1351,1401,1412,1392,1391,1429,1436,1433,1440,1439,1444,,,
20331,San Pedro Tidaá,296,155,600,600,342,345,347,357,395,381,384,373,277,285,,,
20332,San Pedro Topiltepec,417,352,278,404,410,399,398,400,397,399,396,367,371,366,,,
20333,San Pedro Totolápam,1383,1001,1262,1319,1306,1324,1368,1434,1464,1144,1132,1120,1125,1087,,,
20334,Villa de Tututepec,26871,28785,28887,27205,28681,27401,28224,28456,28044,28676,28105,27812,28331,28528,,,
20335,San Pedro Yaneri,504,497,474,524,507,507,506,507,513,511,513,509,521,506,,,
20336,San Pedro Yólox,546,546,546,546,535,535,534,546,535,537,535,533,535,538,,,
20337,San Pedro y San Pablo Ayutla,972,997,1002,985,995,975,972,972,985,988,985,959,968,981,,,
20338,Villa de Etla,707,544,442,323,170,170,180,128,130,121,112,106,94,108,,,
20339,San Pedro y San Pablo Teposcolula,818,1207,1181,1286,1276,1227,1234,1235,1232,1233,1236,1131,1150,1129,,,
20340,San Pedro y San Pablo Tequixtepec,789,787,1047,812,947,942,943,505,504,503,506,489,472,456,,,
20341,San Pedro Yucunama,156,138,290,148,146,145,144,142,140,143,141,125,131,126,,,
20342,San Raymundo Jalpan,994,342,319,372,332,433,430,301,302,282,276,240,201,226,,,
20343,San Sebastián Abasolo,490,454,588,468,449,402,464,462,459,443,433,448,443,441,,,
20344,San Sebastián Coatlán,1550,1690,1738,1573,1573,1925,1925,1927,2032,2022,2016,2017,2018,1828,,,
20345,San Sebastián Ixcapa,1512,1492,1190,1090,1290,1290,1290,1292,1292,1379,1408,2054,1434,1559,,,
20346,San Sebastián Nicananduta,727,665,808,763,770,662,662,660,662,659,665,540,550,529,,,
20347,San Sebastián Río Hondo,295,607,515,588,601,559,559,559,559,883,879,884,871,869,,,
20348,San Sebastián Tecomaxtlahuaca,2621,2561,1840,2385,2377,3293,3296,3292,3289,3364,3293,2703,2527,2385,,,
20349,San Sebastián Teitipac,450,543,500,531,543,541,540,544,540,549,575,580,580,576,,,
20350,San Sebastián Tutla,124,128,142,87,116,112,114,114,114,95,79,73,56,77,,,
20351,San Simón Almolongas,325,593,849,661,588,581,582,583,583,581,588,587,589,586,,,
20352,San Simón Zahuatlán,610,600,381,465,463,427,431,438,438,442,434,338,314,276,,,
20353,Santa Ana,547,681,817,635,727,737,734,734,712,788,831,821,826,940,,,
20354,Santa Ana Ateixtlahuaca,160,291,282,310,312,338,307,289,286,288,291,299,286,286,,,
20355,Santa Ana Cuauhtémoc,137,226,245,229,239,237,232,235,236,235,235,242,244,245,,,
20356,Santa Ana del Valle,430,446,461,529,519,517,507,511,517,459,464,463,463,458,,,
20357,Santa Ana Tavela,921,758,943,1029,1034,990,1015,829,868,752,694,649,663,748,,,
20358,Santa Ana Tlapacoyan,1554,1844,980,1565,1855,2009,2041,1688,1689,1720,1668,1592,1393,1448,,,
20359,Santa Ana Yareni,99,107,130,82,112,102,102,99,102,101,102,95,100,102,,,
20360,Santa Ana Zegache,1918,1542,808,1594,2088,2054,2039,2031,2034,2006,1980,1953,1583,1730,,,
20361,Santa Catalina Quierí,334,340,339,280,365,345,354,410,350,350,352,299,315,318,,,
20362,Santa Catarina Cuixtla,301,455,632,456,695,812,812,802,802,546,487,480,462,429,,,
20363,Santa Catarina Ixtepeji,563,574,574,574,572,572,574,574,572,573,573,564,571,556,,,
20364,Santa Catarina Juquila,8982,12663,12625,12625,12241,13310,13630,11558,11156,11171,11169,11227,11253,11147,,,
20365,Santa Catarina Lachatao,610,614,614,611,606,596,596,611,596,592,600,594,591,497,,,
20366,Santa Catarina Loxicha,1199,1199,1199,1199,1175,1175,1175,840,984,990,992,980,910,915,,,
20367,Santa Catarina Mechoacán,1328,1379,1409,1359,1454,1439,1434,1471,1481,1541,1563,1411,1683,1740,,,
20368,Santa Catarina Minas,316,458,418,339,473,449,484,454,465,464,427,407,371,402,,,
20369,Santa Catarina Quiané,999,856,470,879,1189,1177,1184,1129,1131,1143,1097,1064,988,901,,,
20370,Santa Catarina Tayata,191,282,370,352,353,348,360,336,336,336,338,335,329,373,,,
20371,Santa Catarina Ticuá,284,306,341,310,311,305,336,328,328,328,319,446,317,324,,,
20372,Santa Catarina Yosonotú,1047,763,790,850,843,912,916,920,920,921,911,926,902,929,,,
20373,Santa Catarina Zapoquila,193,193,259,162,187,252,254,127,126,125,122,182,113,103,,,
20374,Santa Cruz Acatepec,559,435,432,452,457,479,461,439,437,442,459,463,470,453,,,
20375,Santa Cruz Amilpas,119,94,72,35,60,60,230,94,95,92,50,34,25,24,,,
20376,Santa Cruz de Bravo,47,46,100,48,47,47,49,70,70,69,71,66,65,55,,,
20377,Santa Cruz Itundujia,1571,2299,2306,2281,2360,2435,2411,2422,2422,2420,2449,2458,2454,2546,,,
20378,Santa Cruz Mixtepec,1927,2067,1397,2025,2703,2085,2094,1690,1697,1738,1739,1662,1430,1149,,,
20379,Santa Cruz Nundaco,338,572,623,637,635,633,638,641,641,642,645,640,649,654,,,
20380,Santa Cruz Papalutla,529,474,517,532,518,491,510,496,502,555,590,584,580,588,,,
20381,Santa Cruz Tacache de Mina,942,946,876,626,650,651,654,737,735,751,708,556,517,508,,,
20382,Santa Cruz Tacahua,240,381,420,420,408,408,419,424,424,424,418,420,420,438,,,
20383,Santa Cruz Tayata,160,520,325,547,528,533,546,548,548,549,542,411,543,549,,,
20384,Santa Cruz Xitla,782,886,928,918,774,761,760,764,764,796,774,776,774,836,,,
20385,Santa Cruz Xoxocotlán,638,415,476,330,462,439,444,438,438,430,386,374,298,314,,,
20386,Santa Cruz Zenzontepec,3970,5265,980,5190,5201,5115,4625,5101,5167,5381,5380,5384,5390,5297,,,
20387,Santa Gertrudis,2823,2729,2029,3076,2670,3799,3784,3638,3646,3659,3629,2860,2611,2498,,,
20388,Santa Inés del Monte,1464,1041,945,1249,1439,1442,1463,1306,1306,1239,1206,1121,1002,745,,,
20389,Santa Inés Yatzeche,492,472,365,365,456,549,529,405,405,376,367,216,190,198,,,
20390,Santa Lucía del Camino,90,52,46,30,43,40,40,40,40,40,40,34,25,28,,,
20391,Santa Lucía Miahuatlán,205,514,533,470,470,470,470,470,470,432,444,449,440,460,,,
20392,Santa Lucía Monteverde,2338,3124,3839,4865,4936,4934,4941,4935,4935,4937,5018,5012,5092,4844,,,
20393,Santa Lucía Ocotlán,980,1057,911,1219,1109,1114,1131,1130,1130,1132,1114,1054,974,926,,,
20394,Santa María Alotepec,1898,1948,1983,1963,1963,1963,1963,1963,2767,2767,2767,2766,2438,2470,,,
20395,Santa María Apazco,943,755,1006,1011,991,993,988,984,953,919,923,919,875,893,,,
20396,Santa María la Asunción,1247,1663,1652,1671,1676,1700,1550,1521,744,748,742,752,739,723,,,
20397,Heroica Ciudad de Tlaxiaco,2440,2473,2380,2522,2539,2563,2590,2707,2765,2765,2722,2683,2731,2663,,,
20398,Ayoquezco de Aldama,1885,1984,1847,2324,2664,2776,2778,2780,2827,2688,2476,2210,1863,2016,,,
20399,Santa María Atzompa,556,416,469,531,596,621,619,605,605,593,580,551,455,503,,,
20400,Santa María Camotlán,332,322,245,258,260,261,271,324,320,337,341,306,316,292,,,
20401,Santa María Colotepec,9016,9971,10329,6701,10261,9723,10666,11386,11663,11459,11458,11477,11608,11195,,,
20402,Santa María Cortijo,1240,1260,1097,1012,1177,1167,1177,1266,1200,1302,1471,1341,1880,1933,,,
20403,Santa María Coyotepec,226,172,191,131,224,226,306,226,227,221,209,194,144,161,,,
20404,Santa María Chachoápam,1265,970,1291,1321,1289,1276,1340,1479,1431,1389,1427,1372,1363,1362,,,
20405,Villa de Chilapa de Díaz,357,163,300,293,281,279,279,265,275,276,278,278,267,256,,,
20406,Santa María Chilchotla,11434,14643,14917,14593,14228,14286,13885,13852,8681,8198,8188,8206,8052,8029,,,
20407,Santa María Chimalapa,5763,5726,9306,7570,6820,6670,7807,7887,11487,11637,11687,11725,11733,11700,,,
20408,Santa María del Rosario,142,182,186,195,201,205,207,211,211,211,209,209,214,211,,,
20409,Santa María del Tule,393,495,535,311,575,632,629,629,629,621,607,581,518,523,,,
20410,Santa María Ecatepec,1678,2232,2336,2170,2632,2367,2285,2146,2209,1854,1757,1602,1831,1864,,,
20411,Santa María Guelacé,178,178,180,166,156,158,174,184,174,277,274,298,296,295,,,
20412,Santa María Guienagati,2326,2976,4665,4006,4496,3881,4276,4243,4510,4486,4450,4140,4260,4162,,,
20413,Santa María Huatulco,6685,6630,6715,6660,6652,6677,6332,6202,5814,5500,5342,5201,5079,5367,,,
20414,Santa María Huazolotitlán,7312,7040,6917,6757,7272,7255,7090,7326,7253,7172,6905,6904,7334,7274,,,
20415,Santa María Ipalapa,2020,2012,1938,1844,2124,2316,2291,2300,2300,2299,2379,2385,2447,2397,,,
20416,Santa María Ixcatlán,146,146,139,149,159,146,179,170,172,177,174,179,159,161,,,
20417,Santa María Jacatepec,8901,11807,11843,10606,11626,11023,10988,11503,11916,12244,12637,12656,12922,12878,,,
20418,Santa María Jalapa del Marqués,3156,2744,2893,1939,2433,2300,1995,2150,2240,2562,2428,2315,2196,2507,,,
20419,Santa María Jaltianguis,129,128,128,129,127,127,126,129,127,126,127,132,126,130,,,
20420,Santa María Lachixío,254,795,803,780,782,784,776,844,844,558,549,547,547,527,,,
20421,Santa María Mixtequilla,1690,2055,1827,1939,2297,836,1428,1381,887,931,932,880,797,838,,,
20422,Santa María Nativitas,454,325,375,420,420,420,422,422,425,424,426,401,413,402,,,
20423,Santa María Nduayaco,541,205,310,389,367,352,354,348,354,352,360,351,357,356,,,
20424,Santa María Ozolotepec,1125,1469,1476,1467,1467,1465,1466,1466,1878,1887,1878,1882,1889,1890,,,
20425,Santa María Pápalo,847,792,795,763,798,803,808,801,802,820,821,827,815,815,,,
20426,Santa María Peñoles,3497,2877,4740,2954,3532,3246,3104,3052,3048,2899,2860,2632,2412,1740,,,
20427,Santa María Petapa,1335,1345,2841,2720,3258,3180,3855,3885,3768,3905,3887,3889,3826,3818,,,
20428,Santa María Quiegolani,734,690,783,919,1020,1060,1047,1002,974,885,879,862,906,881,,,
20429,Santa María Sola,629,1514,2679,2120,2168,2166,2109,2029,1755,1009,1004,994,990,993,,,
20430,Santa María Tataltepec,128,200,300,223,215,214,225,226,226,228,227,225,220,239,,,
20431,Santa María Tecomavaca,659,732,710,683,652,662,722,735,753,674,649,614,646,609,,,
20432,Santa María Temaxcalapa,359,253,253,363,366,365,365,465,530,532,530,530,522,518,,,
20433,Santa María Temaxcaltepec,1261,1261,1230,1230,1115,1359,1365,1184,1181,1234,1231,1247,1254,1194,,,
20434,Santa María Teopoxco,911,933,927,907,938,816,937,942,1018,1021,1032,1042,1035,1110,,,
20435,Santa María Tepantlali,450,460,460,465,465,465,465,565,685,685,686,680,681,689,,,
20436,Santa María Texcatitlán,189,205,204,208,216,211,197,197,220,225,233,229,219,219,,,
20437,Santa María Tlahuitoltepec,982,991,1376,1444,1462,1416,1442,1442,1456,1452,1462,1478,1471,1486,,,
20438,Santa María Tlalixtac,217,329,344,327,333,333,438,1259,360,363,357,369,360,365,,,
20439,Santa María Tonameca,12795,12680,11516,10125,11775,11721,12499,12912,12322,12344,12387,12065,12024,11995,,,
20440,Santa María Totolapilla,800,500,625,419,805,463,490,615,515,530,475,403,357,422,,,
20441,Santa María Xadani,2011,1822,2162,1609,1157,1645,1660,1577,1634,1684,1700,1542,1517,1430,,,
20442,Santa María Yalina,38,43,43,43,43,43,43,43,43,43,43,42,43,42,,,
20443,Santa María Yavesía,90,118,118,90,96,96,96,90,96,93,102,104,107,118,,,
20444,Santa María Yolotepec,115,167,180,200,196,195,203,205,205,204,207,207,211,217,,,
20445,Santa María Yosoyúa,316,424,545,482,436,881,901,913,913,913,902,900,893,893,,,
20446,Santa María Yucuhiti,2321,2550,2660,2740,2490,2485,2618,2625,2625,2626,2519,1921,1901,1668,,,
20447,Santa María Zacatepec,3398,4385,3886,4563,4560,4570,4445,4485,4936,4932,5198,5131,5165,5129,,,
20448,Santa María Zaniza,489,603,777,750,771,756,706,757,821,827,814,814,816,813,,,
20449,Santa María Zoquitlán,1237,1731,2119,2479,2360,2368,2416,2512,2578,1881,1846,1840,1840,1786,,,
20450,Santiago Amoltepec,1813,1060,1165,1118,1120,1120,1094,1245,1245,2070,2205,2199,2202,2197,,,
20451,Santiago Apoala,816,595,896,854,854,854,856,903,799,794,835,797,766,778,,,
20452,Santiago Apóstol,630,1216,1153,891,1890,1888,1878,1900,1901,1886,1859,1742,1645,1596,,,
20453,Santiago Astata,992,1131,1097,830,1118,722,308,816,301,328,324,348,311,327,,,
20454,Santiago Atitlán,1225,1275,1245,1355,1385,1355,1356,1355,1734,1734,1734,1730,1596,1603,,,
20455,Santiago Ayuquililla,593,586,473,550,565,567,559,572,571,565,563,431,378,372,,,
20456,Santiago Cacaloxtepec,177,180,200,168,174,174,178,177,177,176,175,164,153,131,,,
20457,Santiago Camotlán,549,547,547,542,538,538,541,2070,2242,2247,2242,2233,2176,2166,,,
20458,Santiago Comaltepec,1981,2063,2069,2055,2052,2070,2068,547,538,540,538,529,538,537,,,
20459,Santiago Chazumba,1643,1639,1791,1397,1756,1754,1759,1769,1766,1832,1799,1567,1478,1462,,,
20460,Santiago Choápam,2281,4117,4117,2795,3713,4023,4024,3895,4307,4286,4356,4214,4091,4156,,,
20461,Santiago del Río,437,437,369,344,379,377,369,431,429,438,422,404,356,337,,,
20462,Santiago Huajolotitlán,1194,1205,910,991,1004,1013,956,1231,1211,1246,1216,856,796,681,,,
20463,Santiago Huauclilla,784,570,815,825,825,834,828,848,805,821,822,769,796,800,,,
20464,Santiago Ihuitlán Plumas,517,520,528,621,620,611,608,557,567,568,570,541,552,544,,,
20465,Santiago Ixcuintepec,1075,1120,1142,1233,3102,1088,1360,1305,1321,1370,1334,1160,1121,1093,,,
20466,Santiago Ixtayutla,3000,3363,3457,3498,3465,3450,3430,3845,3813,4000,4189,4367,4494,4582,,,
20467,Santiago Jamiltepec,18357,18907,18556,17354,19166,19128,19100,20099,20062,19624,18396,17860,18687,19217,,,
20468,Santiago Jocotepec,6328,8951,8884,8080,8442,8792,8800,9789,10240,10366,10350,10064,10047,9935,,,
20469,Santiago Juxtlahuaca,3720,3719,1794,3826,3842,3855,3924,4089,4087,4326,4379,3751,3535,3327,,,
20470,Santiago Lachiguiri,7793,7822,8310,8834,8042,7971,8283,8087,7137,6640,6443,5237,6025,5092,,,
20471,Santiago Lalopa,154,154,155,155,155,156,157,156,163,162,163,169,166,167,,,
20472,Santiago Laollaga,1403,1435,2016,2093,2080,2146,1833,2115,2100,2247,2117,2176,2029,2076,,,
20473,Santiago Laxopa,272,274,274,274,258,268,268,274,268,266,268,267,266,278,,,
20474,Santiago Llano Grande,2114,2389,2004,1854,2154,2146,2127,2152,2155,2250,2554,2408,2411,2448,,,
20475,Santiago Matatlán,1236,2368,1930,1974,1920,1765,1612,1653,1680,1741,1996,1930,1965,1946,,,
20476,Santiago Miltepec,123,123,133,99,101,101,110,113,112,111,106,91,91,79,,,
20477,Santiago Minas,746,1179,1109,1077,1110,1099,1081,1122,1104,831,838,841,831,833,,,
20478,Santiago Nacaltepec,1355,1493,1345,1403,1030,1053,1120,1493,1539,1597,1580,1452,1324,1543,,,
20479,Santiago Nejapilla,145,116,198,135,147,129,127,125,126,128,127,115,119,117,,,
20480,Santiago Nundiche,382,428,384,465,452,799,808,810,810,810,814,806,800,799,,,
20481,Santiago Nuyoó,2333,2419,2525,2525,2490,2480,2511,2523,2523,2524,2377,2363,2372,2291,,,
20482,Santiago Pinotepa Nacional,18785,18538,17981,17425,18040,17997,17728,17919,17931,17633,17554,17257,17540,17446,,,
20483,Santiago Suchilquitongo,2350,1964,1863,1349,1203,1068,1033,917,919,885,854,825,754,705,,,
20484,Santiago Tamazola,1030,1024,1137,1245,1240,1238,1251,1173,1170,1161,1167,983,873,852,,,
20485,Santiago Tapextla,2150,2040,1687,1609,1879,1877,1877,1877,1843,1955,2167,2050,2231,2299,,,
20486,Villa Tejúpam de la Unión,1349,1499,1392,2012,2001,1980,1982,1671,1982,1981,1997,1884,1705,1702,,,
20487,Santiago Tenango,502,597,1065,810,836,736,694,715,715,702,690,649,573,335,,,
20488,Santiago Tepetlapa,130,158,115,150,135,138,141,138,141,140,141,134,121,121,,,
20489,Santiago Tetepec,2093,2097,2050,2070,1990,1995,1995,2223,2238,2341,2356,2319,2340,2431,,,
20490,Santiago Texcalcingo,771,817,811,765,778,667,818,819,886,888,921,927,913,1053,,,
20491,Santiago Textitlán,1026,1016,1139,1042,1071,1059,1068,1093,1097,1139,1144,1144,1148,1147,,,
20492,Santiago Tilantongo,1508,1073,1530,1500,1500,1496,1528,1345,1237,1426,1436,1424,1440,1471,,,
20493,Santiago Tillo,1238,927,1290,1305,1239,1238,1296,1427,1367,1336,1423,1252,1265,1273,,,
20494,Santiago Tlazoyaltepec,1089,1025,2252,1316,1311,1323,1293,1324,1325,1311,1283,1224,1120,867,,,
20495,Santiago Xanica,773,1133,1094,1793,1776,1776,1776,1776,2669,2682,2681,2679,2678,2638,,,
20496,Santiago Xiacuí,381,359,359,385,392,394,393,387,394,392,400,376,385,367,,,
20497,Santiago Yaitepec,1350,1330,1330,1330,1150,1438,1438,1671,1670,1673,1675,1682,1679,1615,,,
20498,Santiago Yaveo,9931,19460,20895,19935,19483,20113,20075,22035,26503,27994,28049,31891,32097,32302,,,
20499,Santiago Yolomécatl,299,298,300,350,368,348,354,317,350,346,353,338,346,328,,,
20500,Santiago Yosondúa,2050,1951,1497,1855,1723,2219,2319,2339,2339,2340,2354,2360,2446,2366,,,
20501,Santiago Yucuyachi,172,170,215,185,186,186,204,225,225,227,223,213,209,188,,,
20502,Santiago Zacatepec,3117,3137,3102,3056,3056,3056,3056,3056,3056,3058,3056,3054,2674,2720,,,
20503,Santiago Zoochila,40,51,51,93,53,53,53,53,57,59,57,70,59,58,,,
20504,Nuevo Zoquiápam,260,267,267,267,274,277,273,271,278,283,278,281,281,301,,,
20505,Santo Domingo Ingenio,6213,6357,6458,5797,4906,5131,5315,4385,6250,5607,6268,5606,5508,5387,,,
20506,Santo Domingo Albarradas,453,778,626,620,594,588,613,595,611,536,518,519,515,445,,,
20507,Santo Domingo Armenta,1515,1685,1700,1537,1875,1877,1877,1878,1890,2028,2195,2355,2345,2392,,,
20508,Santo Domingo Chihuitán,1275,1895,2666,1908,1916,1965,1924,1984,2033,2054,2019,1823,1715,1885,,,
20509,Santo Domingo de Morelos,5520,4960,4960,4280,5430,5455,5205,5513,5499,5476,5408,5305,5615,5265,,,
20510,Santo Domingo Ixcatlán,202,175,182,192,180,177,194,196,196,196,196,199,205,206,,,
20511,Santo Domingo Nuxaá,1715,1230,1702,1700,1700,1699,1702,1702,1720,1720,1727,1731,1709,1765,,,
20512,Santo Domingo Ozolotepec,230,300,280,289,293,292,295,292,292,287,289,289,296,292,,,
20513,Santo Domingo Petapa,6433,6508,8432,8231,8545,7526,8576,8593,6593,6883,6892,6901,6917,6908,,,
20514,Santo Domingo Roayaga,382,384,385,345,385,386,387,386,386,386,386,384,380,373,,,
20515,Santo Domingo Tehuantepec,10925,9548,10875,8716,8620,7796,9652,9056,9201,9017,9171,8170,8568,7839,,,
20516,Santo Domingo Teojomulco,878,1203,1164,1184,1245,1243,1205,1284,1276,1227,1224,1215,1222,1204,,,
20517,Santo Domingo Tepuxtepec,775,971,831,820,820,820,820,815,820,820,820,819,818,826,,,
20518,Santo Domingo Tlatayápam,117,159,300,89,89,90,92,94,97,97,96,90,94,89,,,
20519,Santo Domingo Tomaltepec,334,341,294,244,282,351,317,348,349,340,303,292,253,202,,,
20520,Santo Domingo Tonalá,2115,2097,1974,1247,1530,1515,1522,1743,1742,1812,1733,1540,1521,1520,,,
20521,Santo Domingo Tonaltepec,172,152,172,154,156,156,158,151,158,158,158,143,144,140,,,
20522,Santo Domingo Xagacía,190,187,187,185,191,188,189,190,192,192,192,199,192,206,,,
20523,Santo Domingo Yanhuitlán,1850,1405,1815,1734,1734,1739,1741,1878,1824,1792,1803,1719,1657,1757,,,
20524,Santo Domingo Yodohino,375,371,420,292,294,292,287,292,290,289,290,269,256,234,,,
20525,Santo Domingo Zanatepec,6688,6793,13249,14026,14262,13987,13239,9650,13398,14641,14312,14286,14249,14408,,,
20526,Santos Reyes Nopala,7088,8913,8975,9015,8717,9320,10875,8904,8876,8902,8770,8831,8843,8638,,,
20527,Santos Reyes Pápalo,283,309,297,255,313,324,328,332,358,375,367,366,366,367,,,
20528,Santos Reyes Tepejillo,464,468,363,418,416,552,555,565,564,581,560,530,505,494,,,
20529,Santos Reyes Yucuná,204,201,160,222,222,221,222,228,228,232,227,211,198,175,,,
20530,Santo Tomás Jalieza,841,2888,1824,2163,2639,2844,2770,2775,2799,2750,2677,2484,2178,1498,,,
20531,Santo Tomás Mazaltepec,1397,1357,1394,1551,1448,1458,1436,1442,1444,1433,1403,1302,1166,856,,,
20532,Santo Tomás Ocotepec,1048,1355,1403,1503,1502,1493,1503,1518,1518,1519,1499,1491,1451,1508,,,
20533,Santo Tomás Tamazulapan,321,406,397,311,290,302,703,701,701,755,760,761,748,775,,,
20534,San Vicente Coatlán,838,1743,1946,1629,1670,1671,1670,1851,1851,1789,1805,1800,1794,1798,,,
20535,San Vicente Lachixío,313,1100,38,1054,1055,1053,1025,981,981,848,850,854,856,895,,,
20536,San Vicente Nuñú,232,196,468,225,245,220,227,211,222,218,223,225,229,226,,,
20537,Silacayoápam,2135,2132,2050,1849,1940,2215,2200,2117,2114,2226,2148,1812,1671,1623,,,
20538,Sitio de Xitlapehua,272,692,113,723,704,697,697,693,743,741,844,841,840,1038,,,
20539,Soledad Etla,1904,1985,1706,1186,1451,1491,1476,1402,1402,1369,1322,1027,939,664,,,
20540,Villa de Tamazulápam del Progreso,1057,1191,1716,1293,1189,1167,1192,1193,1189,1176,1179,1133,1112,1108,,,
20541,Tanetze de Zaragoza,347,346,346,348,346,347,347,497,749,748,749,753,749,757,,,
20542,Taniche,592,765,414,767,809,764,758,827,777,829,766,734,725,665,,,
20543,Tataltepec de Valdés,7715,9008,8582,8064,8703,8435,9115,5417,5511,5554,5391,5354,5391,5374,,,
20544,Teococuilco de Marcos Pérez,247,247,247,249,250,248,248,247,248,251,249,244,251,240,,,
20545,Teotitlán de Flores Magón,854,836,811,719,676,696,683,714,783,780,746,749,748,745,,,
20546,Teotitlán del Valle,494,753,580,986,1008,961,999,966,910,748,758,749,749,739,,,
20547,Teotongo,789,769,807,674,631,587,621,643,623,630,633,583,614,608,,,
20548,Tepelmeme Villa de Morelos,780,1643,1064,1562,1561,1554,1559,1509,1539,1533,1536,1435,1381,1375,,,
20549,"Heroica Villa Tezoatlán de Segura y Luna, Cuna de la Independencia de Oaxaca",5696,5666,5959,5962,5950,5947,5871,9403,9403,9237,9385,8920,8558,7515,,,
20550,San Jerónimo Tlacochahuaya,884,904,943,819,837,785,828,832,811,626,664,683,679,686,,,
20551,Tlacolula de Matamoros,1756,2028,4718,4740,4600,4554,4683,4801,4712,4186,3915,3844,3842,3513,,,
20552,Tlacotepec Plumas,334,690,427,592,588,575,580,556,577,580,594,573,578,559,,,
20553,Tlalixtac de Cabrera,786,1120,1076,985,1070,1117,1082,1038,1130,1096,1049,1008,766,781,,,
20554,Totontepec Villa de Morelos,1843,1913,1958,1918,1938,1928,1928,1933,2082,2088,2084,2092,1940,1974,,,
20555,Trinidad Zaachila,1652,1293,1405,1195,1199,1189,1201,1034,1039,1005,1003,948,871,862,,,
20556,La Trinidad Vista Hermosa,175,267,236,205,208,204,200,198,201,202,201,184,185,188,,,
20557,Unión Hidalgo,1712,2027,3348,3621,4183,3433,3299,3530,3535,4070,3795,3194,3162,3280,,,
20558,Valerio Trujano,337,322,302,292,304,306,291,283,293,208,212,195,201,200,,,
20559,San Juan Bautista Valle Nacional,10491,11871,11493,9869,10498,10160,10508,10042,13630,13655,14269,14282,14033,14131,,,
20560,Villa Díaz Ordaz,841,1002,1079,1078,1071,965,1034,1045,1037,1045,1062,1059,1065,1066,,,
20561,Yaxe,1484,1805,1934,1293,1415,1775,1787,2178,2198,1899,1745,1679,1511,1038,,,
20562,Magdalena Yodocono de Porfirio Díaz,391,977,388,433,433,438,438,482,450,451,449,445,436,439,,,
20563,Yogana,408,551,697,666,544,526,528,588,588,611,644,634,638,714,,,
20564,Yutanduchi de Guerrero,20,20,1183,1185,1175,1181,1181,1229,1166,1187,1188,1189,1189,1190,,,
20565,Villa de Zaachila,3458,3414,1741,2789,3374,3315,3505,2748,2757,2523,2425,2366,2167,2141,,,
20566,San Mateo Yucutindoo,1724,3247,3187,3079,3053,2972,2965,3049,3105,2534,2484,2494,2501,2476,,,
20567,Zapotitlán Lagunas,1668,1667,980,2008,1977,1976,1977,2012,2009,1990,2019,1682,1461,1260,,,
20568,Zapotitlán Palmas,417,413,334,440,444,442,445,436,436,439,434,513,405,450,,,
20569,Santa Inés de Zaragoza,1206,860,1201,1201,1201,1208,1204,1247,1233,1235,1236,1228,1221,1230,,,
20570,Zimatlán de Álvarez,7134,7113,2836,6806,8472,8584,8588,8299,8401,7404,6867,6764,6313,5619,,,
