CVEGEO,Nombre,SST_2003,SST_2004,SST_2005,SST_2006,SST_2007,SST_2008,SST_2009,SST_2010,SST_2011,SST_2012,SST_2013,SST_2014,SST_2015,SST_2016
20001,Abejones,145,145,145,145,145,145,145,145,145,143,145,148,149,146
20002,Acatlán de Pérez Figueroa,28054,19036,18897,18443,18526,18917,18674,16851,22092,21687,21957,21628,21480,21335
20003,Asunción Cacalotepec,900,900,925,905,943,905,905,1105,1402,1402,1402,1405,1309,1341
20004,Asunción Cuyotepeji,225,223,166,70,74,74,76,157,156,163,160,134,125,122
20005,Asunción Ixtaltepec,4581,4899,5998,5684,5749,5589,7030,8007,6204,6780,7428,6790,6888,7128
20006,Asunción Nochixtlán,4368,3323,4358,4358,4358,4291,4360,4512,4378,4374,4390,4266,4277,4298
20007,Asunción Ocotlán,616,715,429,791,681,703,680,681,681,674,662,326,306,314
20008,Asunción Tlacolulita,469,480,519,547,548,548,568,449,573,569,592,508,587,519
20009,Ayotzintepec,3114,7801,7820,6697,7256,7761,7751,7761,8606,8404,8008,8304,8865,8361
20010,El Barrio de la Soledad,1492,1338,1720,1658,1517,1069,1747,2070,2067,2323,2313,2344,2342,2355
20011,Calihualá,346,344,375,326,320,589,592,430,430,434,431,368,347,320
20012,Candelaria Loxicha,6752,6632,6752,6732,6677,6707,6757,6151,6802,6809,6820,6817,6722,6635
20013,Ciénega de Zimatlán,1241,1388,513,699,1105,1005,1005,1005,1005,982,973,671,538,569
20014,Ciudad Ixtepec,1604,1624,1869,1724,1743,1685,1848,1808,1921,2008,2264,1211,1108,1144
20015,Coatecas Altas,871,727,1216,679,1190,1190,1190,1190,1190,1158,1163,1172,1151,1204
20016,Coicoyán de las Flores,1224,1219,770,2560,2562,3559,3561,3575,3575,3642,3566,3250,3188,2932
20017,La Compañía,1478,1367,2457,1564,2477,2514,2519,2549,2549,2289,2292,2289,2265,2303
20018,Concepción Buenavista,694,786,771,661,661,657,658,581,672,669,668,622,567,556
20019,Concepción Pápalo,1100,1291,1266,1294,1225,1230,1312,1324,1244,1342,1339,1338,1330,1319
20020,Constancia del Rosario,216,443,667,712,705,710,720,715,715,715,711,698,708,719
20021,Cosolapa,6255,9776,9851,9775,9371,9518,9514,8768,10720,10840,11101,10742,10268,9809
20022,Cosoltepec,299,297,397,334,340,367,370,391,391,462,462,449,437,415
20023,Cuilápam de Guerrero,2265,1923,2535,2525,3063,3086,3056,2482,2494,2445,2388,2175,1970,2021
20024,Cuyamecalco Villa de Zaragoza,263,316,335,316,344,332,344,343,349,354,353,362,357,351
20025,Chahuites,3742,3823,4358,4699,4910,4730,5008,3844,5063,5531,4997,4562,2001,2040
20026,Chalcatongo de Hidalgo,2778,2785,3208,3008,2944,2895,3011,3019,3019,3017,2931,2898,2861,2888
20027,Chiquihuitlán de Benito Juárez,358,667,716,667,670,675,667,677,671,674,567,581,572,568
20028,Heroica Ciudad de Ejutla de Crespo,2916,4165,4486,4276,5239,5280,5280,5380,5380,5196,5186,5175,5162,5212
20029,Eloxochitlán de Flores Magón,1762,1684,1655,1697,1699,1725,1673,1570,1570,1572,1580,1593,1582,1586
20030,El Espinal,720,689,851,837,986,986,1004,1009,1011,1051,1012,769,757,834
20031,Tamazulápam del Espíritu Santo,1095,1170,1150,1190,1282,1212,1182,1182,1262,1262,1264,1243,1247,1262
20032,Fresnillo de Trujano,833,825,530,305,306,305,309,308,308,303,296,207,178,166
20033,Guadalupe Etla,494,526,374,363,316,316,320,316,321,297,274,262,229,184
20034,Guadalupe de Ramírez,507,505,330,553,554,555,559,556,556,547,548,414,362,313
20035,Guelatao de Juárez,88,88,88,88,95,86,86,88,86,82,86,51,51,49
20036,Guevea de Humboldt,7069,7180,6535,7091,6401,6324,6109,6229,5430,4428,6443,5769,5499,5323
20037,Mesones Hidalgo,1018,944,828,1518,1486,1491,1506,1511,1511,1511,1508,1509,1468,1462
20038,Villa Hidalgo,130,137,132,132,122,134,132,134,134,144,145,154,160,193
20039,Heroica Ciudad de Huajuapan de León,3386,3374,1913,2538,2516,2519,2521,2682,2682,2716,2683,1959,1810,1912
20040,Huautepec,3891,3070,3071,3002,3010,3037,2958,2887,2909,2913,2689,2719,2708,2707
20041,Huautla de Jiménez,5243,10048,10098,10044,9997,10036,9670,9543,4562,3760,3641,3667,3656,3650
20042,Ixtlán de Juárez,3425,3265,3265,3271,3235,3244,3243,3271,3244,3250,3194,3219,3192,3201
20043,Heroica Ciudad de Juchitán de Zaragoza,10171,9323,9468,8286,9053,7888,8596,7654,8417,8912,8263,6349,6811,6652
20044,Loma Bonita,10485,9349,10312,9672,8820,19578,20890,18480,18469,17637,18231,18449,19019,18609
20045,Magdalena Apasco,1529,1285,849,1284,875,865,865,865,867,855,848,829,746,758
20046,Magdalena Jaltepec,3621,2621,3612,3607,3607,3595,3635,3663,3628,3630,3639,3538,3547,3560
20047,Santa Magdalena Jicotlán,153,238,267,180,225,225,212,161,173,172,169,163,157,159
20048,Magdalena Mixtepec,439,564,242,395,579,580,581,574,575,555,540,498,386,211
20049,Magdalena Ocotlán,616,798,515,633,790,808,792,792,792,770,743,697,535,550
20050,Magdalena Peñasco,505,471,470,518,504,533,535,547,547,549,551,546,547,568
20051,Magdalena Teitipac,786,1076,849,906,876,905,855,857,878,916,923,902,902,894
20052,Magdalena Tequisistlán,2029,1553,2068,2487,2490,2195,2228,1798,2063,1988,1942,1596,1828,1795
20053,Magdalena Tlacotepec,223,242,371,180,190,240,288,165,224,161,153,167,147,166
20054,Magdalena Zahuatlán,555,460,614,614,614,613,665,722,666,666,671,558,546,561
20055,Mariscala de Juárez,823,813,663,875,867,867,870,1750,1748,917,876,781,739,732
20056,Mártires de Tacubaya,1095,1140,1070,945,1165,1170,1170,1180,1182,1262,1322,1202,1332,1415
20057,Matías Romero Avendaño,6454,6220,15343,14756,13935,14138,16763,19883,29756,35743,35773,35776,35525,35499
20058,Mazatlán Villa de Flores,6735,3309,3323,3349,3352,3391,3348,3326,3334,3372,3348,3379,3372,3358
20059,Miahuatlán de Porfirio Díaz,4256,6230,7070,6114,6972,8136,8136,8136,8136,7927,8088,7956,7957,7807
20060,Mixistlán de la Reforma,612,612,632,632,632,632,632,632,632,631,635,639,631,643
20061,Monjas,574,746,731,678,646,748,748,748,748,742,757,753,752,772
20062,Natividad,24,24,24,24,24,24,24,24,24,26,24,24,22,30
20063,Nazareno Etla,257,600,594,357,354,325,326,166,167,154,142,140,120,134
20064,Nejapa de Madero,4952,4613,7886,7951,8000,7780,7829,7003,7329,7169,6885,6489,6667,6675
20065,Ixpantepec Nieves,485,483,483,450,457,456,457,539,539,544,523,406,369,357
20066,Santiago Niltepec,5226,5305,6464,6382,6382,6562,7342,5652,6453,6560,7218,6493,6461,6312
20067,Oaxaca de Juárez,78,327,324,261,310,328,307,322,323,231,214,194,150,158
20068,Ocotlán de Morelos,3676,4480,3223,3198,4839,2993,2965,2965,3066,2995,2890,2855,2590,2639
20069,La Pe,741,740,1332,810,1728,1725,1725,1727,1727,1666,1660,1648,1635,1540
20070,Pinotepa de Don Luis,1665,1572,1390,1440,1440,1490,1485,1460,1421,1506,1487,1407,1565,1675
20071,Pluma Hidalgo,7477,7477,7477,7477,7448,7578,7528,7653,6653,6156,6156,6161,6089,6092
20072,San José del Progreso,1550,1888,1569,1590,2308,2358,2359,2344,2364,2389,2356,2273,2040,2126
20073,Putla Villa de Guerrero,4024,5072,4438,6474,6332,6284,6474,6482,7994,7991,8140,8110,8184,7931
20074,Santa Catarina Quioquitani,271,275,273,275,306,276,304,300,324,324,328,299,298,291
20075,Reforma de Pineda,2224,2272,3655,4073,4470,4250,4012,2909,4626,5102,4454,4422,3325,2846
20076,La Reforma,823,863,835,1183,670,657,679,778,1270,1272,1267,1270,1274,1280
20077,Reyes Etla,245,459,532,282,442,440,440,440,440,438,432,423,395,459
20078,Rojas de Cuauhtémoc,67,65,298,298,298,300,299,300,268,221,122,125,127,128
20079,Salina Cruz,712,594,520,471,584,625,951,740,605,758,730,525,508,486
20080,San Agustín Amatengo,418,565,641,670,551,560,560,560,560,598,586,576,573,586
20081,San Agustín Atenango,225,223,204,234,231,231,234,1558,1558,252,251,183,169,169
20082,San Agustín Chayuco,3780,3765,3760,3730,3780,3775,3790,2975,2761,2793,2794,2606,2792,2728
20083,San Agustín de las Juntas,203,212,123,102,143,167,167,167,167,143,138,126,97,78
20084,San Agustín Etla,176,178,163,128,138,125,122,130,137,124,113,102,97,97
20085,San Agustín Loxicha,12832,12832,12832,12832,12788,12832,12828,11022,11104,11100,11107,11107,10861,10360
20086,San Agustín Tlacotepec,295,271,263,304,300,301,273,310,310,312,308,311,309,316
20087,San Agustín Yatareni,180,256,165,120,150,150,150,150,140,130,120,105,98,111
20088,San Andrés Cabecera Nueva,689,742,738,775,773,778,778,846,1060,1057,1051,1052,1065,1057
20089,San Andrés Dinicuiti,1057,1051,741,656,662,664,666,951,1031,1048,1034,935,867,723
20090,San Andrés Huaxpaltepec,2040,1950,1870,1867,1875,1905,1945,1947,1953,1991,1987,1788,2109,2196
20091,San Andrés Huayápam,746,755,751,749,743,743,743,743,743,720,700,694,555,357
20092,San Andrés Ixtlahuaca,634,806,636,523,558,558,558,558,558,535,523,503,466,410
20093,San Andrés Lagunas,657,451,912,677,709,677,675,657,667,670,667,617,640,631
20094,San Andrés Nuxiño,819,579,811,811,811,808,811,862,823,823,827,813,819,825
20095,San Andrés Paxtlán,98,428,440,444,417,415,415,415,415,365,374,372,359,370
20096,San Andrés Sinaxtla,1480,1131,1450,1456,1456,1453,1507,1569,1515,1545,1549,1259,1217,1248
20097,San Andrés Solaga,232,242,240,240,230,242,240,242,257,257,257,259,250,251
20098,San Andrés Teotilálpam,2033,3129,3124,3140,3104,3151,3136,3143,2351,2414,2406,2300,2406,2419
20099,San Andrés Tepetlapa,57,56,56,150,148,148,150,80,80,82,81,76,75,70
20100,San Andrés Yaá,163,163,163,163,163,163,163,163,194,196,194,199,196,197
20101,San Andrés Zabache,117,250,299,278,278,270,278,298,298,305,295,294,289,268
20102,San Andrés Zautla,659,710,574,562,1597,1697,1697,818,815,805,793,775,729,744
20103,San Antonino Castillo Velasco,756,882,1286,1163,785,1142,1136,1136,1136,1080,1030,896,845,847
20104,San Antonino el Alto,562,543,554,572,726,793,793,793,793,789,767,755,725,460
20105,San Antonino Monte Verde,2178,1841,2180,2287,2313,2301,2291,2165,2290,2286,2292,2062,2066,2008
20106,San Antonio Acutla,167,202,235,205,210,211,214,203,214,214,214,190,180,175
20107,San Antonio de la Cal,104,69,69,18,57,63,60,60,60,52,50,45,30,37
20108,San Antonio Huitepec,1225,2253,1337,2254,3032,3029,3029,2982,2995,2938,2916,2874,2799,1746
20109,San Antonio Nanahuatípam,0,0,0,0,0,0,0,0,0,0,0,0,0,0
20110,San Antonio Sinicahua,337,309,167,356,351,355,359,365,365,363,361,365,362,377
20111,San Antonio Tepetlapa,1260,1365,1325,1325,1305,1300,1345,1305,1311,1369,1406,1464,1511,1556
20112,San Baltazar Chichicápam,1259,1482,1845,1285,1283,2948,2942,2936,2993,3019,2923,2836,2600,2070
20113,San Baltazar Loxicha,1548,1548,1548,1700,1542,1542,1712,1274,1392,1389,1392,1390,1305,1264
20114,San Baltazar Yatzachi el Bajo,114,121,121,122,122,121,121,121,122,122,122,123,118,122
20115,San Bartolo Coyotepec,738,832,575,497,749,692,687,686,688,669,849,836,763,770
20116,San Bartolomé Ayautla,2375,1914,2100,1934,1931,1953,1921,1884,1873,1888,1732,1749,1750,1736
20117,San Bartolomé Loxicha,2338,2338,2338,2168,2310,2310,2140,1457,1551,1554,1556,1545,1525,1548
20118,San Bartolomé Quialana,501,552,612,592,565,562,549,584,583,462,456,455,452,461
20119,San Bartolomé Yucuañe,173,201,195,220,222,318,321,301,301,301,299,295,309,285
20120,San Bartolomé Zoogocho,24,22,22,22,22,22,22,22,22,24,22,26,20,25
20121,San Bartolo Soyaltepec,777,773,863,770,800,771,772,764,769,775,773,705,685,689
20122,San Bartolo Yautepec,644,585,530,580,581,581,571,446,471,419,376,313,353,330
20123,San Bernardo Mixtepec,928,1264,475,1028,1561,1378,1379,1378,1392,1354,1315,1291,1215,911
20124,San Blas Atempa,1462,2356,1553,1591,2753,2280,2350,1700,2087,2549,2380,2195,2296,2350
20125,San Carlos Yautepec,5578,5563,5700,6113,6246,5712,5984,5706,5889,5523,5399,4659,5347,5216
20126,San Cristóbal Amatlán,1108,1320,1380,1271,1318,1574,1574,1574,1574,1374,1411,1401,1399,1408
20127,San Cristóbal Amoltepec,271,283,244,317,314,316,321,323,323,321,323,323,330,349
20128,San Cristóbal Lachirioag,293,295,295,297,296,296,295,295,376,374,376,373,378,364
20129,San Cristóbal Suchixtlahuaca,348,500,493,465,465,465,461,455,461,590,598,551,537,543
20130,San Dionisio del Mar,1225,1260,903,953,923,1055,1070,750,956,958,954,947,950,938
20131,San Dionisio Ocotepec,3498,5732,933,5061,5009,4984,4904,4995,5214,4486,4357,4350,4354,4053
20132,San Dionisio Ocotlán,541,677,852,755,674,688,678,668,672,672,656,643,603,518
20133,San Esteban Atatlahuca,1031,1087,986,1106,1100,1102,1107,1112,1112,1111,1135,1133,1146,1085
20134,San Felipe Jalapa de Díaz,10671,13350,13081,11804,12079,12505,12400,11500,11786,12696,12149,13240,12523,12408
20135,San Felipe Tejalápam,1275,1237,1256,1241,1210,1212,1213,1212,1214,1200,1186,1136,1050,893
20136,San Felipe Usila,8201,9856,9826,9271,10522,9478,9475,8625,8618,8445,8378,8353,8051,8171
20137,San Francisco Cahuacuá,1118,1373,1397,1341,1348,1508,1468,1432,1356,1657,1653,1660,1661,1667
20138,San Francisco Cajonos,123,134,134,133,134,132,132,132,134,137,134,139,141,144
20139,San Francisco Chapulapa,510,1032,1037,1029,1032,1030,1015,1028,1025,1029,829,817,836,812
20140,San Francisco Chindúa,736,540,710,710,710,711,753,805,752,755,757,570,575,580
20141,San Francisco del Mar,2864,2860,3108,3318,3247,3698,3773,1881,3230,3226,3360,3276,3239,2995
20142,San Francisco Huehuetlán,485,488,484,490,502,443,522,525,533,536,537,550,542,534
20143,San Francisco Ixhuatán,3765,3423,5812,6157,6079,5649,5322,3941,6185,6234,6244,6070,6259,6103
20144,San Francisco Jaltepetongo,656,489,650,650,650,658,656,669,606,625,629,450,432,434
20145,San Francisco Lachigoló,349,404,410,409,409,417,411,415,420,398,413,405,400,393
20146,San Francisco Logueche,220,350,350,327,492,492,1003,1003,1003,487,388,379,378,381
20147,San Francisco Nuxaño,307,218,300,300,300,303,304,342,316,321,320,307,304,306
20148,San Francisco Ozolotepec,520,730,735,725,725,725,725,605,605,692,654,658,647,649
20149,San Francisco Sola,398,670,526,573,579,438,380,523,493,422,432,436,436,426
20150,San Francisco Telixtlahuaca,1561,1498,2308,1990,1332,1137,1138,845,848,817,787,766,733,614
20151,San Francisco Teopan,439,469,470,420,420,413,409,395,409,409,407,365,360,354
20152,San Francisco Tlapancingo,478,476,518,590,590,950,952,592,592,598,591,465,395,350
20153,San Gabriel Mixtepec,5205,5205,4855,4863,5035,5260,5097,5260,5245,5325,5178,5200,5266,5274
20154,San Ildefonso Amatlán,525,684,830,905,1056,1176,665,665,665,667,659,654,658,659
20155,San Ildefonso Sola,217,391,347,302,302,313,301,315,310,313,331,323,325,286
20156,San Ildefonso Villa Alta,1418,1466,1471,1484,1398,1486,1485,1486,1748,1750,1748,1747,1648,1631
20157,San Jacinto Amilpas,126,133,110,100,105,105,105,105,105,62,46,38,28,28
20158,San Jacinto Tlacotepec,1028,1165,1181,1126,1132,1143,1109,1083,1083,875,880,879,892,1086
20159,San Jerónimo Coatlán,1280,1595,2203,1549,2198,2198,2198,2198,2527,2748,2757,2746,2762,2721
20160,San Jerónimo Silacayoapilla,386,383,300,335,333,332,334,331,331,336,330,228,192,304
20161,San Jerónimo Sosola,1070,1113,47,1557,2565,2566,2566,2166,2187,2074,2016,1940,1695,1411
20162,San Jerónimo Taviche,622,659,1137,490,697,687,687,686,689,685,666,566,505,442
20163,San Jerónimo Tecóatl,332,646,646,641,655,600,631,686,641,663,672,680,669,675
20164,San Jorge Nuchita,184,182,344,255,262,263,266,274,274,276,272,247,234,247
20165,San José Ayuquila,925,913,635,641,652,654,656,684,684,695,677,523,418,409
20166,San José Chiltepec,7282,13294,14139,12883,12326,12933,13177,12788,13186,12208,12663,12706,12696,12840
20167,San José del Peñasco,437,849,840,823,938,938,938,938,938,898,910,906,917,797
20168,San José Estancia Grande,1295,1285,1160,1090,1230,1230,1270,1270,1274,1391,1395,1472,1510,1516
20169,San José Independencia,939,862,992,942,836,967,971,967,1017,962,970,1071,1055,1078
20170,San José Lachiguiri,120,200,206,280,282,310,280,285,285,294,317,308,302,334
20171,San José Tenango,17894,17537,17948,17200,16753,16823,16621,16544,11336,10347,9840,9871,8389,8491
20172,San Juan Achiutla,119,167,185,182,180,185,190,190,190,190,191,193,199,227
20173,San Juan Atepec,158,162,162,162,160,160,160,162,160,156,161,165,164,165
20174,Ánimas Trujano,625,545,573,303,427,548,522,522,522,512,497,262,119,129
20175,San Juan Bautista Atatlahuca,326,460,225,604,726,651,651,640,641,625,603,578,539,446
20176,San Juan Bautista Coixtlahuaca,1600,982,1625,1633,1786,1652,1646,1608,1643,1560,1562,1500,1529,1510
20177,San Juan Bautista Cuicatlán,941,953,809,932,940,962,557,946,954,955,959,906,926,939
20178,San Juan Bautista Guelache,384,605,789,727,510,510,510,420,420,406,398,390,362,340
20179,San Juan Bautista Jayacatlán,450,650,864,840,538,538,538,538,537,529,521,510,488,323
20180,San Juan Bautista Lo de Soto,1292,1382,1152,1102,1202,1207,1207,1208,1209,1293,1364,1368,1546,1586
20181,San Juan Bautista Suchitepec,203,198,197,141,145,144,147,141,140,142,200,113,108,108
20182,San Juan Bautista Tlacoatzintepec,1034,1684,1708,1659,1683,1697,1700,1704,1675,1678,1480,1488,1486,1509
20183,San Juan Bautista Tlachichilco,340,338,230,180,185,185,187,227,227,229,225,222,190,187
20184,San Juan Bautista Tuxtepec,31782,67430,69952,66354,64982,66220,65714,60250,63235,62725,64383,64851,65064,65743
20185,San Juan Cacahuatepec,2885,2978,1992,1892,2092,2092,2092,2092,2095,2149,2276,2173,2325,2466
20186,San Juan Cieneguilla,251,250,190,400,360,350,353,356,356,359,354,289,240,235
20187,San Juan Coatzóspam,3151,2270,2412,2147,2153,2178,2051,2086,2084,2088,1885,1895,1901,1871
20188,San Juan Colorado,1892,1952,1952,1952,1950,1950,1950,1985,2005,2061,2079,2022,2158,2232
20189,San Juan Comaltepec,1498,3242,3268,3268,3180,3220,3230,3220,3290,3273,3268,3327,3467,3388
20190,San Juan Cotzocón,11971,24751,26707,38318,38027,38052,37987,40007,45734,47424,47522,47066,47786,48066
20191,San Juan Chicomezúchil,85,85,85,85,91,91,92,85,91,90,91,92,90,82
20192,San Juan Chilateca,798,1190,678,730,1246,975,962,958,961,940,919,485,438,406
20193,San Juan del Estado,253,770,976,901,639,639,639,639,642,636,632,612,558,375
20194,San Juan del Río,577,1732,1081,1074,1046,1034,1051,1079,1072,910,845,834,838,804
20195,San Juan Diuxi,317,226,310,310,310,311,318,334,282,322,332,324,325,335
20196,San Juan Evangelista Analco,77,77,77,77,87,87,86,77,87,89,87,93,83,83
20197,San Juan Guelavía,161,458,257,236,233,243,207,205,245,373,576,570,569,558
20198,San Juan Guichicovi,16111,16417,24613,21410,21415,20933,23150,25821,25178,28102,28058,27564,27548,27666
20199,San Juan Ihualtepec,207,206,292,320,298,298,300,320,320,320,321,293,255,240
20200,San Juan Juquila Mixes,1340,1345,1355,1315,1315,1315,1315,1315,1443,1440,1443,1458,1359,1355
20201,San Juan Juquila Vijanos,665,671,671,691,691,691,691,691,715,715,715,718,716,708
20202,San Juan Lachao,4300,4710,4610,4610,4485,4795,4787,4314,4312,4340,4150,4164,4185,4101
20203,San Juan Lachigalla,222,616,616,589,625,636,647,647,647,614,602,597,608,614
20204,San Juan Lajarcia,575,801,1089,1093,1105,1030,1093,1030,1008,902,877,781,806,798
20205,San Juan Lalana,6090,14253,14352,14306,12931,14231,14246,14230,14780,14576,14625,14493,14410,14382
20206,San Juan de los Cués,259,258,228,270,267,204,279,283,284,289,283,276,275,284
20207,San Juan Mazatlán,12632,12392,20898,17397,17487,17300,20244,22625,35218,43215,42810,42846,42773,42701
20208,San Juan Mixtepec,3610,2332,2206,3106,3035,5193,5194,5197,5197,5194,5177,5174,5052,5148
20209,San Juan Mixtepec,75,215,725,200,200,200,360,360,360,320,325,322,326,335
20210,San Juan Ñumí,2022,2425,2261,2502,2636,2760,2768,2767,2767,2764,2738,2680,2729,2832
20211,San Juan Ozolotepec,825,975,982,955,955,955,954,954,954,962,924,927,917,868
20212,San Juan Petlapa,1084,1131,1139,1008,1029,1134,1124,1131,1289,2032,1977,2009,2089,2094
20213,San Juan Quiahije,1400,1400,1400,1400,1175,1400,1505,1063,1063,1072,1070,1083,1077,1020
20214,San Juan Quiotepec,379,379,379,384,388,388,388,379,388,391,388,390,385,390
20215,San Juan Sayultepec,1016,759,989,989,1089,1086,1149,1173,1158,1139,1144,1056,1059,1069
20216,San Juan Tabaá,120,132,132,132,127,132,132,132,189,188,189,205,186,187
20217,San Juan Tamazola,2293,1652,2280,2280,2280,2291,2285,2177,2141,2225,2236,2228,2221,2242
20218,San Juan Teita,150,213,185,205,204,208,212,218,218,218,215,216,220,225
20219,San Juan Teitipac,472,556,539,530,529,525,512,513,520,474,473,471,468,364
20220,San Juan Tepeuxila,644,777,791,773,766,790,801,800,805,818,812,800,812,803
20221,San Juan Teposcolula,781,713,599,879,924,879,885,845,879,843,843,819,727,726
20222,San Juan Yaeé,498,500,501,506,447,516,515,516,605,607,605,606,586,594
20223,San Juan Yatzona,297,298,298,313,311,313,313,363,414,415,414,412,420,410
20224,San Juan Yucuita,1316,1014,1290,1290,1290,1288,1428,1493,1474,1471,1470,1040,1003,1015
20225,San Lorenzo,1975,2047,2072,2072,2042,2047,2047,1806,1831,1857,1912,1779,2040,2229
20226,San Lorenzo Albarradas,999,1573,1568,1583,1624,1628,1626,1685,1705,1480,1605,1589,1583,1539
20227,San Lorenzo Cacaotepec,520,245,282,240,820,800,800,518,518,516,518,505,442,493
20228,San Lorenzo Cuaunecuiltitla,126,131,128,137,142,164,146,147,149,152,146,156,152,137
20229,San Lorenzo Texmelúcan,1202,1530,1510,1378,1475,1484,1485,1463,1455,1834,1801,1796,1794,1671
20230,San Lorenzo Victoria,163,161,174,200,194,203,204,208,208,209,207,193,186,184
20231,San Lucas Camotlán,635,635,620,590,590,590,590,590,1408,1408,1408,1412,1047,1055
20232,San Lucas Ojitlán,11730,22813,22857,21260,21007,22783,21328,21619,22042,23089,22590,21919,20827,20517
20233,San Lucas Quiaviní,636,679,761,726,689,689,669,702,699,482,520,516,514,509
20234,San Lucas Zoquiápam,6964,3843,1792,3884,3896,3924,3749,3743,3234,2951,2850,2864,2845,2866
20235,San Luis Amatlán,1246,2206,1885,2355,2325,5297,4297,4297,4297,3813,3836,3806,3828,3932
20236,San Marcial Ozolotepec,35,200,214,345,345,454,574,574,574,576,551,545,547,546
20237,San Marcos Arteaga,757,752,485,487,485,483,486,628,628,622,628,489,392,338
20238,San Martín de los Cansecos,273,370,370,343,389,389,389,390,390,397,396,397,402,380
20239,San Martín Huamelúlpam,494,493,481,581,574,577,586,591,591,592,592,594,602,600
20240,San Martín Itunyoso,550,632,607,710,687,679,711,714,714,713,706,702,684,717
20241,San Martín Lachilá,323,232,37,197,757,757,757,782,782,764,769,763,766,698
20242,San Martín Peras,1572,1567,745,1100,1104,2794,2797,2001,2001,2023,1974,1542,1375,1250
20243,San Martín Tilcajete,1001,1088,990,955,968,878,866,863,878,883,845,822,755,776
20244,San Martín Toxpalan,395,399,396,412,419,375,432,439,431,437,426,425,424,418
20245,San Martín Zacatepec,929,924,583,267,270,319,322,303,303,302,251,230,203,191
20246,San Mateo Cajonos,124,130,129,129,124,129,129,129,129,132,129,132,131,139
20247,Capulálpam de Méndez,100,100,100,100,116,116,117,100,116,114,116,117,114,115
20248,San Mateo del Mar,810,625,812,879,962,864,798,720,804,890,865,777,709,694
20249,San Mateo Yoloxochitlán,2054,913,913,924,909,941,921,901,898,904,747,751,702,684
20250,San Mateo Etlatongo,536,501,638,638,638,605,621,652,627,587,596,380,372,385
20251,San Mateo Nejápam,247,246,178,350,345,345,347,280,280,277,280,270,240,228
20252,San Mateo Peñasco,493,535,472,600,590,577,604,605,605,604,603,610,607,596
20253,San Mateo Piñas,6534,6422,6534,6522,6485,6485,6485,5218,5219,5230,4980,4990,4925,4977
20254,San Mateo Río Hondo,340,496,516,529,2091,1509,929,929,929,889,866,862,855,776
20255,San Mateo Sindihui,19,842,1050,1050,1050,1045,1047,929,1020,1039,1045,1048,1038,1041
20256,San Mateo Tlapiltepec,229,272,173,230,230,225,223,213,223,223,223,195,200,194
20257,San Melchor Betaza,273,286,284,286,274,287,284,287,299,301,299,301,298,307
20258,San Miguel Achiutla,270,416,260,458,448,440,459,465,465,467,472,471,469,502
20259,San Miguel Ahuehuetitlán,572,568,327,700,700,700,702,470,470,461,470,460,420,415
20260,San Miguel Aloápam,492,492,492,492,461,463,461,493,462,462,462,464,477,465
20261,San Miguel Amatitlán,2863,2832,2136,2480,2469,2474,2476,2679,2679,2695,2668,2250,2133,1924
20262,San Miguel Amatlán,155,155,155,160,180,180,180,160,180,178,180,180,179,186
20263,San Miguel Coatlán,983,1374,1355,1375,1314,1305,1305,1305,1305,1362,1361,1355,1364,1088
20264,San Miguel Chicahua,895,649,890,890,890,895,911,943,890,893,915,724,806,807
20265,San Miguel Chimalapa,7725,7810,8139,8312,8377,5667,7515,5757,5498,5207,5145,5164,5563,4916
20266,San Miguel del Puerto,7606,7530,7606,7595,7572,7572,7572,6573,6578,6383,6236,6225,6030,6082
20267,San Miguel del Río,40,40,40,40,43,43,43,40,43,45,43,42,41,43
20268,San Miguel Ejutla,410,417,731,517,596,597,597,397,397,444,434,430,431,430
20269,San Miguel el Grande,1341,1448,1276,1543,1520,1557,1794,1581,1581,1569,1563,1569,1591,1558
20270,San Miguel Huautla,693,506,695,695,695,699,699,679,674,672,686,531,608,615
20271,San Miguel Mixtepec,752,601,687,1046,1353,1353,1355,1351,1358,1333,1292,1228,1148,922
20272,San Miguel Panixtlahuaca,4561,4535,4490,4490,4215,4555,4642,3386,3385,3339,3146,3156,3166,3089
20273,San Miguel Peras,2629,3968,4327,1764,1559,1564,1566,1526,1537,1459,1378,1332,1186,933
20274,San Miguel Piedras,178,739,950,950,950,955,957,993,573,932,935,936,920,924
20275,San Miguel Quetzaltepec,2753,2648,2763,2698,2703,2698,2698,2698,3718,3715,3718,3707,3414,3435
20276,San Miguel Santa Flor,210,212,208,214,217,224,231,235,291,295,295,292,293,294
20277,Villa Sola de Vega,3088,5975,5682,5804,5809,5804,5392,5733,5420,4635,4618,4596,4593,4583
20278,San Miguel Soyaltepec,11402,16115,16081,14884,15290,15811,15906,14461,16894,16209,16731,16497,16677,16511
20279,San Miguel Suchixtepec,285,425,458,301,300,300,300,306,306,338,332,330,333,302
20280,Villa Talea de Castro,608,615,616,686,658,655,654,855,1008,1010,1008,1017,957,961
20281,San Miguel Tecomatlán,199,131,183,183,183,180,185,210,206,198,195,192,185,190
20282,San Miguel Tenango,834,843,847,843,846,847,847,546,670,570,574,481,570,523
20283,San Miguel Tequixtepec,969,877,670,850,850,846,848,834,849,846,846,815,825,818
20284,San Miguel Tilquiápam,356,526,350,270,510,456,456,442,444,437,433,424,386,396
20285,San Miguel Tlacamama,2259,2189,1876,1876,1876,1875,1875,1875,1876,2005,2012,1943,2047,2099
20286,San Miguel Tlacotepec,481,477,326,350,350,351,352,480,480,475,480,408,378,350
20287,San Miguel Tulancingo,158,141,152,191,201,195,192,188,191,190,190,169,175,176
20288,San Miguel Yotao,74,254,254,254,264,264,264,254,264,264,264,266,265,272
20289,San Nicolás,392,565,585,538,613,610,618,618,618,547,550,549,546,550
20290,San Nicolás Hidalgo,139,137,97,181,181,181,184,193,193,198,184,353,164,152
20291,San Pablo Coatlán,1468,1821,1730,1829,1831,1835,1836,1846,1836,2104,2061,2047,2142,1855
20292,San Pablo Cuatro Venados,682,1011,996,862,950,950,950,950,962,930,915,901,810,564
20293,San Pablo Etla,293,414,451,423,601,317,317,597,597,571,548,531,505,459
20294,San Pablo Huitzo,643,744,1268,1105,756,545,545,545,548,525,510,496,428,412
20295,San Pablo Huixtepec,1823,2027,981,1678,2183,2213,2204,2176,2179,2112,2075,1494,1359,1387
20296,San Pablo Macuiltianguis,164,164,164,164,173,173,173,164,173,168,173,172,180,181
20297,San Pablo Tijaltepec,204,1037,970,1200,1192,1190,1197,1211,1211,1211,1221,1219,1195,1227
20298,San Pablo Villa de Mitla,1127,1823,1662,1610,1620,1569,1503,1549,1542,1504,1554,1552,1552,1550
20299,San Pablo Yaganiza,113,231,231,120,120,121,118,118,121,121,121,123,117,128
20300,San Pedro Amuzgos,1025,793,688,836,838,839,869,854,854,854,858,863,863,923
20301,San Pedro Apóstol,704,933,1545,743,879,878,876,869,893,858,815,795,760,744
20302,San Pedro Atoyac,1060,1156,1146,1147,1145,1140,1135,1285,1298,1393,1392,1378,1534,1611
20303,San Pedro Cajonos,88,93,93,93,93,93,93,93,93,93,93,94,95,92
20304,San Pedro Coxcaltepec Cántaros,655,469,646,646,606,609,613,617,622,623,623,531,557,566
20305,San Pedro Comitancillo,2119,1782,2050,1775,2025,1521,2030,1623,1380,1495,1445,1211,1205,1287
20306,San Pedro el Alto,1420,1420,1420,1420,1385,1385,1385,1005,1169,1170,1173,1153,1013,1063
20307,San Pedro Huamelula,1483,1692,1851,1071,2401,1881,2013,2291,2010,2045,2089,1460,2206,1716
20308,San Pedro Huilotepec,199,318,401,429,283,341,525,475,347,410,385,345,317,371
20309,San Pedro Ixcatlán,4341,4283,4296,3950,3939,4458,4458,4132,4230,4690,4785,6278,5924,5850
20310,San Pedro Ixtlahuaca,751,1012,1013,539,1003,998,1004,1004,1004,992,980,951,806,759
20311,San Pedro Jaltepetongo,240,242,215,211,242,254,146,246,238,234,240,170,132,225
20312,San Pedro Jicayán,2185,2017,1747,1747,1697,1702,1702,1703,1680,1718,1711,1565,1729,1880
20313,San Pedro Jocotipac,286,285,263,294,279,291,150,281,283,282,287,243,181,279
20314,San Pedro Juchatengo,740,540,490,490,500,696,691,748,748,753,750,767,763,740
20315,San Pedro Mártir,620,735,1181,545,708,716,705,703,703,702,698,679,619,568
20316,San Pedro Mártir Quiechapa,539,500,490,506,500,500,495,485,435,489,491,461,453,434
20317,San Pedro Mártir Yucuxaco,240,471,462,518,518,525,526,527,527,527,527,523,520,520
20318,San Pedro Mixtepec,8004,11479,11593,9159,11994,11839,13499,13611,13424,13248,13246,13207,13284,13195
20319,San Pedro Mixtepec,166,373,333,315,311,311,311,311,311,283,280,285,287,271
20320,San Pedro Molinos,374,234,232,254,250,327,337,340,340,340,342,340,342,338
20321,San Pedro Nopala,311,310,357,335,330,326,329,329,329,329,329,287,280,275
20322,San Pedro Ocopetatillo,560,414,412,425,424,398,420,421,529,534,537,545,542,546
20323,San Pedro Ocotepec,923,908,913,973,973,973,973,973,1198,1198,1198,1200,1116,1128
20324,San Pedro Pochutla,7272,7227,7297,7267,7005,7200,7795,7686,8741,8808,8792,8241,8432,8270
20325,San Pedro Quiatoni,1825,3034,867,2602,2570,2416,2245,2388,2355,2470,2449,2434,2440,2442
20326,San Pedro Sochiápam,4332,2746,2782,2676,2747,2767,2743,2748,2733,2751,2745,2752,2760,2763
20327,San Pedro Tapanatepec,10194,10596,23531,24439,24482,24022,24160,21497,24698,24960,25645,25481,25395,25392
20328,San Pedro Taviche,589,639,1069,568,648,634,635,635,637,629,623,610,563,488
20329,San Pedro Teozacoalco,21,612,975,975,975,980,980,990,1002,1009,1015,1016,1021,1021
20330,San Pedro Teutila,1420,1378,1448,1351,1401,1412,1392,1391,1429,1436,1433,1440,1439,1444
20331,San Pedro Tidaá,212,152,209,209,209,213,214,214,244,248,250,239,235,240
20332,San Pedro Topiltepec,417,352,278,396,410,399,398,400,397,399,396,367,371,366
20333,San Pedro Totolápam,637,843,1085,1082,1065,1118,1165,1225,1265,968,955,946,945,915
20334,Villa de Tututepec,23384,25420,25685,24119,25431,24236,24954,25001,24601,24871,21731,21810,22259,22173
20335,San Pedro Yaneri,504,497,474,524,507,507,506,507,513,511,513,509,521,506
20336,San Pedro Yólox,546,546,546,546,535,535,534,546,535,537,535,533,535,538
20337,San Pedro y San Pablo Ayutla,972,997,1002,985,995,975,972,972,985,988,985,959,968,981
20338,Villa de Etla,340,92,230,160,84,75,76,76,76,72,72,67,57,71
20339,San Pedro y San Pablo Teposcolula,808,1207,1181,1241,1271,1227,1229,1230,1226,1227,1230,1127,1144,1120
20340,San Pedro y San Pablo Tequixtepec,685,681,933,759,872,872,874,443,443,442,450,431,419,401
20341,San Pedro Yucunama,156,138,290,145,146,145,144,142,140,143,141,125,131,126
20342,San Raymundo Jalpan,962,285,306,344,308,404,401,291,292,272,262,229,193,215
20343,San Sebastián Abasolo,291,284,351,298,294,294,294,294,290,298,310,312,311,317
20344,San Sebastián Coatlán,1550,1690,1676,1573,1573,1925,1925,1927,2032,2022,2015,2016,2017,1828
20345,San Sebastián Ixcapa,1462,1452,1140,1040,1240,1240,1240,1240,1241,1309,1338,1977,1358,1474
20346,San Sebastián Nicananduta,727,665,808,763,770,662,662,660,662,659,665,540,550,529
20347,San Sebastián Río Hondo,295,607,505,584,597,559,559,559,559,883,865,870,858,855
20348,San Sebastián Tecomaxtlahuaca,2312,2298,1537,2190,2188,3104,3108,3129,3129,3203,3126,2545,2375,2240
20349,San Sebastián Teitipac,414,511,469,505,528,534,519,527,522,525,549,546,545,544
20350,San Sebastián Tutla,124,122,122,62,104,104,106,106,106,87,73,68,52,73
20351,San Simón Almolongas,325,563,822,616,566,568,569,569,569,569,577,574,577,574
20352,San Simón Zahuatlán,610,600,381,465,463,427,431,438,438,442,434,338,314,276
20353,Santa Ana,485,608,744,595,677,677,670,670,670,720,763,749,755,865
20354,Santa Ana Ateixtlahuaca,160,291,282,310,312,338,307,289,286,288,291,299,286,286
20355,Santa Ana Cuauhtémoc,137,226,245,229,239,237,232,235,232,235,235,242,244,245
20356,Santa Ana del Valle,430,446,461,529,519,517,507,511,517,459,464,461,461,456
20357,Santa Ana Tavela,881,715,858,962,963,933,960,775,800,684,630,598,612,688
20358,Santa Ana Tlapacoyan,870,1211,624,1176,1434,1434,1434,1433,1434,1466,1454,1387,1198,1264
20359,Santa Ana Yareni,99,107,130,82,112,102,102,99,102,101,102,95,100,102
20360,Santa Ana Zegache,1788,1440,660,1475,1968,1948,1928,1928,1931,1914,1897,1872,1507,1662
20361,Santa Catalina Quierí,334,340,339,280,365,345,354,380,350,350,352,299,315,318
20362,Santa Catarina Cuixtla,301,455,574,431,672,812,812,802,802,546,487,479,461,429
20363,Santa Catarina Ixtepeji,373,373,373,373,371,371,372,373,371,372,371,368,378,362
20364,Santa Catarina Juquila,8869,12550,12515,12515,12151,13220,13550,11468,11069,11085,11085,11117,11131,11032
20365,Santa Catarina Lachatao,556,554,554,551,546,536,536,551,536,533,540,538,536,438
20366,Santa Catarina Loxicha,1199,1199,1199,1199,1175,1175,1175,840,984,990,992,980,910,915
20367,Santa Catarina Mechoacán,1288,1344,1344,1294,1394,1384,1384,1416,1427,1486,1500,1345,1615,1663
20368,Santa Catarina Minas,260,333,383,308,453,430,437,436,449,444,407,386,348,382
20369,Santa Catarina Quiané,834,679,293,689,941,941,961,940,941,955,933,905,842,784
20370,Santa Catarina Tayata,191,282,370,352,353,348,360,336,336,336,337,335,328,373
20371,Santa Catarina Ticuá,249,291,341,310,306,299,330,321,321,321,318,445,316,323
20372,Santa Catarina Yosonotú,1047,763,790,850,843,912,916,920,920,921,911,926,902,929
20373,Santa Catarina Zapoquila,169,166,259,162,187,252,254,106,106,105,104,164,97,85
20374,Santa Cruz Acatepec,559,435,432,452,457,479,461,439,437,442,434,441,448,431
20375,Santa Cruz Amilpas,89,78,72,35,60,60,60,60,60,57,45,30,22,21
20376,Santa Cruz de Bravo,47,46,100,48,47,47,49,70,70,69,71,66,65,55
20377,Santa Cruz Itundujia,1470,2182,2280,2276,2260,2332,2337,2340,2340,2338,2365,2376,2372,2464
20378,Santa Cruz Mixtepec,986,1181,601,1147,1659,1412,1414,1407,1419,1468,1441,1371,1156,921
20379,Santa Cruz Nundaco,338,572,623,637,635,633,638,641,641,642,641,635,645,651
20380,Santa Cruz Papalutla,455,439,479,477,472,466,469,464,468,516,548,541,539,549
20381,Santa Cruz Tacache de Mina,574,569,643,380,405,406,409,413,413,426,396,360,322,312
20382,Santa Cruz Tacahua,240,381,420,420,408,408,419,424,424,424,418,420,420,438
20383,Santa Cruz Tayata,160,520,325,547,528,533,546,548,548,549,542,411,542,549
20384,Santa Cruz Xitla,550,744,868,869,735,735,735,735,735,764,744,746,748,796
20385,Santa Cruz Xoxocotlán,325,195,304,169,305,294,297,294,294,285,278,271,204,224
20386,Santa Cruz Zenzontepec,3932,5240,780,5071,5151,5081,4593,5064,5064,5292,5292,5293,5298,5216
20387,Santa Gertrudis,2261,2289,1289,2490,2119,3411,3404,3397,3405,3426,3397,2669,2430,2350
20388,Santa Inés del Monte,1351,941,858,1198,1323,1338,1339,1225,1223,1169,1159,1079,966,717
20389,Santa Inés Yatzeche,270,240,229,202,319,358,339,336,336,310,306,164,139,163
20390,Santa Lucía del Camino,50,49,40,25,40,40,40,40,40,40,40,34,25,28
20391,Santa Lucía Miahuatlán,205,514,523,470,470,470,470,470,470,428,440,445,436,457
20392,Santa Lucía Monteverde,2338,3124,3839,4865,4936,4934,4941,4935,4935,4937,5000,5012,5092,4844
20393,Santa Lucía Ocotlán,893,955,812,1181,1073,1071,1086,1086,1086,1085,1076,1015,936,891
20394,Santa María Alotepec,1868,1918,1953,1943,1943,1943,1943,1943,2747,2747,2747,2746,2414,2451
20395,Santa María Apazco,897,665,890,890,890,892,892,910,879,847,851,843,822,836
20396,Santa María la Asunción,1247,1663,1652,1671,1676,1700,1550,1521,744,748,742,752,739,723
20397,Heroica Ciudad de Tlaxiaco,2194,2229,2233,2402,2394,2418,2425,2528,2586,2585,2564,2516,2563,2497
20398,Ayoquezco de Aldama,1460,1600,1203,1843,2253,2395,2449,2437,2483,2372,2217,1954,1618,1732
20399,Santa María Atzompa,512,370,405,473,483,509,494,494,494,485,480,460,380,428
20400,Santa María Camotlán,229,226,201,162,170,171,173,168,167,183,182,194,199,192
20401,Santa María Colotepec,8791,9806,10306,6676,10236,9696,10616,11321,11596,11211,11160,11124,11287,10829
20402,Santa María Cortijo,1240,1260,1057,972,1137,1127,1137,1226,1160,1261,1430,1299,1825,1876
20403,Santa María Coyotepec,206,142,163,96,174,199,202,199,200,193,189,176,128,148
20404,Santa María Chachoápam,1237,942,1190,1210,1210,1197,1227,1339,1290,1243,1261,1223,1216,1220
20405,Villa de Chilapa de Díaz,321,132,269,266,270,268,268,255,265,265,266,265,255,245
20406,Santa María Chilchotla,11357,14472,14771,14415,14054,14112,13722,13684,8521,8034,8028,8049,7896,7874
20407,Santa María Chimalapa,5763,5726,9306,7570,6820,6670,7807,7887,11487,11637,11687,11725,11733,11700
20408,Santa María del Rosario,142,182,186,195,201,205,207,211,211,211,209,209,214,211
20409,Santa María del Tule,359,420,493,263,444,444,444,444,444,439,437,420,369,390
20410,Santa María Ecatepec,1678,2232,2336,2021,2483,2218,2136,1997,2040,1685,1588,1393,1527,1560
20411,Santa María Guelacé,135,140,143,134,130,136,133,139,136,237,244,245,241,246
20412,Santa María Guienagati,2326,2976,4665,4006,4496,3881,4276,4243,4510,4486,4450,4140,4260,4162
20413,Santa María Huatulco,6505,6465,6505,6495,6477,6482,6127,5982,5492,5225,5145,4982,4865,5145
20414,Santa María Huazolotitlán,6270,6277,6286,6152,6677,6677,6513,6571,6582,6481,5906,5887,6300,6177
20415,Santa María Ipalapa,1690,1655,1647,1844,1844,2044,2040,2041,2041,2040,2039,2043,2101,2050
20416,Santa María Ixcatlán,146,146,139,149,159,146,179,170,172,177,174,179,159,161
20417,Santa María Jacatepec,8901,11807,11843,10606,11626,11023,10988,11118,11621,11854,12237,12244,12512,12473
20418,Santa María Jalapa del Marqués,1595,1290,1390,641,1320,1200,1218,1572,1228,1318,1289,1117,1050,1323
20419,Santa María Jaltianguis,127,126,126,127,125,125,124,127,125,124,125,131,124,128
20420,Santa María Lachixío,232,795,803,780,782,784,776,844,844,557,548,546,546,526
20421,Santa María Mixtequilla,930,1192,915,1025,1391,245,775,779,293,317,330,287,284,321
20422,Santa María Nativitas,449,323,373,420,420,420,422,419,422,421,423,398,410,399
20423,Santa María Nduayaco,532,205,310,382,367,352,354,348,354,352,360,351,357,356
20424,Santa María Ozolotepec,1125,1469,1475,1466,1466,1465,1466,1466,1878,1882,1873,1877,1884,1885
20425,Santa María Pápalo,847,792,795,763,798,803,808,801,802,820,816,822,810,810
20426,Santa María Peñoles,3036,2665,4280,2595,2917,2929,2784,2935,2931,2844,2811,2580,2362,1700
20427,Santa María Petapa,1335,1345,2841,2720,3258,3180,3855,3885,3768,3905,3887,3889,3826,3818
20428,Santa María Quiegolani,668,690,783,874,975,1015,1002,957,889,800,794,777,786,761
20429,Santa María Sola,389,1312,2381,1937,1940,1938,1883,1817,1565,864,855,849,847,852
20430,Santa María Tataltepec,128,200,300,223,215,214,225,226,226,228,227,225,220,239
20431,Santa María Tecomavaca,61,68,64,80,80,66,89,91,85,90,90,89,79,76
20432,Santa María Temaxcalapa,344,235,235,345,348,345,345,445,510,512,510,506,497,494
20433,Santa María Temaxcaltepec,1224,1224,1204,1204,1089,1334,1340,1168,1166,1219,1218,1226,1228,1171
20434,Santa María Teopoxco,911,933,927,907,938,816,937,942,1018,1021,1026,1036,1029,1104
20435,Santa María Tepantlali,450,460,460,465,465,465,465,565,685,685,686,680,681,688
20436,Santa María Texcatitlán,155,169,166,170,177,176,163,163,175,169,182,185,166,173
20437,Santa María Tlahuitoltepec,982,991,1376,1444,1462,1416,1442,1442,1456,1452,1462,1478,1471,1485
20438,Santa María Tlalixtac,217,329,344,327,333,333,438,1259,360,363,357,369,360,365
20439,Santa María Tonameca,12150,12223,11270,9928,11578,11523,12213,12633,12034,11983,11954,11655,11600,11559
20440,Santa María Totolapilla,800,500,625,419,805,463,490,615,515,530,475,403,357,422
20441,Santa María Xadani,1943,1746,1671,1118,1081,1565,1585,1457,1514,1589,1603,1442,1418,1333
20442,Santa María Yalina,38,43,43,43,43,43,43,43,43,43,43,42,43,42
20443,Santa María Yavesía,90,118,118,90,96,96,96,90,96,93,102,104,107,118
20444,Santa María Yolotepec,115,167,180,200,196,195,203,205,205,204,206,206,210,216
20445,Santa María Yosoyúa,311,419,527,457,436,878,882,892,892,892,883,884,878,879
20446,Santa María Yucuhiti,2196,2413,2450,2500,2490,2485,2500,2505,2505,2506,2395,1796,1779,1551
20447,Santa María Zacatepec,2792,3732,3336,4520,3959,3977,4087,4114,4565,4560,4561,4520,4543,4517
20448,Santa María Zaniza,406,557,625,663,709,695,641,689,749,739,728,729,726,719
20449,Santa María Zoquitlán,755,993,1191,1383,1307,1382,1398,1473,1548,1141,1163,1191,1195,1148
20450,Santiago Amoltepec,1760,1060,1165,1118,1120,1120,1094,1245,1245,2070,2205,2199,2202,2197
20451,Santiago Apoala,785,560,822,780,780,778,783,811,708,706,716,713,695,703
20452,Santiago Apóstol,556,1123,1054,790,1814,1824,1807,1828,1829,1819,1803,1698,1603,1555
20453,Santiago Astata,821,986,971,739,1017,618,200,710,195,220,210,231,198,211
20454,Santiago Atitlán,1205,1255,1225,1325,1355,1325,1325,1325,1704,1704,1704,1702,1572,1576
20455,Santiago Ayuquililla,593,586,473,550,561,563,555,567,567,559,557,424,372,366
20456,Santiago Cacaloxtepec,168,168,200,168,174,174,178,177,177,176,175,164,153,131
20457,Santiago Camotlán,549,547,547,542,538,538,541,2031,2203,2208,2203,2196,2137,2131
20458,Santiago Comaltepec,1948,2028,2034,2022,2019,2031,2028,547,538,540,538,529,538,537
20459,Santiago Chazumba,1536,1533,1703,1355,1725,1727,1729,1731,1730,1794,1760,1525,1437,1422
20460,Santiago Choápam,2281,4117,4117,2795,3713,4023,4024,3895,4307,4286,4356,4214,4091,4156
20461,Santiago del Río,264,261,265,268,270,271,271,301,301,310,299,289,251,235
20462,Santiago Huajolotitlán,914,908,745,764,774,775,775,1003,1006,1014,1004,666,624,520
20463,Santiago Huauclilla,767,560,765,775,775,784,780,799,757,774,773,725,759,768
20464,Santiago Ihuitlán Plumas,507,514,522,609,620,611,608,557,567,568,570,541,552,544
20465,Santiago Ixcuintepec,1075,1120,1142,1233,3102,1088,1360,1305,1321,1370,1334,1160,1121,1093
20466,Santiago Ixtayutla,2940,3303,3308,3308,3290,3280,3275,3675,3640,3829,3904,4188,4307,4394
20467,Santiago Jamiltepec,16730,17645,16565,15599,17410,17447,17418,18289,18361,17734,16342,15762,16552,16954
20468,Santiago Jocotepec,6328,8951,8884,8080,8442,8792,8800,9789,10240,10366,10350,10064,10047,9935
20469,Santiago Juxtlahuaca,3316,3300,1448,3598,3553,3722,3724,3872,3871,4097,4085,3528,3338,3127
20470,Santiago Lachiguiri,7793,7822,8310,8834,7792,7721,8027,7857,7137,6640,6443,5237,6025,5092
20471,Santiago Lalopa,154,154,155,155,155,156,157,156,163,162,163,169,166,167
20472,Santiago Laollaga,574,612,1190,1175,1226,1321,1302,1608,1383,1443,1325,1374,1228,1310
20473,Santiago Laxopa,272,274,274,274,258,268,268,274,268,266,268,267,266,278
20474,Santiago Llano Grande,2074,2349,1794,1644,1944,1946,1952,1952,1960,2054,2333,2185,2191,2225
20475,Santiago Matatlán,1221,2360,1913,1957,1913,1752,1580,1633,1640,1698,1950,1888,1925,1904
20476,Santiago Miltepec,100,101,114,64,72,71,75,63,64,64,64,60,59,50
20477,Santiago Minas,588,1004,922,882,895,882,856,897,897,700,701,705,700,698
20478,Santiago Nacaltepec,1157,1303,1167,1239,859,875,960,1345,1368,1395,1388,1275,1135,1356
20479,Santiago Nejapilla,145,116,198,121,147,129,127,125,126,128,127,115,119,117
20480,Santiago Nundiche,382,428,384,465,452,799,808,809,809,808,812,804,798,797
20481,Santiago Nuyoó,2308,2386,2500,2500,2490,2480,2497,2506,2506,2507,2359,2345,2354,2275
20482,Santiago Pinotepa Nacional,17380,17294,16607,16115,16720,16672,16563,16734,16721,16511,16179,15905,16205,16063
20483,Santiago Suchilquitongo,1608,1144,1225,1046,786,707,670,707,708,697,689,666,608,576
20484,Santiago Tamazola,948,949,1067,1208,1206,1206,1217,1131,1131,1120,1128,948,840,821
20485,Santiago Tapextla,2150,2040,1638,1560,1830,1832,1832,1832,1843,1895,2094,1975,2142,2208
20486,Villa Tejúpam de la Unión,1261,1425,1348,1999,1996,1980,1976,1664,1975,1974,1989,1875,1699,1695
20487,Santiago Tenango,413,537,978,800,805,705,663,705,705,692,682,643,570,332
20488,Santiago Tepetlapa,130,158,115,150,135,138,141,138,141,140,141,134,121,121
20489,Santiago Tetepec,2093,2097,2044,2064,1984,1989,1989,2217,2232,2321,2336,2298,2315,2404
20490,Santiago Texcalcingo,771,817,811,765,778,667,818,819,886,888,900,906,892,1033
20491,Santiago Textitlán,854,905,973,928,935,930,940,960,960,991,995,993,991,981
20492,Santiago Tilantongo,1508,1073,1500,1500,1500,1496,1513,1345,1237,1426,1436,1424,1440,1471
20493,Santiago Tillo,1158,872,1130,1130,1130,1130,1170,1273,1208,1173,1194,1094,1128,1133
20494,Santiago Tlazoyaltepec,1036,995,2183,1276,1275,1283,1247,1283,1283,1286,1262,1204,1100,852
20495,Santiago Xanica,773,1101,1094,1773,1776,1776,1776,1776,2669,2682,2681,2679,2678,2638
20496,Santiago Xiacuí,336,309,309,335,342,344,343,337,344,341,350,336,341,329
20497,Santiago Yaitepec,1350,1330,1330,1330,1150,1438,1438,1671,1670,1673,1675,1682,1679,1615
20498,Santiago Yaveo,9931,19460,20895,19935,19483,20113,20075,21485,25868,27381,27387,31351,31557,31762
20499,Santiago Yolomécatl,271,290,292,340,368,348,353,316,349,345,352,337,345,326
20500,Santiago Yosondúa,1916,1778,1437,1735,1706,2205,2217,2227,2227,2227,2248,2247,2328,2256
20501,Santiago Yucuyachi,172,170,215,185,186,186,204,225,225,227,223,213,209,188
20502,Santiago Zacatepec,3117,3137,3102,3056,3056,3056,3056,3056,3056,3058,3056,3054,2674,2720
20503,Santiago Zoochila,27,37,37,77,37,34,34,34,38,40,38,47,36,40
20504,Nuevo Zoquiápam,149,151,151,151,158,161,158,155,162,165,162,160,161,162
20505,Santo Domingo Ingenio,4810,4835,4820,4904,4906,4931,5115,3510,5444,5211,5688,5061,4990,4872
20506,Santo Domingo Albarradas,423,746,584,594,575,575,570,585,601,531,515,511,508,434
20507,Santo Domingo Armenta,1515,1685,1698,1537,1875,1877,1877,1878,1890,1978,2143,2153,2163,2195
20508,Santo Domingo Chihuitán,854,919,2013,1455,1335,1299,1225,1346,1333,1373,1340,1140,1100,1261
20509,Santo Domingo de Morelos,5520,4955,4955,4275,5425,5450,5190,5503,5490,5467,5397,5290,5588,5211
20510,Santo Domingo Ixcatlán,202,175,182,192,180,177,194,196,196,196,193,196,202,203
20511,Santo Domingo Nuxaá,1715,1230,1700,1700,1700,1699,1702,1702,1720,1720,1727,1731,1709,1765
20512,Santo Domingo Ozolotepec,230,300,280,289,289,289,289,289,289,287,289,289,296,292
20513,Santo Domingo Petapa,6433,6508,8432,8231,8545,7526,8576,8593,6593,6883,6892,6901,6917,6908
20514,Santo Domingo Roayaga,382,384,385,345,385,386,387,386,386,386,386,384,380,373
20515,Santo Domingo Tehuantepec,8205,7218,8358,6340,7743,6107,7098,6900,6670,7125,6953,5923,6269,5539
20516,Santo Domingo Teojomulco,768,1098,990,1029,1129,1123,1078,1149,1146,1106,1097,1090,1097,1085
20517,Santo Domingo Tepuxtepec,775,971,831,820,820,820,820,815,820,820,820,819,818,826
20518,Santo Domingo Tlatayápam,111,159,300,89,89,90,92,94,97,97,96,90,94,89
20519,Santo Domingo Tomaltepec,265,159,247,170,149,149,123,150,153,144,132,121,101,86
20520,Santo Domingo Tonalá,750,750,968,884,898,895,886,923,922,923,922,835,776,800
20521,Santo Domingo Tonaltepec,157,144,164,154,156,156,158,151,158,158,158,143,144,140
20522,Santo Domingo Xagacía,170,167,167,165,171,165,165,167,169,169,169,172,167,180
20523,Santo Domingo Yanhuitlán,1850,1405,1815,1734,1734,1739,1741,1878,1824,1792,1787,1714,1650,1750
20524,Santo Domingo Yodohino,219,214,218,160,171,170,171,170,170,169,167,154,146,130
20525,Santo Domingo Zanatepec,6623,6732,13004,13791,14067,13592,13044,9475,13232,14498,14176,14152,14104,14176
20526,Santos Reyes Nopala,6910,8735,8790,8830,8542,9150,10680,8674,8665,8694,8560,8600,8588,8387
20527,Santos Reyes Pápalo,275,290,277,238,295,306,310,312,340,349,342,343,338,345
20528,Santos Reyes Tepejillo,444,444,347,410,408,547,550,556,556,555,553,523,499,487
20529,Santos Reyes Yucuná,204,201,160,222,222,221,222,228,228,232,227,211,198,175
20530,Santo Tomás Jalieza,688,2778,1747,2064,2545,2710,2669,2666,2690,2660,2603,2423,2129,1455
20531,Santo Tomás Mazaltepec,1186,1130,1210,1418,1344,1344,1340,1342,1344,1333,1325,1228,1102,806
20532,Santo Tomás Ocotepec,1048,1355,1403,1503,1502,1493,1503,1518,1518,1519,1499,1490,1451,1507
20533,Santo Tomás Tamazulapan,233,337,311,266,263,261,661,664,664,710,711,715,699,725
20534,San Vicente Coatlán,838,1743,1914,1612,1662,1662,1662,1842,1842,1761,1779,1773,1768,1770
20535,San Vicente Lachixío,300,1100,38,1054,1055,1053,1025,981,981,848,850,854,856,895
20536,San Vicente Nuñú,231,192,464,215,242,220,224,208,219,217,222,222,228,222
20537,Silacayoápam,2020,2017,1986,1811,1846,2123,2128,1979,1979,2091,2028,1691,1556,1499
20538,Sitio de Xitlapehua,272,670,113,709,692,685,685,682,682,730,834,831,829,1029
20539,Soledad Etla,1236,1273,1149,1038,1265,1262,1250,1265,1265,1250,1210,933,852,585
20540,Villa de Tamazulápam del Progreso,819,1099,1645,1244,1157,1148,1150,1152,1146,1134,1135,1089,1068,1060
20541,Tanetze de Zaragoza,347,346,346,348,346,347,347,497,749,748,749,753,749,757
20542,Taniche,344,609,36,574,647,650,650,610,610,619,593,564,554,508
20543,Tataltepec de Valdés,7645,8897,8537,8019,8658,8395,9075,5377,5470,5513,5338,5289,5308,5298
20544,Teococuilco de Marcos Pérez,247,247,247,249,250,248,248,247,248,251,249,244,250,239
20545,Teotitlán de Flores Magón,120,114,129,122,125,126,132,140,138,142,120,121,136,131
20546,Teotitlán del Valle,477,724,544,819,913,954,925,929,876,703,717,697,699,694
20547,Teotongo,577,639,696,571,596,584,584,606,585,592,593,547,575,564
20548,Tepelmeme Villa de Morelos,780,1643,1064,1562,1561,1554,1559,1509,1539,1533,1536,1435,1381,1375
20549,"Heroica Villa Tezoatlán de Segura y Luna, Cuna de la Independencia de Oaxaca",4706,4685,4665,4841,4852,4857,4849,7917,7917,7759,7912,7437,7180,6180
20550,San Jerónimo Tlacochahuaya,650,647,668,628,666,665,666,667,660,537,542,537,535,534
20551,Tlacolula de Matamoros,1645,1766,4322,4302,4130,4128,4208,4333,4248,3740,3486,3453,3451,3138
20552,Tlacotepec Plumas,334,690,427,586,588,575,580,556,577,580,594,573,578,559
20553,Tlalixtac de Cabrera,605,954,944,844,892,878,848,893,893,874,860,845,622,653
20554,Totontepec Villa de Morelos,1843,1913,1958,1918,1938,1928,1928,1933,2082,2088,2084,2092,1940,1974
20555,Trinidad Zaachila,1462,1061,1145,988,990,982,992,881,886,854,857,814,744,749
20556,La Trinidad Vista Hermosa,175,267,236,205,205,201,200,197,200,202,200,183,185,187
20557,Unión Hidalgo,1480,1750,2323,2390,2470,1720,1601,1863,1859,2110,2132,1605,1567,1684
20558,Valerio Trujano,0,0,0,0,0,0,0,0,0,0,0,0,0,0
20559,San Juan Bautista Valle Nacional,10491,11871,11493,9869,10498,10160,10508,9992,13580,13605,14219,14232,13985,14076
20560,Villa Díaz Ordaz,801,929,989,984,976,936,891,978,987,1007,1017,1014,1016,1014
20561,Yaxe,898,1087,1650,1028,953,1199,1217,1605,1624,1469,1357,1322,1190,809
20562,Magdalena Yodocono de Porfirio Díaz,367,973,360,360,360,363,363,396,364,366,364,363,366,367
20563,Yogana,360,484,579,591,483,481,483,543,543,560,589,577,585,662
20564,Yutanduchi de Guerrero,20,14,1180,1180,1170,1175,1175,1222,1160,1180,1181,1184,1186,1183
20565,Villa de Zaachila,3019,2632,742,2251,2723,2683,2876,2374,2384,2159,2069,2021,1839,1840
20566,San Mateo Yucutindoo,1480,2928,2772,2685,2689,2614,2609,2700,2700,2224,2189,2197,2204,2186
20567,Zapotitlán Lagunas,1657,1652,965,2000,1970,1970,1971,2000,2000,1980,2009,1674,1454,1254
20568,Zapotitlán Palmas,417,413,334,440,444,442,445,436,436,439,434,513,405,450
20569,Santa Inés de Zaragoza,1206,860,1201,1201,1201,1208,1204,1240,1221,1222,1223,1213,1206,1215
20570,Zimatlán de Álvarez,5975,5695,1373,5283,7273,7303,7297,7278,7380,6533,6031,5942,5561,4922
