CVEGEO,Nombre,VPC_2003,VPC_2004,VPC_2005,VPC_2006,VPC_2007,VPC_2008,VPC_2009,VPC_2010,VPC_2011,VPC_2012,VPC_2013,VPC_2014,VPC_2015,VPC_2016
20001,Abejones,568,440,307,576,598,672,672,690,745,834,731,634,658,698
20002,Acatlán de Pérez Figueroa,501032,339100,338109,379606,424754,410330,437998,646806,813566,723474,641600,573662,459780,719155
20003,Asunción Cacalotepec,3417,4024,3659,4201,4883,5015,4779,6740,7546,5855,7221,8804,5544,5714
20004,Asunción Cuyotepeji,2165,1689,1783,1789,1681,2108,1305,5313,5212,5491,4574,4170,3602,3932
20005,Asunción Ixtaltepec,14696,17054,28978,34061,45438,46786,50112,53370,52647,83766,89532,83195,84206,93281
20006,Asunción Nochixtlán,7679,8604,6818,18029,15697,17165,19869,9802,28995,22533,16248,21324,20423,25086
20007,Asunción Ocotlán,4102,1943,2308,2388,5050,3680,6854,9285,7959,9089,7538,5539,3828,3917
20008,Asunción Tlacolulita,8063,2510,2773,2494,3435,4060,4464,4399,5841,5205,4811,8641,5134,6193
20009,Ayotzintepec,28345,100657,52559,55200,80531,81416,82225,70550,103645,105399,102513,109186,119242,97306
20010,El Barrio de la Soledad,4308,5982,6262,6374,14934,9881,12839,12088,17639,19164,20214,17398,18489,20115
20011,Calihualá,1086,1096,247,60,862,1691,845,1782,1765,4716,2824,2616,1887,1425
20012,Candelaria Loxicha,14527,10807,8990,9772,10730,12143,12889,10494,13611,15139,19158,16277,17703,15434
20013,Ciénega de Zimatlán,64673,23785,23460,21046,28311,31251,26467,34574,23236,33992,34354,26346,17689,14809
20014,Ciudad Ixtepec,6008,5465,5863,5585,5919,12542,13020,14614,16200,18679,10113,6945,8272,14860
20015,Coatecas Altas,5335,2542,3455,3521,7511,6806,3602,11042,8769,10198,7574,8598,7807,7617
20016,Coicoyán de las Flores,3369,3486,1716,11267,9726,10911,9245,17090,11243,19235,13137,15431,13386,11372
20017,La Compañía,6333,4551,9769,10122,19249,17405,14295,22733,26338,17905,18184,17750,17944,27182
20018,Concepción Buenavista,1742,623,471,439,1427,1818,1059,1421,2673,2717,898,2059,1968,1755
20019,Concepción Pápalo,5749,4561,4702,6028,6161,7274,6416,6602,7563,7580,8504,7014,4987,7898
20020,Constancia del Rosario,2658,3442,3267,3533,3878,3896,4016,3524,3790,3873,5892,5698,5627,6169
20021,Cosolapa,104830,168227,169977,196041,219337,207866,212852,338358,345694,330777,306759,250356,30343,305666
20022,Cosoltepec,1103,1391,2696,3050,2312,2717,3586,4663,4147,4291,4357,4426,4344,4863
20023,Cuilápam de Guerrero,14970,9095,16725,16668,26016,26643,15441,20409,20204,32725,19624,20865,10585,15381
20024,Cuyamecalco Villa de Zaragoza,1976,1660,1631,1684,2058,2284,2503,2812,4091,4892,5818,4750,3905,4193
20025,Chahuites,50399,40610,46730,87174,67379,64289,69256,50580,77329,62418,65413,66626,35402,41893
20026,Chalcatongo de Hidalgo,10350,9262,6024,19433,12529,12907,13910,11620,12781,12086,16677,14062,13863,15204
20027,Chiquihuitlán de Benito Juárez,862,1179,1442,933,1693,2112,1928,2010,2515,2671,2243,2022,2297,2382
20028,Heroica Ciudad de Ejutla de Crespo,18554,19492,16389,32361,51413,67878,50027,172373,121273,139502,140016,87858,127664,106311
20029,Eloxochitlán de Flores Magón,3374,2711,3325,2695,4183,5362,5069,4913,5647,7543,6685,5705,4857,5899
20030,El Espinal,4143,4036,11438,14337,21357,23171,24546,22541,22268,26711,26004,27333,28962,30052
20031,Tamazulápam del Espíritu Santo,6233,6096,6776,7158,8116,8497,7523,6643,7591,8628,8658,7304,7369,8423
20032,Fresnillo de Trujano,1210,2979,1331,468,1041,1354,491,1068,735,1806,1161,681,603,470
20033,Guadalupe Etla,20850,6934,6856,3296,3133,3319,3307,3714,3343,3246,2226,2671,2317,2142
20034,Guadalupe de Ramírez,1137,1185,492,478,1839,1964,935,2246,1547,3115,2194,1371,1328,1064
20035,Guelatao de Juárez,650,652,574,671,907,756,749,778,801,898,987,485,447,544
20036,Guevea de Humboldt,13715,19372,13425,40205,38516,25192,32257,31465,33960,22138,33068,34312,28910,29642
20037,Mesones Hidalgo,7102,5873,4397,6942,6367,6634,8800,8596,9488,9808,10741,10024,9489,11269
20038,Villa Hidalgo,845,697,826,768,570,799,657,859,919,943,893,874,1042,1325
20039,Heroica Ciudad de Huajuapan de León,11028,10128,4316,6495,14406,16212,11546,16963,13057,22910,14521,12462,11895,12577
20040,Huautepec,8645,6566,7741,6435,10836,11517,10063,10219,11885,12590,10793,10001,9717,10765
20041,Huautla de Jiménez,11289,14407,17017,16114,24025,28794,28588,28742,35283,18647,18608,15314,14469,15482
20042,Ixtlán de Juárez,16070,19433,17310,20098,23326,26051,26900,27068,28673,24844,19240,22612,16384,16951
20043,Heroica Ciudad de Juchitán de Zaragoza,38607,37374,51910,68958,94298,101671,115864,92499,90095,122258,102207,114027,121275,133367
20044,Loma Bonita,399160,176423,171325,226511,274066,379413,658528,503603,487991,412249,472390,418468,457710,542499
20045,Magdalena Apasco,11656,6703,4760,5206,5474,5459,3193,6410,5872,9451,6755,6442,6862,7098
20046,Magdalena Jaltepec,6453,7769,6693,15968,20177,16274,26232,1082,31812,29743,16733,18982,22654,22651
20047,Santa Magdalena Jicotlán,200,310,191,125,425,597,389,505,542,645,140,410,350,503
20048,Magdalena Mixtepec,3789,1554,3434,1573,2938,2842,1746,3490,3472,3548,2585,2246,1811,1375
20049,Magdalena Ocotlán,2929,1972,2023,1520,3600,3299,1169,3942,4102,4377,1607,3139,2292,2282
20050,Magdalena Peñasco,1048,1155,808,1088,1430,1640,1730,1390,1598,1871,2133,2222,2129,2696
20051,Magdalena Teitipac,2590,1596,2166,2871,1435,4841,748,5269,6637,8011,6197,7564,8553,7156
20052,Magdalena Tequisistlán,43888,12724,16413,16923,16013,21098,16703,19358,28356,20123,20391,26122,24535,27631
20053,Magdalena Tlacotepec,2195,3704,3456,3124,4558,5112,5258,3016,4351,4805,3694,3443,4078,4726
20054,Magdalena Zahuatlán,659,1138,1155,2018,2719,4466,4275,483,4912,3628,3089,3521,3069,3187
20055,Mariscala de Juárez,3519,3487,3599,1949,5633,6052,5033,7585,4665,7635,5418,3481,4461,3825
20056,Mártires de Tacubaya,5835,5543,3622,2848,4087,5177,12111,11734,14338,13814,5773,5501,6974,7714
20057,Matías Romero Avendaño,46552,54429,100349,134946,158793,139321,120972,182206,268751,300878,427728,473981,478923,478954
20058,Mazatlán Villa de Flores,15234,10073,10448,8666,10857,15997,14794,16234,19639,22603,22709,21512,21203,23165
20059,Miahuatlán de Porfirio Díaz,41459,18667,116865,49544,49898,50036,36878,72587,69274,73702,72987,82904,63288,75612
20060,Mixistlán de la Reforma,2520,2563,2306,2918,2858,3052,3074,3053,3277,4522,3036,2613,2658,3124
20061,Monjas,7865,2859,4857,3140,6350,4645,2670,6439,6562,6084,4314,4717,5918,4934
20062,Natividad,94,99,85,96,98,113,112,115,116,134,119,116,93,146
20063,Nazareno Etla,22995,8705,8362,3659,4793,3950,2702,2787,2288,2386,2377,2651,2270,2853
20064,Nejapa de Madero,229896,40540,50279,65780,65075,78363,76401,61828,69653,59516,60970,74547,65057,65499
20065,Ixpantepec Nieves,1040,1020,338,884,2111,1900,1460,2353,2907,4363,2957,2149,1966,1919
20066,Santiago Niltepec,27855,29139,21796,29238,28171,48884,45371,14818,55189,57392,28240,41521,15345,55552
20067,Oaxaca de Juárez,342,1440,1439,2465,5450,3961,2900,4237,3627,2823,2013,1739,2704,3636
20068,Ocotlán de Morelos,48335,37240,33363,28972,50013,28598,18500,34158,30908,32594,27029,27914,35953,35983
20069,La Pe,1119,961,3437,3671,9532,11293,7556,15641,14984,11201,9368,8619,9710,8459
20070,Pinotepa de Don Luis,9992,8140,3486,6212,5622,7222,7011,6938,7990,7243,6100,4449,6902,8686
20071,Pluma Hidalgo,14137,8664,8879,7426,7778,9882,9805,7902,9726,17902,20772,18545,17778,9711
20072,San José del Progreso,2981,5736,6551,4714,13447,13091,6910,14394,15145,14317,6749,14098,9497,10980
20073,Putla Villa de Guerrero,31922,27526,25473,59636,47990,41896,43710,40421,42970,44176,46136,49043,49579,50407
20074,Santa Catarina Quioquitani,2795,420,721,350,354,1115,618,943,1534,1021,1082,1135,918,1199
20075,Reforma de Pineda,19966,24567,22842,57684,48396,62679,66451,41815,54564,53176,42419,45085,34849,46288
20076,La Reforma,2766,3022,2280,2636,5925,5009,3730,3948,4315,4589,8733,9166,7821,7791
20077,Reyes Etla,20190,7135,7616,5556,7315,6907,5755,7594,6429,7215,4979,5680,5318,8437
20078,Rojas de Cuauhtémoc,19731,5071,8560,2835,5328,1168,3000,5139,4313,4378,4291,5028,5113,5042
20079,Salina Cruz,1607,1950,1836,352,1959,3254,6172,1574,2179,3977,1531,1416,1136,3059
20080,San Agustín Amatengo,6751,4599,5306,8933,6868,6866,7378,9580,9672,9665,9034,8648,6786,5555
20081,San Agustín Atenango,5292,4220,1644,1155,6008,8295,6560,16697,10654,12221,8694,5659,5478,6437
20082,San Agustín Chayuco,29054,16680,11328,12112,14289,15492,16358,16270,9980,7925,9566,8461,11069,13404
20083,San Agustín de las Juntas,1107,1061,873,1127,1988,1344,1059,1705,1471,1590,830,893,588,512
20084,San Agustín Etla,2990,1427,1128,1563,1619,1168,543,1223,1206,2398,2063,2054,3248,3483
20085,San Agustín Loxicha,26079,18823,14684,20882,20724,22704,24019,20163,29200,24612,29825,24590,24284,22239
20086,San Agustín Tlacotepec,681,786,535,649,890,901,936,750,756,875,1079,973,943,1010
20087,San Agustín Yatareni,386,914,550,214,1223,825,369,931,721,603,171,397,858,735
20088,San Andrés Cabecera Nueva,2041,2696,1856,2260,3772,3027,2978,2927,3180,3111,4693,4970,4868,4821
20089,San Andrés Dinicuiti,2298,4157,2229,3163,4984,4649,2949,5914,4943,7397,6301,5355,4850,4517
20090,San Andrés Huaxpaltepec,14508,13507,9302,10744,13207,17424,9750,16761,21258,18744,12969,13179,17422,30164
20091,San Andrés Huayápam,3163,2675,2457,2518,4930,4764,2835,7372,6252,8890,7069,7354,3311,2419
20092,San Andrés Ixtlahuaca,2350,2413,3446,3921,5109,5151,2885,5708,5501,11718,10460,8611,15952,15918
20093,San Andrés Lagunas,1294,192,641,606,1357,2073,867,865,1967,1957,1021,752,1743,1437
20094,San Andrés Nuxiño,1570,1693,1588,3751,3308,5542,4122,1828,5773,5644,4906,4475,4144,4313
20095,San Andrés Paxtlán,261,198,1573,213,3022,2595,1699,3090,2906,2813,2607,3234,3512,2847
20096,San Andrés Sinaxtla,5011,4777,6063,14671,10160,13428,22702,3864,18352,16572,9755,11921,9677,10416
20097,San Andrés Solaga,1845,1808,1735,1933,1949,2359,2351,2483,2708,2493,2103,2430,2577,3246
20098,San Andrés Teotilálpam,5930,6007,5052,6131,9469,11107,9401,9792,9603,9488,9633,8139,9716,9814
20099,San Andrés Tepetlapa,118,118,9,372,419,408,173,232,117,269,214,188,187,180
20100,San Andrés Yaá,949,812,621,851,935,1065,1075,1058,1173,1065,1004,1201,897,970
20101,San Andrés Zabache,365,554,1716,1471,1429,1623,797,4178,2835,4014,3272,3254,4206,3546
20102,San Andrés Zautla,5131,4395,2852,4792,8371,7316,3345,5283,4540,7040,4600,5352,5670,5220
20103,San Antonino Castillo Velasco,14345,9874,14435,11997,14480,15980,12335,15936,16721,15851,13915,13196,15142,14134
20104,San Antonino el Alto,5787,2395,4068,3292,7302,5486,3706,5669,5138,5662,4349,3598,3761,2252
20105,San Antonino Monte Verde,4602,809,1792,1035,5637,5754,2791,3430,6147,5478,4166,3363,4100,4775
20106,San Antonio Acutla,305,246,397,150,731,786,399,202,981,965,155,455,580,600
20107,San Antonio de la Cal,2978,2328,1589,1746,1372,1590,1546,1939,1663,1831,892,795,650,707
20108,San Antonio Huitepec,1931,4847,4776,8850,14823,13594,3731,16980,16425,18163,12509,12504,12714,8868
20109,San Antonio Nanahuatípam,11854,9639,7715,10968,10092,9015,11956,14621,14274,21124,16412,15710,15294,20240
20110,San Antonio Sinicahua,700,685,290,1157,1386,1292,1327,926,1168,651,1435,1398,1256,1424
20111,San Antonio Tepetlapa,6495,4962,4245,3855,5309,6532,6251,6155,6573,6255,6386,7212,6621,9394
20112,San Baltazar Chichicápam,10543,8386,16835,9801,14186,26339,18344,31549,31457,35163,30368,27605,37267,32774
20113,San Baltazar Loxicha,3255,2180,1821,4384,2245,3154,4702,3368,4903,4609,4265,3870,3801,4438
20114,San Baltazar Yatzachi el Bajo,733,483,393,616,572,706,601,622,680,720,694,563,723,730
20115,San Bartolo Coyotepec,3015,3891,5339,4419,10095,7649,5508,7264,6350,8699,7268,7277,7478,6797
20116,San Bartolomé Ayautla,4560,3892,5062,5362,6036,7264,5855,6887,10299,8130,7597,6556,6170,7064
20117,San Bartolomé Loxicha,6975,4877,4133,3965,4262,5242,4047,2471,3977,4371,4438,4061,4220,4185
20118,San Bartolomé Quialana,3795,859,3918,1622,2113,1986,1698,4597,4476,4004,3076,4626,4153,4088
20119,San Bartolomé Yucuañe,395,488,330,549,500,712,571,377,356,828,610,544,574,611
20120,San Bartolomé Zoogocho,155,90,62,102,102,111,111,117,118,128,120,114,85,119
20121,San Bartolo Soyaltepec,1666,842,245,253,1716,2348,895,1402,2754,2800,580,1564,1734,1863
20122,San Bartolo Yautepec,39636,5993,3734,4200,3643,4347,4986,2431,3811,1921,2988,4805,1320,1871
20123,San Bernardo Mixtepec,14155,13870,17425,16439,24751,23451,18029,20463,21675,19610,13690,11979,13837,11449
20124,San Blas Atempa,30458,28951,25552,33351,29586,37136,46548,35390,48756,53381,36009,36623,40689,51970
20125,San Carlos Yautepec,116621,24937,19902,25695,20826,31389,32339,27670,39925,30122,31498,39606,23260,24713
20126,San Cristóbal Amatlán,1351,1005,6979,3969,7478,7420,2739,9147,7465,8067,5752,6087,6419,5436
20127,San Cristóbal Amoltepec,563,630,390,1039,985,1141,1183,856,683,795,1264,1479,1477,1696
20128,San Cristóbal Lachirioag,1825,1687,1556,1824,1998,2286,2218,2272,2497,2386,2253,2499,1951,1835
20129,San Cristóbal Suchixtlahuaca,694,458,655,419,1098,1491,458,1389,2348,2553,1303,2142,1609,1812
20130,San Dionisio del Mar,1902,2997,1295,3297,2779,6252,5385,459,6112,5800,934,2350,874,4594
20131,San Dionisio Ocotepec,28292,14681,13620,15223,17446,20610,16541,36570,53462,47454,36026,33937,35608,30527
20132,San Dionisio Ocotlán,3172,2489,3875,4096,4982,5334,3450,5598,5590,6374,3789,6807,7633,9411
20133,San Esteban Atatlahuca,2644,2636,1762,2826,3951,3993,465,3056,3923,3834,3889,4810,4488,5004
20134,San Felipe Jalapa de Díaz,57730,89867,54477,42180,84307,66548,71825,65307,96941,110916,91945,97926,106345,111321
20135,San Felipe Tejalápam,12196,7300,5183,6539,11995,8272,5874,8336,8067,8686,5639,6102,5590,5938
20136,San Felipe Usila,32321,39272,33403,27915,103270,49184,45204,40632,57712,56277,52008,50412,48692,63489
20137,San Francisco Cahuacuá,3147,3046,6241,5454,5528,20807,16802,14301,6490,9171,8566,8101,7760,10461
20138,San Francisco Cajonos,1072,764,687,937,782,905,735,721,750,889,892,741,706,775
20139,San Francisco Chapulapa,1620,1969,1257,1473,2450,3449,2876,3217,3500,3892,3007,2844,3371,3301
20140,San Francisco Chindúa,2120,1668,2544,6059,6308,8395,12259,7603,10476,8782,6672,5922,5378,5443
20141,San Francisco del Mar,8418,13033,8768,13537,18715,25164,23025,8480,26075,27023,18932,21551,15459,25501
20142,San Francisco Huehuetlán,2066,1747,1794,1480,1844,2211,2702,3252,4243,3058,4005,3655,3807,3737
20143,San Francisco Ixhuatán,33739,36309,38614,73530,51289,64914,61653,46027,64272,60393,49254,54241,62360,77240
20144,San Francisco Jaltepetongo,1415,1341,1532,3127,3677,5427,6483,3186,5524,4657,4096,3258,1814,3211
20145,San Francisco Lachigoló,1892,1048,1994,1566,1549,2058,776,2689,2934,4452,4602,4937,5352,4866
20146,San Francisco Logueche,45,11,217,519,1680,1744,16862,15857,21122,10134,2964,2198,3495,2577
20147,San Francisco Nuxaño,584,570,387,990,986,1674,1665,366,2680,2465,2149,2204,1903,2006
20148,San Francisco Ozolotepec,1218,1560,2438,2119,3844,3595,2427,3071,2983,3562,3035,3021,2931,2481
20149,San Francisco Sola,11946,6016,4394,6191,8543,6788,1591,16054,11241,4648,4932,5212,6324,3998
20150,San Francisco Telixtlahuaca,4096,4490,8968,7391,10402,5943,2608,5090,5273,5933,4423,3847,4940,4484
20151,San Francisco Teopan,966,269,285,188,791,877,512,759,879,975,84,535,726,737
20152,San Francisco Tlapancingo,1692,1643,461,247,2006,3059,1162,2046,1133,3061,2458,2117,1575,1303
20153,San Gabriel Mixtepec,15907,11958,6374,7733,9854,11444,8699,10682,19659,12935,12327,11235,13342,14133
20154,San Ildefonso Amatlán,2425,1781,3843,3350,11515,8622,3405,5665,5204,5776,5069,5231,6143,5327
20155,San Ildefonso Sola,5038,2521,1988,3508,4024,4516,4452,6377,5103,3277,3223,3228,3832,1991
20156,San Ildefonso Villa Alta,6230,7431,6884,7956,8443,9984,10013,10237,10782,10022,8709,10743,7262,7412
20157,San Jacinto Amilpas,367,420,709,504,828,944,741,1194,1171,858,357,338,262,517
20158,San Jacinto Tlacotepec,2543,2808,3332,4708,4387,5018,2558,5088,6159,6143,7544,6653,8660,6782
20159,San Jerónimo Coatlán,3443,1846,3971,3657,9918,9242,5473,11402,11749,12857,14701,13051,12243,9425
20160,San Jerónimo Silacayoapilla,433,961,525,787,1112,1396,647,1095,914,1651,1402,886,696,955
20161,San Jerónimo Sosola,1464,2350,1143,1894,20593,16472,9100,14458,16306,12943,4860,5226,6486,5754
20162,San Jerónimo Taviche,774,1437,3353,572,3923,3552,2006,3684,3968,4009,1537,2340,1113,6232
20163,San Jerónimo Tecóatl,1586,1560,1693,1289,2034,1990,2521,3080,3539,3389,3612,3371,3737,4005
20164,San Jorge Nuchita,3847,2983,2017,1274,2877,3460,2796,4272,3564,5813,4437,3201,3025,2240
20165,San José Ayuquila,2585,3094,1506,658,2109,2149,1924,2615,1650,3343,2826,2026,1556,1502
20166,San José Chiltepec,102931,208461,173572,203288,224119,177221,261406,287844,216587,191568,209797,193293,176170,216928
20167,San José del Peñasco,583,1505,2172,2642,4664,5216,2606,6718,6756,6817,6775,6503,6079,6154
20168,San José Estancia Grande,9017,6473,3330,3090,3427,3930,3733,3577,4173,4239,5219,5696,6253,6395
20169,San José Independencia,2620,2298,2900,2232,8197,4807,3551,3819,3392,3106,3672,2985,2903,2815
20170,San José Lachiguiri,11,87,464,1120,1622,1921,80,1431,1685,1538,950,848,1412,2700
20171,San José Tenango,33027,27716,35118,35579,47363,52891,51104,54034,66379,43496,43296,38543,27770,32145
20172,San Juan Achiutla,488,623,496,765,879,968,967,887,969,1020,1148,1024,1183,1350
20173,San Juan Atepec,1385,1441,1406,1509,1598,1816,1822,1735,1843,2141,1839,1652,1574,1656
20174,Ánimas Trujano,4021,3326,4167,5122,7137,9047,10056,9341,7366,7774,6412,5374,2505,1943
20175,San Juan Bautista Atatlahuca,5345,3476,3417,6966,7387,7322,5330,8253,7751,6782,3862,3791,3474,2878
20176,San Juan Bautista Coixtlahuaca,2907,425,1278,1217,3329,4390,1037,3359,5140,5190,1859,2963,3988,3882
20177,San Juan Bautista Cuicatlán,29263,28258,25043,30910,38082,32328,35350,42407,33704,28269,33855,37976,34048,37037
20178,San Juan Bautista Guelache,2703,4767,3895,4838,3947,3592,2281,3257,3167,2730,1864,2095,2264,1994
20179,San Juan Bautista Jayacatlán,3517,4288,5446,6339,4491,4912,3977,5555,5265,4479,2882,3127,2324,1604
20180,San Juan Bautista Lo de Soto,9846,7617,4216,4183,4843,5480,5618,5887,6038,6471,8659,10017,12223,14057
20181,San Juan Bautista Suchitepec,1856,1765,570,653,930,1009,934,1749,1621,1722,1483,1058,937,1034
20182,San Juan Bautista Tlacoatzintepec,2665,3238,3137,3811,5483,5887,5042,5150,7336,5861,5871,4960,5439,5750
20183,San Juan Bautista Tlachichilco,1136,1124,481,298,652,660,318,1286,808,1356,1072,1068,848,788
20184,San Juan Bautista Tuxtepec,546715,1047543,793215,873100,987766,958375,1073740,1342013,1163818,1261172,1392530,1274092,1238464,1469376
20185,San Juan Cacahuatepec,14661,13129,5735,6158,8333,9711,9289,9597,9903,11241,9636,10695,11138,15170
20186,San Juan Cieneguilla,168,528,283,381,1046,1005,406,1069,533,1228,1102,716,665,649
20187,San Juan Coatzóspam,5591,4248,5103,5409,6539,7792,6653,6592,8200,8469,7834,6778,6363,7708
20188,San Juan Colorado,8223,6822,4621,4892,7262,8286,7952,8200,8541,9528,8770,5949,9640,12553
20189,San Juan Comaltepec,4688,17411,17976,9659,20659,18470,22765,13333,20492,24110,25920,26828,29456,27486
20190,San Juan Cotzocón,140929,297002,157159,157976,378906,275921,298477,374045,419897,322568,372147,508487,637371,660528
20191,San Juan Chicomezúchil,1365,1346,1310,1452,1522,1725,1685,1674,1777,2061,1792,1557,1473,1579
20192,San Juan Chilateca,696,2412,2757,1956,7892,5634,2685,5884,5647,5907,3344,2428,2320,2068
20193,San Juan del Estado,6061,2707,3933,3818,5741,7310,5970,9258,7981,6034,4475,5844,3299,2149
20194,San Juan del Río,1474,5874,8339,7414,5617,6284,5777,10094,7003,9163,4065,6084,9801,7712
20195,San Juan Diuxi,420,537,320,791,872,1437,1296,128,1581,1429,1231,1283,1154,1321
20196,San Juan Evangelista Analco,363,289,410,387,439,487,444,401,465,517,454,453,399,442
20197,San Juan Guelavía,2469,1754,1935,1470,2891,2127,1128,1861,2030,3612,3583,5432,6453,5583
20198,San Juan Guichicovi,66548,79896,114075,142185,177856,153616,149965,181180,196652,262466,273977,294632,295360,286775
20199,San Juan Ihualtepec,430,435,16,624,864,842,336,1045,459,1240,1019,875,698,642
20200,San Juan Juquila Mixes,5974,7184,6593,7635,9502,8946,9229,9081,10085,9037,7865,9134,6443,6597
20201,San Juan Juquila Vijanos,2809,3501,2938,3768,4383,4933,4666,4999,5302,4536,3416,4330,3444,2970
20202,San Juan Lachao,12636,10845,7302,7523,7660,9385,9343,7977,8526,9257,9438,8883,10701,10075
20203,San Juan Lachigalla,2417,1632,992,1562,2454,3113,2623,5756,5439,7653,7601,5258,5952,4227
20204,San Juan Lajarcia,15131,2314,4382,5982,4936,5733,5979,4128,4754,4071,4887,8551,4112,4510
20205,San Juan Lalana,32787,109335,84602,64926,110168,94217,97234,94603,144938,122032,124609,122979,121562,113723
20206,San Juan de los Cués,14439,11307,9190,8404,11105,11017,15039,16886,17457,14835,16852,20606,17547,21172
20207,San Juan Mazatlán,63879,80936,111284,183931,212154,159897,146098,264838,314537,394007,525072,611492,598213,629237
20208,San Juan Mixtepec,8276,8724,6087,9873,10059,17825,13902,11120,13832,12064,12798,16578,15754,19802
20209,San Juan Mixtepec,36,285,1442,608,612,680,108,1539,1642,1737,1572,1344,1488,1439
20210,San Juan Ñumí,4844,6756,4621,8515,9257,9927,9525,8235,9035,8148,7678,8758,8511,10143
20211,San Juan Ozolotepec,2123,1718,2186,2727,5090,4818,3288,5109,5139,5385,5196,5329,4913,3333
20212,San Juan Petlapa,2675,3303,3707,2530,12715,5202,4553,4263,7765,12786,12769,11498,12595,13442
20213,San Juan Quiahije,2733,2149,1955,2613,2085,3438,3937,2412,2857,3556,2830,3013,3494,3783
20214,San Juan Quiotepec,1614,1919,1398,1892,2193,2422,2379,2293,2499,2578,2006,2116,1675,1810
20215,San Juan Sayultepec,3780,3369,4516,10110,10609,11127,18486,5725,15573,13965,7202,11574,10997,11226
20216,San Juan Tabaá,1206,1339,1294,1404,1382,1645,1728,1782,1909,1983,1834,2212,1822,1895
20217,San Juan Tamazola,6104,5114,4098,10397,10287,6645,19714,15596,14041,16894,14596,8247,7789,12563
20218,San Juan Teita,817,1044,451,685,871,1127,997,890,981,1019,1232,1039,961,1086
20219,San Juan Teitipac,3286,1916,2610,1711,2447,2593,864,3300,3537,3420,2918,3802,4252,3569
20220,San Juan Tepeuxila,3774,3851,3252,4328,4032,5183,4990,5274,6313,7142,7128,6361,6131,6295
20221,San Juan Teposcolula,1753,614,541,316,2381,2905,1803,1548,3010,3272,691,2146,1559,2189
20222,San Juan Yaeé,1750,2774,2541,3025,3217,3985,4241,4115,4317,3617,3084,4151,2279,2346
20223,San Juan Yatzona,1345,1727,1525,1835,2046,2307,2364,2838,2840,2818,2284,2507,1902,1980
20224,San Juan Yucuita,3763,3883,3760,7360,7108,8875,15521,10837,13998,13057,9591,7882,8296,8796
20225,San Lorenzo,8000,5861,4791,5024,6959,8814,7923,8586,8793,7428,8566,9261,11344,13340
20226,San Lorenzo Albarradas,19528,4440,6162,10574,5697,8436,6316,13775,14398,18573,17495,17604,17824,15916
20227,San Lorenzo Cacaotepec,13114,7876,4336,3654,12764,19189,13942,18981,15019,15586,17222,14372,12056,11626
20228,San Lorenzo Cuaunecuiltitla,440,420,468,338,398,739,651,669,825,800,898,876,881,828
20229,San Lorenzo Texmelúcan,3813,4136,5905,8471,9163,9926,6357,8577,9033,11848,12190,10190,11142,9671
20230,San Lorenzo Victoria,1780,1695,603,238,1062,1163,993,1370,1136,1764,1492,1348,1230,1179
20231,San Lucas Camotlán,2605,3229,2992,3151,4709,4225,4253,4218,4624,3556,5960,9178,3266,3159
20232,San Lucas Ojitlán,79483,238800,120367,141873,160676,161031,137552,179108,187011,234228,217757,196675,219624,223960
20233,San Lucas Quiaviní,3205,1637,3759,2412,2692,2536,1239,4938,3976,4417,2347,4368,4558,5490
20234,San Lucas Zoquiápam,11889,7407,4300,6567,8903,14148,11859,12653,16028,13226,13526,11602,10696,12591
20235,San Luis Amatlán,8216,4846,5360,6017,8506,20227,21220,28916,32505,27287,23990,27721,21983,28562
20236,San Marcial Ozolotepec,84,342,499,971,1523,2048,1346,2700,2841,2953,2673,2488,2311,1990
20237,San Marcos Arteaga,5201,4697,1800,3604,6047,6551,2905,4566,3732,5022,3845,3287,2747,3169
20238,San Martín de los Cansecos,715,519,689,1455,1823,1806,565,3126,2533,3078,2515,1475,2503,2017
20239,San Martín Huamelúlpam,1402,1491,1039,2024,2247,2468,2112,1719,2023,1757,2521,2297,2299,2350
20240,San Martín Itunyoso,1142,1858,923,2522,1841,1963,2169,1761,1311,1967,1483,2111,1922,2171
20241,San Martín Lachilá,1682,879,1428,2029,4818,4496,1932,5762,6020,5910,4684,5438,4569,4486
20242,San Martín Peras,3263,3310,805,3987,3671,9241,6451,7243,5900,10825,8794,6236,5196,5325
20243,San Martín Tilcajete,928,2281,3157,2143,6877,6551,4696,6485,6747,6295,4374,4699,4035,4022
20244,San Martín Toxpalan,16174,15921,13998,13769,16703,15895,18605,20971,18625,15025,17388,20575,17863,22670
20245,San Martín Zacatepec,2446,4191,2513,102,1325,1483,1597,4833,4353,4927,1700,911,956,927
20246,San Mateo Cajonos,850,576,596,658,568,683,647,743,745,815,754,692,661,733
20247,Capulálpam de Méndez,1518,1478,1558,1542,1708,2026,2062,1942,2234,2268,2015,1894,1786,1952
20248,San Mateo del Mar,978,2033,3010,293,3870,4095,4885,1089,2996,4550,2363,2765,2698,3927
20249,San Mateo Yoloxochitlán,4654,1547,2048,1356,2597,2929,2872,2953,3451,3999,3571,3117,2794,3060
20250,San Mateo Etlatongo,1079,4482,6136,12744,4628,5225,8349,3195,8480,7448,5655,5444,4617,5179
20251,San Mateo Nejápam,562,573,191,1702,946,931,400,951,435,1106,812,743,666,625
20252,San Mateo Peñasco,1748,1497,1046,3878,2261,2270,2771,2781,2353,2602,3491,2902,2826,3266
20253,San Mateo Piñas,12052,7386,5457,6452,5850,6757,6696,4775,6132,7867,9664,7864,7465,6059
20254,San Mateo Río Hondo,1032,970,2744,2375,8534,6085,2515,4891,4973,5002,4717,5870,4844,3984
20255,San Mateo Sindihui,152,2413,2505,3493,3903,6567,6972,3867,7669,7123,5252,6037,3359,5248
20256,San Mateo Tlapiltepec,416,137,61,130,590,670,363,259,723,744,227,417,569,510
20257,San Melchor Betaza,1731,1566,1587,1752,1596,2025,1997,2151,2199,2366,1942,2067,1648,1747
20258,San Miguel Achiutla,704,1193,596,1636,1625,1650,1611,1414,1186,1634,2068,1817,1720,2208
20259,San Miguel Ahuehuetitlán,1258,1295,445,942,1595,1641,196,1298,500,1396,1039,1025,882,993
20260,San Miguel Aloápam,2130,1405,1561,2156,2070,2377,2259,2399,2288,2486,2423,2406,2916,5470
20261,San Miguel Amatitlán,7315,7705,4346,1845,5531,6068,2943,9299,5190,9813,8258,3582,4258,4778
20262,San Miguel Amatlán,2207,1800,1846,2325,2179,2284,1740,1613,1744,1937,2003,1936,1847,2146
20263,San Miguel Coatlán,1985,2544,5108,3202,4772,4904,1892,6120,6607,7331,4814,5994,5631,4438
20264,San Miguel Chicahua,1320,1477,1225,1072,1901,4963,4065,218,4114,3127,1306,2929,2815,2648
20265,San Miguel Chimalapa,20096,29941,30482,21888,35191,31550,29691,29598,28380,26093,21489,25632,25545,27932
20266,San Miguel del Puerto,12605,8700,7348,10367,8388,11831,12467,7329,11093,11384,13376,15550,21946,28025
20267,San Miguel del Río,153,41,89,160,178,200,201,186,222,257,222,184,182,197
20268,San Miguel Ejutla,3490,3411,4418,3850,14125,10500,14586,11540,7556,12574,13235,11002,10090,8633
20269,San Miguel el Grande,3023,3438,2162,11347,8602,9237,8928,7214,4894,7193,9194,8832,8456,9372
20270,San Miguel Huautla,844,1281,913,1202,2014,3109,3284,253,3842,3195,2121,2210,2663,3077
20271,San Miguel Mixtepec,12162,3721,14300,12869,19715,16827,11930,18489,18320,16669,11952,8584,9724,7675
20272,San Miguel Panixtlahuaca,9295,6040,4574,5317,5277,7321,7968,5302,5941,6669,6799,6590,7266,6545
20273,San Miguel Peras,22073,16187,41371,9915,17297,12197,7383,13105,12189,12260,6091,8457,8628,8047
20274,San Miguel Piedras,369,1560,1271,2891,2915,3832,5804,4251,5569,5251,3644,3622,3638,3846
20275,San Miguel Quetzaltepec,11755,14619,14191,15629,22959,20072,20560,20681,22506,16725,18391,24373,12726,12613
20276,San Miguel Santa Flor,1013,887,867,943,1074,1116,1066,1296,1724,1999,2563,2281,3345,3342
20277,Villa Sola de Vega,39356,31947,27979,56145,60521,103200,73893,107934,58258,47410,46534,44975,54019,49565
20278,San Miguel Soyaltepec,139558,241968,239933,268611,312991,304995,346623,455381,513839,506219,435109,385077,380692,493811
20279,San Miguel Suchixtepec,825,812,1349,938,1049,1025,701,1384,1480,1634,1132,2304,2092,1965
20280,Villa Talea de Castro,2862,3300,3007,3700,4031,4624,4682,6649,7177,6124,5376,6492,4162,4170
20281,San Miguel Tecomatlán,752,461,908,1563,1748,1954,2375,1809,2852,2558,2007,2236,2091,2050
20282,San Miguel Tenango,4170,2671,3495,4571,2188,3768,3055,2426,3491,1902,1881,2063,3326,3991
20283,San Miguel Tequixtepec,1726,331,633,240,1835,2038,1185,2001,2077,2420,543,1462,1185,2035
20284,San Miguel Tilquiápam,3118,2768,5869,1800,3562,3087,1834,3181,3253,3000,1745,1588,1178,1678
20285,San Miguel Tlacamama,15340,11524,6672,6028,7521,8376,8804,8128,7932,8142,8964,9203,9878,12425
20286,San Miguel Tlacotepec,1451,1391,561,2481,1734,1897,668,2438,2109,2465,2686,2436,2071,1944
20287,San Miguel Tulancingo,327,243,64,168,543,649,330,856,987,1175,663,868,978,1305
20288,San Miguel Yotao,292,1411,1296,1433,1865,2128,2118,2038,2321,1712,1109,1580,975,997
20289,San Nicolás,119,496,903,1760,2685,2817,859,3968,3762,4447,4091,2917,3053,2622
20290,San Nicolás Hidalgo,2173,2630,1442,839,1454,1199,1072,2027,2055,2569,2089,2174,1345,1600
20291,San Pablo Coatlán,4936,3870,10706,6126,9724,10043,6582,19999,13482,24870,23299,15627,17807,9677
20292,San Pablo Cuatro Venados,1587,2524,3311,1564,5994,3729,1500,4744,4504,4455,2164,3350,3990,2680
20293,San Pablo Etla,13060,5495,4718,3574,3978,2522,1946,5717,4634,6759,5098,5521,5575,5114
20294,San Pablo Huitzo,13922,10923,10966,8312,10711,11617,9817,21231,16060,16636,15714,14674,13925,12970
20295,San Pablo Huixtepec,100068,43393,43951,52398,69671,62892,52086,76258,62033,69090,63472,51309,63685,62479
20296,San Pablo Macuiltianguis,823,496,656,839,934,1036,915,844,863,1069,939,716,851,974
20297,San Pablo Tijaltepec,789,3606,2526,4312,4049,4187,2501,3892,4056,4645,5579,4769,4494,5399
20298,San Pablo Villa de Mitla,7023,3812,8229,3151,11402,7959,2454,7832,9616,14053,10073,11158,11514,10919
20299,San Pablo Yaganiza,783,1330,1278,662,651,962,732,785,788,885,883,664,666,748
20300,San Pedro Amuzgos,6621,4892,4179,7582,8652,8720,7876,8799,7979,9425,9677,9236,10107,10948
20301,San Pedro Apóstol,3554,2911,5930,2378,5973,5599,4089,6541,7115,13523,10891,9845,17656,18947
20302,San Pedro Atoyac,5417,4807,4679,4881,6019,6828,6200,7212,7095,9474,7673,7304,8679,10892
20303,San Pedro Cajonos,684,464,408,507,461,536,494,494,473,549,504,447,434,493
20304,San Pedro Coxcaltepec Cántaros,1099,1211,870,863,1908,3483,2223,190,2826,2704,1437,1981,1383,2567
20305,San Pedro Comitancillo,6042,6542,10306,6570,11684,15971,20428,9424,11335,17111,12224,13123,12800,17689
20306,San Pedro el Alto,3561,3011,2570,3424,2522,3528,3727,2379,3781,3126,2761,2696,2054,3217
20307,San Pedro Huamelula,11909,12780,14547,8362,10907,13840,14145,6909,10853,16871,13123,14922,19736,23216
20308,San Pedro Huilotepec,2887,4280,5241,3571,7108,7748,9530,5477,7444,8833,6358,6020,5822,8644
20309,San Pedro Ixcatlán,38142,32366,19265,20477,43192,28468,26735,27195,28373,32727,35046,40858,53011,51673
20310,San Pedro Ixtlahuaca,2953,3695,4829,3912,9167,6826,4170,7730,7280,9017,5971,5910,6302,5361
20311,San Pedro Jaltepetongo,429,596,564,590,747,907,196,792,935,801,600,272,397,635
20312,San Pedro Jicayán,10196,7125,4437,4556,5958,7795,7969,7591,7957,7341,6938,6783,7056,9943
20313,San Pedro Jocotipac,528,726,701,841,881,1285,158,845,855,1043,638,104,202,747
20314,San Pedro Juchatengo,3591,2038,1541,1968,2580,3418,3463,3089,3398,3850,2181,3577,3718,4376
20315,San Pedro Mártir,4940,4452,6291,2757,3986,4392,2903,5231,4728,6139,4871,4451,5469,10575
20316,San Pedro Mártir Quiechapa,7710,1248,2076,1246,1182,2766,2582,1896,3091,2150,2100,3958,2515,3300
20317,San Pedro Mártir Yucuxaco,549,1217,869,1762,1634,1801,1894,1479,1177,1583,2245,1963,1909,2078
20318,San Pedro Mixtepec,75039,76106,61359,42796,64603,76983,75280,86035,96594,106850,98797,101107,100383,102604
20319,San Pedro Mixtepec,683,527,1458,897,1040,1149,248,1575,1760,1541,1417,1276,1586,1269
20320,San Pedro Molinos,1181,1202,642,1974,1588,1808,1161,1109,1016,1310,1398,1276,1286,1604
20321,San Pedro Nopala,640,335,499,320,1038,1272,734,493,994,1507,550,668,553,947
20322,San Pedro Ocopetatillo,1297,1146,1241,971,1266,1490,1811,1847,2247,2243,2714,2694,2513,2789
20323,San Pedro Ocotepec,4434,5267,5067,5033,6369,5937,6123,6162,6719,5922,5708,6887,4362,4759
20324,San Pedro Pochutla,15817,15562,10248,17168,12574,17944,24982,19695,28628,21553,23726,24257,22030,28681
20325,San Pedro Quiatoni,11839,7612,7166,11436,25118,16148,5499,12275,12416,20504,14750,22058,28947,29051
20326,San Pedro Sochiápam,7933,5500,6460,6973,7531,10499,8202,9575,9988,11148,10921,10655,10026,11136
20327,San Pedro Tapanatepec,126448,98728,195187,287619,229560,257992,248755,245455,316360,273881,287254,314162,360518,405077
20328,San Pedro Taviche,899,1386,2885,1374,2592,2674,993,3351,3198,3389,1848,2248,1759,1733
20329,San Pedro Teozacoalco,68,1344,1244,1395,2768,4397,5723,5007,6817,6570,4279,5999,5064,4816
20330,San Pedro Teutila,3071,2939,3289,2958,3653,5227,4397,4887,6423,5791,5913,5230,5913,5999
20331,San Pedro Tidaá,989,487,1987,3675,1153,1556,1800,1312,2777,1997,1968,2026,1516,1501
20332,San Pedro Topiltepec,924,492,69,146,1121,1447,702,777,1169,1575,434,936,1201,1113
20333,San Pedro Totolápam,23985,3857,4979,12715,6268,6714,6324,10554,10436,12334,10706,11124,14177,14985
20334,Villa de Tututepec,334200,306235,243600,193454,339356,361440,380029,493003,492920,642490,674430,879268,815959,988065
20335,San Pedro Yaneri,2169,2646,2102,2939,5344,3893,3952,3937,4293,3672,2742,3657,2399,2425
20336,San Pedro Yólox,2122,2418,2363,2920,3477,3883,3782,3760,4057,3474,2690,3368,2214,2433
20337,San Pedro y San Pablo Ayutla,5605,4493,5822,5195,5841,6070,5201,5362,5556,6049,6120,5570,5407,5690
20338,Villa de Etla,26082,8035,3823,2338,1794,2775,2944,4127,3625,3369,3239,3378,3622,3181
20339,San Pedro y San Pablo Teposcolula,1075,580,828,1119,3640,4657,2488,1119,3755,4775,1355,1988,2744,3610
20340,San Pedro y San Pablo Tequixtepec,2200,2776,2413,1603,2637,2997,3725,3772,3304,3409,3407,3232,3113,3299
20341,San Pedro Yucunama,279,232,90,55,324,442,273,367,440,576,180,332,482,438
20342,San Raymundo Jalpan,3200,1346,1207,1817,2321,2777,2132,2870,2245,2568,1496,1889,1607,1628
20343,San Sebastián Abasolo,12095,4207,7237,6334,5444,5354,9332,7842,9590,11255,9835,10122,9783,9710
20344,San Sebastián Coatlán,3645,2401,4774,3640,7703,8965,6134,10574,10690,10935,8789,9396,9661,6719
20345,San Sebastián Ixcapa,9216,6890,3675,3495,4812,5799,5404,5616,5427,6214,6564,7034,8484,10898
20346,San Sebastián Nicananduta,1457,132,467,876,2987,3137,1739,2630,2642,3367,1199,1481,1601,1943
20347,San Sebastián Río Hondo,1031,1243,2344,2247,2158,2081,1568,2765,3336,4853,4175,3996,4244,4414
20348,San Sebastián Tecomaxtlahuaca,10954,8682,9504,18788,11885,16847,16375,16797,14070,24175,18220,18285,14332,12933
20349,San Sebastián Teitipac,2775,887,1864,1210,2068,2142,1340,3122,3097,3728,3545,4411,4886,4254
20350,San Sebastián Tutla,604,386,574,698,864,755,498,938,874,898,513,543,669,606
20351,San Simón Almolongas,77,551,7903,5088,2313,2533,924,3103,3209,3505,2957,3832,3806,4098
20352,San Simón Zahuatlán,1688,1989,1007,265,933,960,509,1528,685,1387,1058,243,702,676
20353,Santa Ana,893,1050,1859,1751,3449,4254,2123,6642,4324,5656,6234,7668,8784,8380
20354,Santa Ana Ateixtlahuaca,388,544,632,603,938,1108,902,998,1162,1274,1631,1425,1487,1520
20355,Santa Ana Cuauhtémoc,356,466,600,397,663,811,752,740,809,1048,1101,1064,1068,1071
20356,Santa Ana del Valle,737,181,1187,1362,563,2231,426,2464,2688,2702,2276,2308,1848,2273
20357,Santa Ana Tavela,70769,11334,8369,11538,9915,9917,10344,6993,8717,5438,5688,7356,5873,7013
20358,Santa Ana Tlapacoyan,16764,11051,9240,8734,12699,14083,11452,12787,9639,13682,9771,10300,10425,11020
20359,Santa Ana Yareni,401,315,478,330,504,520,500,499,522,585,511,427,425,496
20360,Santa Ana Zegache,10493,4650,4375,6397,12383,9475,3601,11661,10907,12561,9087,9719,10140,9681
20361,Santa Catalina Quierí,2200,336,1027,280,242,1310,700,2863,1865,995,1087,1168,893,1337
20362,Santa Catarina Cuixtla,386,337,1759,1385,6706,5997,13747,9412,10708,3965,2841,5195,2368,2123
20363,Santa Catarina Ixtepeji,3917,3641,3585,3926,24701,4946,4889,4823,5278,5887,6377,5379,4761,4605
20364,Santa Catarina Juquila,23687,38685,23828,24724,24367,30146,30835,23721,28886,29372,34080,31459,36618,43491
20365,Santa Catarina Lachatao,3703,3744,3845,3524,3875,3992,3397,3446,3272,4051,3652,3361,3263,3197
20366,Santa Catarina Loxicha,2371,1833,1581,2754,2081,2381,2592,1963,3289,2902,2253,2175,2206,2490
20367,Santa Catarina Mechoacán,7056,5673,3469,3706,5559,6268,6080,6258,6914,7266,9572,10594,12093,15309
20368,Santa Catarina Minas,3202,1780,1853,1143,2869,3965,3188,4003,4600,9556,7731,7866,13914,15491
20369,Santa Catarina Quiané,8668,3639,4023,4895,9340,8622,6699,6991,7346,9376,6670,6796,6642,6096
20370,Santa Catarina Tayata,493,854,879,2250,1692,1712,1615,1455,1220,1798,2069,1719,1576,2115
20371,Santa Catarina Ticuá,765,1047,608,2393,1785,2065,2135,2018,1745,2100,1652,1949,1330,1464
20372,Santa Catarina Yosonotú,2251,1738,1204,2170,2232,2751,2376,1888,1320,2177,2628,2418,2382,2756
20373,Santa Catarina Zapoquila,390,714,128,0,273,364,209,458,289,437,339,423,273,248
20374,Santa Cruz Acatepec,796,700,879,813,1308,1476,1369,1389,1640,1773,1782,1649,1543,1729
20375,Santa Cruz Amilpas,337,336,216,55,294,213,1603,1364,1234,1510,234,226,180,159
20376,Santa Cruz de Bravo,25,97,42,0,104,93,44,183,83,184,164,162,158,130
20377,Santa Cruz Itundujia,2438,4115,3468,4718,15073,7033,5637,6614,6694,6765,9067,10040,10115,10362
20378,Santa Cruz Mixtepec,23712,12229,14235,15773,20475,16388,13789,13720,13143,14221,13428,15011,13514,10966
20379,Santa Cruz Nundaco,828,1327,992,1852,2152,2228,1949,1762,1328,2185,2304,3000,3155,4283
20380,Santa Cruz Papalutla,3538,1089,2647,3517,2576,3103,3059,3207,3763,5190,5206,6908,8275,7914
20381,Santa Cruz Tacache de Mina,3814,3807,2166,1714,2391,2702,2007,4542,3738,3746,2853,1972,1977,2578
20382,Santa Cruz Tacahua,498,1026,807,1691,1567,1713,1470,1278,1192,1675,1934,1720,1671,1865
20383,Santa Cruz Tayata,382,1657,795,3298,2529,2581,5735,2251,2335,2880,3480,2283,2517,3014
20384,Santa Cruz Xitla,2013,1336,2210,5068,5876,3406,1196,4204,4030,5532,4934,4805,6157,5362
20385,Santa Cruz Xoxocotlán,9783,5290,3249,3359,6466,5086,4734,6040,5393,7455,6051,6137,11580,10085
20386,Santa Cruz Zenzontepec,9698,11814,6315,21809,19077,23072,9455,19480,24737,29701,27001,23895,25631,23176
20387,Santa Gertrudis,27714,12286,22315,19831,22532,21266,16815,30027,23168,31118,23649,21408,21233,19082
20388,Santa Inés del Monte,2322,2787,2764,4018,10415,8130,4227,8514,8254,8586,5179,5899,5457,7459
20389,Santa Inés Yatzeche,18805,5870,3842,3750,4089,4060,3015,3067,1826,2844,2636,1679,1516,1376
20390,Santa Lucía del Camino,478,114,141,83,225,144,96,189,166,195,35,128,92,102
20391,Santa Lucía Miahuatlán,152,286,1088,794,1408,1679,230,2572,2118,2169,1890,2093,2750,2729
20392,Santa Lucía Monteverde,5484,9682,8566,13875,20690,16843,16718,13896,16435,17436,22007,21680,20361,20509
20393,Santa Lucía Ocotlán,6092,3752,4001,4663,7023,5673,2146,6863,6361,8496,5628,6166,10318,9165
20394,Santa María Alotepec,8123,10357,9843,11103,13983,12862,13463,13335,14770,13552,14308,17651,10242,10967
20395,Santa María Apazco,1555,1846,1408,2025,2880,1389,3428,451,3768,3588,2019,1523,1688,3811
20396,Santa María la Asunción,2288,2444,3330,2709,4310,4800,4445,4611,5579,2892,3170,2722,2579,2867
20397,Heroica Ciudad de Tlaxiaco,8026,6753,5606,13066,10172,9347,10253,8632,10083,7986,9662,10756,10871,11324
20398,Ayoquezco de Aldama,17470,7881,20085,12495,26608,27939,18029,24611,28510,35627,22619,16897,23909,24165
20399,Santa María Atzompa,2729,1558,2795,2662,8766,7021,5718,10631,8643,20249,21802,18422,21226,19814
20400,Santa María Camotlán,2841,1764,1517,3704,3561,4103,3807,8982,8411,9031,9199,6399,6717,7404
20401,Santa María Colotepec,58119,57497,45251,26232,53322,55794,53098,98860,104987,133225,105460,111494,119506,141261
20402,Santa María Cortijo,9640,7120,4223,4261,4812,5435,5456,5406,5634,6148,6268,6443,10132,11101
20403,Santa María Coyotepec,323,863,678,814,1820,2256,2608,2588,2064,1788,1300,1156,1227,991
20404,Santa María Chachoápam,3172,3478,3415,6939,9193,9744,13926,7673,13542,12145,8498,9502,9670,10275
20405,Villa de Chilapa de Díaz,2109,963,980,1301,1358,1386,1077,1545,1798,1763,1196,1605,1630,1257
20406,Santa María Chilchotla,23150,23889,24512,31025,39806,45839,45517,48368,54506,36687,38576,34834,29358,34548
20407,Santa María Chimalapa,16594,24251,42179,43538,53738,50448,45749,51008,73402,83860,123294,125780,138479,135801
20408,Santa María del Rosario,340,484,444,1176,1023,1166,1021,948,885,1160,1422,1219,1113,1151
20409,Santa María del Tule,369,1593,2281,1903,4983,5702,4010,5945,5587,6329,5281,5259,4984,4656
20410,Santa María Ecatepec,61982,11087,21578,23147,15203,25329,23639,27257,29897,25186,22857,33949,27098,33727
20411,Santa María Guelacé,2395,1009,1175,1080,1018,979,1583,1935,1753,3115,2000,3542,3720,4062
20412,Santa María Guienagati,2661,5923,17228,19198,23502,21261,26017,24967,23352,28362,22754,26086,28271,27962
20413,Santa María Huatulco,45390,32338,39115,23758,34612,50089,56245,54247,78350,73730,47480,49985,59309,74768
20414,Santa María Huazolotitlán,84127,65184,34263,41078,50327,68088,70133,101761,120327,115604,228032,321461,345192,427675
20415,Santa María Ipalapa,9782,9302,7443,15561,18141,19612,17604,16992,17014,18915,20658,20936,21344,24615
20416,Santa María Ixcatlán,283,377,383,367,449,535,208,714,736,690,610,336,606,672
20417,Santa María Jacatepec,103281,161941,122228,113657,117921,91950,86671,92580,145647,146707,157972,158354,142888,183987
20418,Santa María Jalapa del Marqués,18504,20572,20738,19767,17110,27587,23149,14882,22843,23875,25690,32885,27147,33572
20419,Santa María Jaltianguis,801,700,754,775,777,841,741,746,701,1013,767,720,688,800
20420,Santa María Lachixío,776,1285,2207,2832,2672,2854,649,2621,3516,3147,2766,2451,3578,2475
20421,Santa María Mixtequilla,12358,13365,11753,11847,13103,6937,12101,8641,9656,10009,18038,11621,12956,16154
20422,Santa María Nativitas,904,153,314,226,906,1090,566,2417,3880,3737,2397,3214,3432,3037
20423,Santa María Nduayaco,1172,109,46,216,980,1222,633,725,1018,1285,456,843,1219,1037
20424,Santa María Ozolotepec,2937,2815,3298,4175,7568,6683,5190,7599,7817,7832,10180,9998,8346,5504
20425,Santa María Pápalo,2743,2392,1907,1816,2782,3557,2892,3246,3797,4261,4291,4048,4000,4499
20426,Santa María Peñoles,4104,7786,10748,11002,27304,16544,8684,17807,17103,17691,9509,11497,10783,8641
20427,Santa María Petapa,4783,5891,13657,18420,26077,23394,26008,21458,33339,35631,36458,32816,33985,37338
20428,Santa María Quiegolani,20027,2937,3510,4729,3569,6003,5390,4556,6685,5044,5084,9719,11940,15060
20429,Santa María Sola,3089,5206,56400,47068,62824,86325,54473,65984,30695,8377,8366,8454,11119,10149
20430,Santa María Tataltepec,311,460,473,655,563,924,593,478,550,557,692,608,608,752
20431,Santa María Tecomavaca,15596,11930,10833,10015,12332,13102,16539,18448,20133,18189,19381,21654,18949,22680
20432,Santa María Temaxcalapa,1517,1183,1007,1940,2154,2441,2526,3428,3681,3256,2704,3338,2119,2258
20433,Santa María Temaxcaltepec,2504,2032,1696,1949,1983,3153,3279,2198,2549,3163,2439,2616,3452,3379
20434,Santa María Teopoxco,3480,3120,3350,2637,3395,4125,4642,5110,6860,6030,7632,6686,7304,7845
20435,Santa María Tepantlali,2715,2139,2287,2585,2953,3217,2786,3475,3679,4297,4113,4208,3546,4351
20436,Santa María Texcatitlán,494,677,614,688,931,875,624,539,2159,2350,2719,2093,2065,2172
20437,Santa María Tlahuitoltepec,6715,5413,6613,7947,8717,9080,7781,7628,8417,9218,8439,7648,8104,9539
20438,Santa María Tlalixtac,654,733,682,929,1105,1240,1676,4831,1900,1995,2209,2158,2577,2571
20439,Santa María Tonameca,81043,64508,50589,39869,59254,73586,101972,105807,100441,135711,144825,144133,151949,179812
20440,Santa María Totolapilla,7803,6500,11099,3633,4890,2636,3098,3423,2106,3087,1590,1748,1573,2936
20441,Santa María Xadani,3558,2362,4240,4566,3504,6530,8535,4424,7109,9444,6306,5337,4517,7943
20442,Santa María Yalina,399,297,265,377,279,298,266,257,230,280,277,245,256,263
20443,Santa María Yavesía,463,548,617,499,507,569,502,468,517,607,515,491,546,684
20444,Santa María Yolotepec,257,549,424,810,748,846,800,671,766,939,1119,1156,1156,1341
20445,Santa María Yosoyúa,733,1162,1161,2292,1617,3552,2357,1832,2135,1821,1787,2170,2027,2308
20446,Santa María Yucuhiti,3939,4668,3984,4862,14360,5902,6353,6331,5146,7748,8216,7374,7060,6734
20447,Santa María Zacatepec,15099,19180,16758,34315,42916,36218,33039,33533,31557,36517,43663,46214,48275,54269
20448,Santa María Zaniza,1768,1500,3047,4554,5109,5367,3670,4959,4832,5561,5776,5094,5372,5578
20449,Santa María Zoquitlán,31889,15876,28031,27699,25011,24225,30966,35381,37897,22738,18626,21513,23710,23268
20450,Santiago Amoltepec,4394,2448,2989,4349,4458,4590,1342,4366,5166,9561,9653,8383,8376,8274
20451,Santiago Apoala,1521,1464,1455,1214,2664,3801,3966,1756,4777,4279,2434,2148,3591,3924
20452,Santiago Apóstol,5517,6274,6643,5268,18115,8895,4724,11463,10823,12031,8382,8694,9088,8778
20453,Santiago Astata,7146,4402,5581,4818,4286,3194,2972,3961,3363,2981,6601,9445,6504,7509
20454,Santiago Atitlán,5785,7173,6779,8248,11610,10158,10719,10680,11720,9606,9458,12062,8194,7483
20455,Santiago Ayuquililla,1485,1706,926,392,1775,2052,1343,2623,1912,2094,2626,2176,2069,2076
20456,Santiago Cacaloxtepec,444,487,11,93,449,492,221,499,285,610,475,423,360,304
20457,Santiago Camotlán,2369,2923,2418,2969,3557,3843,3837,15145,14787,14252,13221,14388,12602,11304
20458,Santiago Comaltepec,9537,10720,9532,11918,12615,13715,14218,3847,4166,3326,2854,3260,2232,2356
20459,Santiago Chazumba,5107,7146,12474,12174,11733,12561,16909,21280,12718,21081,21375,21092,20039,22691
20460,Santiago Choápam,8574,19959,19376,8836,24077,21367,23653,16117,22371,28093,29651,28106,26716,26944
20461,Santiago del Río,1756,1540,1045,1400,4659,4338,4043,6461,5948,7407,6460,5294,4199,4294
20462,Santiago Huajolotitlán,11596,10033,6989,6913,9921,12777,10210,20723,17141,22007,15163,13368,11670,13751
20463,Santiago Huauclilla,1661,1597,1420,2156,2996,3691,3691,1522,4512,4089,2221,3206,3598,3822
20464,Santiago Ihuitlán Plumas,1337,581,407,296,963,1476,777,1158,1298,1593,348,1143,1507,1427
20465,Santiago Ixcuintepec,3113,3524,3405,8576,12340,4701,7427,6231,5552,6219,5064,3497,3502,3419
20466,Santiago Ixtayutla,8302,9322,8003,9798,11694,16199,16469,15817,17870,12879,15615,16957,18938,25072
20467,Santiago Jamiltepec,164525,152353,148046,116046,140080,191930,193415,214346,268767,263393,186872,234752,265605,382470
20468,Santiago Jocotepec,57731,118763,54316,65900,138198,62659,63027,67002,101392,93059,98938,94667,89865,87051
20469,Santiago Juxtlahuaca,11859,11269,5410,19431,15701,15903,14905,17831,14097,25842,19368,18472,14623,18450
20470,Santiago Lachiguiri,17083,22746,21457,57038,47121,34305,45673,41107,37606,33171,21573,14712,14968,15124
20471,Santiago Lalopa,592,874,799,909,1091,1251,1247,1302,1383,1140,873,1107,766,770
20472,Santiago Laollaga,5451,5433,8313,9611,11344,14292,14291,14170,12710,16427,13621,14588,15506,17755
20473,Santiago Laxopa,1382,804,1291,1471,1197,1650,1585,1430,1507,1990,1730,1669,1573,1826
20474,Santiago Llano Grande,13084,10992,6546,6309,7937,8590,8325,8881,9529,10837,24489,25578,22578,26184
20475,Santiago Matatlán,23155,6686,6067,6799,25684,14289,19201,10255,43135,71307,67685,55620,64209,65917
20476,Santiago Miltepec,548,491,278,1349,866,1040,877,1649,1490,1792,1500,1246,1062,1082
20477,Santiago Minas,2616,3637,4257,5507,5935,5939,3592,6197,6645,5687,6078,5218,5784,5675
20478,Santiago Nacaltepec,4910,5102,4145,5837,5320,6167,3880,6932,8885,9118,8836,7530,4626,8678
20479,Santiago Nejapilla,343,185,218,58,301,412,230,259,434,478,124,253,363,333
20480,Santiago Nundiche,965,1255,815,1728,1781,3207,2177,2235,2674,2583,3063,3071,3157,3947
20481,Santiago Nuyoó,4085,4647,4000,5245,13417,5529,5410,6374,7023,7212,8998,10000,9209,9542
20482,Santiago Pinotepa Nacional,162940,123334,77630,82981,109978,134971,124055,125630,174726,130833,236154,314400,306126,389003
20483,Santiago Suchilquitongo,19530,14371,13861,9516,10636,10359,7465,10232,9147,9366,7578,6770,7420,6890
20484,Santiago Tamazola,1736,2850,639,977,3912,4343,1836,3546,3172,5922,4935,2986,3453,3229
20485,Santiago Tapextla,11969,8775,4700,4578,5821,6860,6808,4714,5811,7412,9839,10748,11860,13844
20486,Villa Tejúpam de la Unión,4914,2439,2976,688,5780,7302,2285,4247,9267,8795,2723,5552,5672,5383
20487,Santiago Tenango,2259,1748,3083,1658,6063,5389,2005,4975,4712,4752,3136,3140,2368,1419
20488,Santiago Tepetlapa,229,164,71,23,257,256,138,289,276,315,24,195,277,255
20489,Santiago Tetepec,12092,9601,5316,5912,7181,8236,8321,8258,10122,10237,9286,9117,10651,12919
20490,Santiago Texcalcingo,3368,2807,2962,3356,2862,3291,4147,4737,6336,6618,6821,6406,7395,7843
20491,Santiago Textitlán,3206,3508,5952,5132,6565,6150,4457,6399,7484,8220,9456,12127,21599,13146
20492,Santiago Tilantongo,2948,2370,1866,1086,3692,1316,4632,6275,5473,6667,4662,8242,3885,7426
20493,Santiago Tillo,3406,3498,3216,7287,8503,9033,12130,8082,12932,11124,6468,9964,9654,9203
20494,Santiago Tlazoyaltepec,1694,2519,5461,3572,8219,5898,3335,7024,6940,7153,3640,4855,4928,3846
20495,Santiago Xanica,2100,2244,2351,5113,11355,10163,8863,11594,11453,11859,16437,16004,13282,7320
20496,Santiago Xiacuí,2017,1415,1977,2100,2147,2478,2218,2146,2238,2699,2367,2019,2067,2180
20497,Santiago Yaitepec,2877,2107,1725,2570,1755,3219,3255,3273,2323,4281,3985,3539,4244,3854
20498,Santiago Yaveo,138821,279211,144515,156816,329509,182125,214102,294960,371299,243732,298054,499736,624587,674857
20499,Santiago Yolomécatl,1275,297,338,207,1009,1147,673,1016,1325,1325,639,826,1014,1042
20500,Santiago Yosondúa,7591,5751,3501,14001,7466,10073,9262,6261,9297,9205,10879,10296,10649,11742
20501,Santiago Yucuyachi,129,359,20,0,540,578,300,640,409,864,709,661,605,587
20502,Santiago Zacatepec,12197,16664,15495,16576,24949,22289,22638,22221,24919,20007,13596,18215,10632,11365
20503,Santiago Zoochila,251,374,320,591,299,527,327,342,449,479,542,472,401,540
20504,Nuevo Zoquiápam,1491,1573,1454,1669,1786,1982,2103,2001,2136,2437,2260,2144,5118,14071
20505,Santo Domingo Ingenio,37703,41405,23844,22535,19018,37748,31737,19862,64153,57016,22193,41962,10699,56887
20506,Santo Domingo Albarradas,11165,2410,2585,5697,2314,3014,1716,2797,4048,5767,3379,4829,5469,5395
20507,Santo Domingo Armenta,8973,7353,4467,4108,6036,6559,6566,6227,7281,9761,9669,23502,24480,29588
20508,Santo Domingo Chihuitán,3933,6300,10041,8853,10733,14032,15490,13668,13666,17186,12722,13729,13955,16994
20509,Santo Domingo de Morelos,36030,31876,26060,27350,38425,47310,46781,45595,40284,62946,55966,58909,67734,69486
20510,Santo Domingo Ixcatlán,695,597,490,769,842,993,849,721,901,880,1750,1705,1805,2795
20511,Santo Domingo Nuxaá,4030,3795,3357,7533,8646,4680,10502,8496,13146,10467,11448,7964,5730,8939
20512,Santo Domingo Ozolotepec,515,612,605,670,847,1103,839,1340,1357,1366,899,1358,1192,1332
20513,Santo Domingo Petapa,16382,23772,29137,55423,65716,40426,49286,49106,52500,53553,55990,54155,56250,54001
20514,Santo Domingo Roayaga,1692,2017,1864,1903,2379,2712,2708,2844,3003,2683,2103,2241,1648,1620
20515,Santo Domingo Tehuantepec,43323,45641,56686,50726,48279,54758,68570,63116,56256,62965,43594,41748,39722,59829
20516,Santo Domingo Teojomulco,3384,2958,4409,6176,8200,8501,6630,8507,9391,8861,11028,10033,13298,9053
20517,Santo Domingo Tepuxtepec,4992,5038,4995,5399,5164,5661,5852,4905,5203,7350,6572,5593,5567,6174
20518,Santo Domingo Tlatayápam,164,123,133,38,243,307,155,231,287,376,21,197,246,249
20519,Santo Domingo Tomaltepec,2907,2297,1831,2132,3234,3889,3450,4699,4352,4764,3583,2980,3045,2239
20520,Santo Domingo Tonalá,24873,20972,18555,3874,20125,29156,23967,48859,43686,46225,45014,23425,27115,36981
20521,Santo Domingo Tonaltepec,963,235,403,30,362,471,269,566,611,648,233,466,636,651
20522,Santo Domingo Xagacía,1642,1246,1092,1405,1182,1344,1118,1124,1146,1285,1335,1324,1137,1249
20523,Santo Domingo Yanhuitlán,3169,4110,3333,7145,8481,10500,13542,10442,13650,12242,9511,10556,10023,11736
20524,Santo Domingo Yodohino,1593,1502,1665,2572,2373,2947,1906,2501,1990,2673,2538,1808,1629,1653
20525,Santo Domingo Zanatepec,67985,65602,109318,132276,125167,146675,156253,106471,157188,129462,125691,133011,153132,200445
20526,Santos Reyes Nopala,22687,30768,19172,20675,32460,25478,33327,27854,27752,31449,30919,25909,32923,38194
20527,Santos Reyes Pápalo,1256,1277,1089,1236,1659,1771,1603,1775,2591,2616,2978,2559,2426,3265
20528,Santos Reyes Tepejillo,1244,1258,966,1024,1340,1680,886,1783,1087,2531,1739,1646,1407,1497
20529,Santos Reyes Yucuná,511,573,329,225,599,584,121,667,458,875,735,220,565,481
20530,Santo Tomás Jalieza,3878,6568,7722,8771,19856,18189,8686,19434,19296,22127,10811,10191,11113,8800
20531,Santo Tomás Mazaltepec,6528,4632,5183,4935,7731,6895,4169,8517,7588,8570,3653,3744,4525,3815
20532,Santo Tomás Ocotepec,2368,3246,2172,3586,4107,4383,4570,3237,4112,4119,4708,4530,2281,5087
20533,Santo Tomás Tamazulapan,870,829,1524,1037,1085,1460,967,3901,3690,4844,4327,3387,4289,4387
20534,San Vicente Coatlán,7060,3990,4127,3840,4654,6074,450,14844,17367,16605,16574,7171,8247,8180
20535,San Vicente Lachixío,758,1785,154,3847,3054,3890,888,2941,3623,4247,2579,3687,4011,3818
20536,San Vicente Nuñú,353,216,131,170,665,686,469,311,789,751,190,562,757,682
20537,Silacayoápam,4943,4971,1452,1088,10837,11451,11885,14012,11280,16890,13096,10328,9890,10233
20538,Sitio de Xitlapehua,83,819,224,412,3734,3864,1939,4638,4820,5788,4679,2456,3704,24395
20539,Soledad Etla,43958,14857,12278,4513,9875,7531,5611,8595,7127,9014,4793,5711,5881,4671
20540,Villa de Tamazulápam del Progreso,6277,3418,3856,3244,5213,6396,4169,5741,7382,6324,4585,5356,5757,4929
20541,Tanetze de Zaragoza,1388,1936,1870,2009,2466,2782,2647,4178,4630,3552,3263,5034,2523,2495
20542,Taniche,2611,2534,4148,4046,7085,5698,5191,6563,5931,7685,5701,5102,4233,3990
20543,Tataltepec de Valdés,31594,33269,22071,19489,25060,27249,29095,20703,26931,29617,30189,30091,24859,29530
20544,Teococuilco de Marcos Pérez,986,697,728,1037,1079,1258,1183,1156,1236,1444,1258,1079,1391,2104
20545,Teotitlán de Flores Magón,15500,15798,10740,11607,11630,11938,11266,16279,19130,23036,23813,27485,22975,24591
20546,Teotitlán del Valle,4286,1688,3646,2211,2859,3714,2136,5264,4569,5307,5833,4872,5765,4986
20547,Teotongo,5189,2128,2323,1541,2646,2563,1739,2176,2669,3307,1815,2323,2050,2657
20548,Tepelmeme Villa de Morelos,1365,1737,1477,677,2893,4685,1112,3938,4582,4901,682,2812,1472,3570
20549,"Heroica Villa Tezoatlán de Segura y Luna, Cuna de la Independencia de Oaxaca",21015,19527,13410,30394,36745,41953,22523,50623,34291,54681,45462,39152,38238,35848
20550,San Jerónimo Tlacochahuaya,14231,6196,8104,8127,7381,6990,10280,10091,11037,6681,8282,10677,10703,11571
20551,Tlacolula de Matamoros,101718,7057,20571,19090,15014,22868,10365,29852,24667,36590,36660,30937,38323,34058
20552,Tlacotepec Plumas,440,375,612,217,1060,1375,532,1215,1527,1658,686,1226,1850,1568
20553,Tlalixtac de Cabrera,2194,3818,3946,3823,8128,6475,4050,7977,8803,9338,6916,6262,5101,4712
20554,Totontepec Villa de Morelos,7685,9196,8315,10782,13120,12941,12462,12204,13308,12901,11747,12116,9395,10320
20555,Trinidad Zaachila,9099,5621,5974,7250,14598,15754,11241,14973,14180,14259,12260,11419,11304,10320
20556,La Trinidad Vista Hermosa,304,151,470,111,608,757,425,1213,1527,1473,861,986,614,817
20557,Unión Hidalgo,8437,8536,14332,25003,33683,29139,28500,24567,32196,38340,29401,29877,24890,40394
20558,Valerio Trujano,5909,4942,2878,3890,5031,4142,4916,5817,5276,3431,4313,4389,3743,4473
20559,San Juan Bautista Valle Nacional,87662,74601,70467,51697,147227,83094,78093,72704,108160,109811,142187,121698,115444,123794
20560,Villa Díaz Ordaz,6725,1731,5542,4117,4582,4171,2208,7470,5996,9497,6478,7098,7555,7797
20561,Yaxe,18120,16076,10762,10557,15524,19481,16185,24878,24754,21979,16044,16222,15203,13676
20562,Magdalena Yodocono de Porfirio Díaz,999,1991,492,1087,1724,2380,3568,1976,3492,3055,2343,2780,2423,2445
20563,Yogana,1147,1586,1676,1688,2293,2175,562,5558,5486,7049,7713,4122,6181,5522
20564,Yutanduchi de Guerrero,42,59,1271,2295,4122,356,7001,5645,7366,6925,5481,6780,2768,4824
20565,Villa de Zaachila,26807,17639,18957,20717,35531,24573,18891,23383,21864,28401,16894,20038,25356,27024
20566,San Mateo Yucutindoo,6107,10450,16825,16927,19153,18156,13598,17035,17087,17868,18078,16250,19358,17744
20567,Zapotitlán Lagunas,3505,3568,472,2628,5556,5168,2086,5765,2804,8527,5660,4766,3994,3631
20568,Zapotitlán Palmas,382,1056,599,1166,1426,1445,813,1574,1243,2381,1963,1884,1516,1473
20569,Santa Inés de Zaragoza,2605,2438,1759,4638,7126,9720,20365,8486,12332,11781,9170,3191,3382,9032
20570,Zimatlán de Álvarez,62824,37516,28483,52985,90508,74692,63695,83204,88200,83659,50948,50635,56748,52277
