CVEGEO,Nombre,VPT_2012,VPT_2013,VPT_2014,VPT_2015,VPT_2016
20001,Abejones,1638,1497,2224,189,2251
20002,Acatlán de Pérez Figueroa,71359,83464,89372,13764,102310
20003,Asunción Cacalotepec,615,536,518,250,619
20004,Asunción Cuyotepeji,2273,1824,1669,201,1762
20005,Asunción Ixtaltepec,53462,71194,83413,21373,118252
20006,Asunción Nochixtlán,19273,20189,20506,1943,21039
20007,Asunción Ocotlán,3880,3871,3799,1634,4436
20008,Asunción Tlacolulita,1111,1474,1465,259,1455
20009,Ayotzintepec,26462,27549,33385,2807,42955
20010,El Barrio de la Soledad,22071,29431,31342,8169,44536
20011,Calihualá,4609,4437,3814,492,3449
20012,Candelaria Loxicha,8985,10243,9512,3605,10249
20013,Ciénega de Zimatlán,9734,9764,9686,4652,11397
20014,Ciudad Ixtepec,7904,8243,9009,1164,10778
20015,Coatecas Altas,5979,6205,6229,2063,7785
20016,Coicoyán de las Flores,7713,7579,7069,589,6873
20017,La Compañía,6953,7645,7614,1678,9198
20018,Concepción Buenavista,4702,4296,4298,267,4334
20019,Concepción Pápalo,3052,3559,3895,304,4148
20020,Co0tancia del Rosario,2253,3232,3675,1515,4257
20021,Cosolapa,10765,12183,13325,794,14955
20022,Cosoltepec,4540,4635,3837,393,3763
20023,Cuilápam de Guerrero,15610,16057,14893,3698,17295
20024,Cuyamecalco Villa de Zaragoza,3086,3525,3893,303,4085
20025,Chahuites,7783,8291,8170,5367,12944
20026,Chalcatongo de Hidalgo,8677,9020,11247,1202,12024
20027,Chiquihuitlán de Benito Juárez,2502,2899,3157,359,3356
20028,Heroica Ciudad de Ejutla de Crespo,23237,24570,24603,7810,29580
20029,Eloxochitlán de Flores Magón,3242,3598,3876,1351,4299
20030,El Espinal,16652,18013,21545,5014,23024
20031,Tamazulápam del Espíritu Santo,3867,3591,3275,995,3655
20032,Fresnillo de Trujano,1536,1633,1384,114,1614
20033,Guadalupe Etla,3266,3204,3172,1732,3767
20034,Guadalupe de Ramírez,3842,3749,3021,166,3634
20035,Guelatao de Juárez,1099,973,211,44,208
20036,Guevea de Humboldt,5155,5682,6646,1012,6962
20037,Mesones Hidalgo,3268,4420,7033,2502,8315
20038,Villa Hidalgo,1724,1623,1537,255,1555
20039,Heroica Ciudad de Huajuapan de León,38894,37307,36966,1805,38093
20040,Huautepec,2104,2530,2848,105,3068
20041,Huautla de Jiménez,13988,16935,19158,773,20397
20042,Ixtlán de Juárez,19494,17892,16419,2858,15744
20043,Heroica Ciudad de Juchitán de Zaragoza,71510,78205,90471,12211,88852
20044,Loma Bonita,78733,83694,110832,19496,130217
20045,Magdalena Apasco,3052,3036,2979,1558,3460
20046,Magdalena Jaltepec,8751,8985,8795,1437,9042
20047,Santa Magdalena Jicotlán,607,675,672,21,631
20048,Magdalena Mixtepec,467,391,375,97,497
20049,Magdalena Ocotlán,2079,1981,1946,1024,2285
20050,Magdalena Peñasco,1330,1597,1424,125,1446
20051,Magdalena Teitipac,3521,3410,3319,955,3633
20052,Magdalena Tequisistlán,8700,10729,10875,1534,10999
20053,Magdalena Tlacotepec,1011,1028,1129,109,1339
20054,Magdalena Zahuatlán,738,816,809,89,838
20055,Mariscala de Juárez,7451,7425,6339,546,6461
20056,Mártires de Tacubaya,9766,13268,16078,2678,21801
20057,Matías Romero Avendaño,218434,301107,359216,51714,481187
20058,Mazatlán Villa de Flores,12588,15012,16939,1308,17881
20059,Miahuatlán de Porfirio Díaz,20357,21165,21141,6514,25284
20060,Mixistlán de la Reforma,712,1006,927,180,932
20061,Monjas,2653,2755,2774,801,3617
20062,Natividad,406,346,327,23,339
20063,Nazareno Etla,3583,3528,3514,1832,4143
20064,Nejapa de Madero,9599,11921,12182,2153,12237
20065,Ixpantepec Nieves,3341,3276,2699,327,2717
20066,Santiago Niltepec,25855,26520,27734,5454,32496
20067,Oaxaca de Juárez,102930,109444,109461,22135,119308
20068,Ocotlán de Morelos,47155,48747,49831,16211,55908
20069,La Pe,3589,3723,3718,1993,4927
20070,Pinotepa de Don Luis,8508,11373,17195,3361,22847
20071,Pluma Hidalgo,1764,2313,2835,1005,3419
20072,San José del Progreso,9152,8999,8930,3915,10207
20073,Putla Villa de Guerrero,8863,21137,35860,18696,41936
20074,Santa Catarina Quioquitani,571,669,769,8,743
20075,Reforma de Pineda,7523,7659,8565,1645,14043
20076,La Reforma,3442,2939,5169,1288,6200
20077,Reyes Etla,7949,8002,7974,4446,9530
20078,Rojas de Cuauhtémoc,4796,4485,4334,2118,4916
20079,Salina Cruz,3690,4320,4344,114,5101
20080,San Agustín Amatengo,2613,2681,2679,734,3503
20081,San Agustín Atenango,2807,2860,2536,208,2557
20082,San Agustín Chayuco,13458,17728,26435,4646,35343
20083,San Agustín de las Juntas,2017,1909,1963,378,1108
20084,San Agustín Etla,779,705,689,375,2197
20085,San Agustín Loxicha,2863,3788,3029,477,4329
20086,San Agustín Tlacotepec,915,1502,1739,387,1825
20087,San Agustín Yatareni,911,844,854,306,804
20088,San Andrés Cabecera Nueva,4669,5594,6245,1507,6901
20089,San Andrés Dinicuiti,7812,7067,6810,376,6725
20090,San Andrés Huaxpaltepec,22410,29784,35160,9611,46275
20091,San Andrés Huayápam,891,821,802,326,971
20092,San Andrés Ixtlahuaca,2577,2341,2361,1162,2854
20093,San Andrés Lagunas,1947,1866,1895,98,1845
20094,San Andrés Nuxiño,3666,3759,3644,787,3613
20095,San Andrés Paxtlán,1040,1070,1076,246,1097
20096,San Andrés Sinaxtla,513,588,599,78,701
20097,San Andrés Solaga,4064,3635,3457,290,3479
20098,San Andrés Teotilálpam,5033,5724,6758,605,7691
20099,San Andrés Tepetlapa,1771,1727,1971,208,1797
20100,San Andrés Yaá,843,772,777,50,784
20101,San Andrés Zabache,829,856,886,255,1070
20102,San Andrés Zautla,5808,5508,5532,2655,6430
20103,San Antonino Castillo Velasco,446,426,396,155,459
20104,San Antonino el Alto,1655,1532,1519,461,1822
20105,San Antonino Monte Verde,8588,6375,6074,268,6395
20106,San Antonio Acutla,726,793,763,67,771
20107,San Antonio de la Cal,1118,1011,1003,541,1143
20108,San Antonio Huitepec,6711,5659,5643,2595,6543
20109,San Antonio Nanahuatípam,3421,3993,4556,1421,4621
20110,San Antonio Sinicahua,3682,3905,3193,361,3308
20111,San Antonio Tepetlapa,4714,6103,11508,1505,15521
20112,San Baltazar Chichicápam,3318,3197,3182,1117,3578
20113,San Baltazar Loxicha,855,983,1087,176,1495
20114,San Baltazar Yatzachi el Bajo,2608,2358,2387,178,2381
20115,San Bartolo Coyotepec,3507,3320,3275,1109,4291
20116,San Bartolomé Ayautla,6695,7433,9038,947,10532
20117,San Bartolomé Loxicha,792,828,889,180,1068
20118,San Bartolomé Quialana,4427,4354,4267,1687,4743
20119,San Bartolomé Yucuañe,488,967,1001,108,1030
20120,San Bartolomé Zoogocho,1247,1141,1214,40,1202
20121,San Bartolo Soyaltepec,3978,3897,3911,112,2869
20122,San Bartolo Yautepec,671,811,872,198,935
20123,San Bernardo Mixtepec,2348,2124,2103,1086,3248
20124,San Blas Atempa,10409,11111,13133,3168,14549
20125,San Carlos Yautepec,8975,10586,11605,1819,11375
20126,San Cristóbal Amatlán,2170,2140,2144,642,3135
20127,San Cristóbal Amoltepec,2925,3368,2895,427,2988
20128,San Cristóbal Lachirioag,1291,1136,1090,51,1085
20129,San Cristóbal Suchixtlahuaca,1214,1219,1244,15,1629
20130,San Dionisio del Mar,11605,12404,13324,1221,14485
20131,San Dionisio Ocotepec,7841,7898,8255,2508,9950
20132,San Dionisio Ocotlán,1306,1167,1136,528,1612
20133,San Esteban Atatlahuca,2999,3286,2574,557,2862
20134,San Felipe Jalapa de Díaz,34884,38065,41238,2792,58310
20135,San Felipe Tejalápam,6314,6127,6111,3080,7139
20136,San Felipe Usila,21832,23469,21250,4347,29450
20137,San Francisco Cahuacuá,7294,7327,7188,3072,8313
20138,San Francisco Cajonos,904,826,816,144,833
20139,San Francisco Chapulapa,2085,2365,2581,438,2802
20140,San Francisco Chindúa,510,523,514,87,534
20141,San Francisco del Mar,19143,19733,20732,3345,23998
20142,San Francisco Huehuetlán,4561,5285,5759,1309,6185
20143,San Francisco Ixhuatán,22603,21161,23204,3840,33970
20144,San Francisco Jaltepetongo,1969,2029,1975,335,2014
20145,San Francisco Lachigoló,2583,2561,2467,846,2882
20146,San Francisco Logueche,947,984,965,367,1124
20147,San Francisco Nuxaño,817,866,830,159,859
20148,San Francisco Ozolotepec,1426,1457,1518,1470,1935
20149,San Francisco Sola,2028,1874,1629,643,2017
20150,San Francisco Telixtlahuaca,5095,4974,4991,2719,5792
20151,San Francisco Teopan,2327,2365,2429,142,3014
20152,San Francisco Tlapancingo,7790,7318,5619,546,5310
20153,San Gabriel Mixtepec,16462,17440,30454,16685,37700
20154,San Ildefo0o Amatlán,1079,1109,1098,240,1121
20155,San Ildefo0o Sola,1799,1705,1533,596,1842
20156,San Ildefo0o Villa Alta,4518,3819,3910,272,3896
20157,San Jacinto Amilpas,1248,1157,1132,635,1297
20158,San Jacinto Tlacotepec,5247,5279,5566,1753,7209
20159,San Jerónimo Coatlán,8075,8441,8188,3200,10066
20160,San Jerónimo Silacayoapilla,3012,2908,2257,199,1962
20161,San Jerónimo Sosola,6158,5997,5940,3010,6978
20162,San Jerónimo Taviche,1898,1780,1782,877,2169
20163,San Jerónimo Tecóatl,4088,4723,4915,1193,5356
20164,San Jorge Nuchita,2889,2862,2820,164,2970
20165,San José Ayuquila,6791,6518,4877,950,4075
20166,San José Chiltepec,38215,43994,52457,4819,63327
20167,San José del Peñasco,1898,1949,1862,414,2594
20168,San José Estancia Grande,8986,10635,13104,3742,17487
20169,San José Independencia,6631,7545,7834,690,8874
20170,San José Lachiguiri,848,886,856,504,999
20171,San José Tenango,17244,20313,23675,1416,26176
20172,San Juan Achiutla,367,431,490,114,573
20173,San Juan Atepec,1924,1756,1617,178,1675
20174,Ánimas Trujano,2137,2061,1975,638,2162
20175,San Juan Bautista Atatlahuca,2259,2146,2129,1227,2669
20176,San Juan Bautista Coixtlahuaca,6204,6039,6049,330,6080
20177,San Juan Bautista Cuicatlán,5265,6004,6779,1402,7042
20178,San Juan Bautista Guelache,2702,2596,2600,1151,2876
20179,San Juan Bautista Jayacatlán,2162,2013,2115,1267,2181
20180,San Juan Bautista Lo de Soto,11103,14947,24486,3233,33819
20181,San Juan Bautista Suchitepec,1755,1760,1564,157,1718
20182,San Juan Bautista Tlacoatzintepec,1826,2101,2304,185,2476
20183,San Juan Bautista Tlachichilco,3456,3362,3115,404,3057
20184,San Juan Bautista Tuxtepec,98885,107913,132715,20813,172178
20185,San Juan Cacahuatepec,14410,19201,32431,9155,40875
20186,San Juan Cieneguilla,3471,3441,3039,425,3227
20187,San Juan Coatzóspam,2540,2951,3306,366,3604
20188,San Juan Colorado,11317,15652,22124,3003,29434
20189,San Juan Comaltepec,4543,4780,4783,1292,6516
20190,San Juan Cotzocón,99819,111423,132227,33060,164403
20191,San Juan Chicomezúchil,2108,1864,1826,88,1723
20192,San Juan Chilateca,1154,974,952,471,1137
20193,San Juan del Estado,2414,2277,2243,1074,2829
20194,San Juan del Río,408,478,377,156,602
20195,San Juan Diuxi,1806,1843,1826,383,1956
20196,San Juan Evangelista Analco,64,59,78,12,77
20197,San Juan Guelavía,5749,5663,5846,1257,6376
20198,San Juan Guichicovi,43706,55849,61171,26364,85497
20199,San Juan Ihualtepec,5393,4985,4820,690,4368
20200,San Juan Juquila Mixes,17611,16411,14427,3148,14637
20201,San Juan Juquila Vijanos,1868,1703,1617,228,1635
20202,San Juan Lachao,2550,2454,9663,2920,10292
20203,San Juan Lachigalla,4347,4427,4486,1335,5884
20204,San Juan Lajarcia,1347,1672,1708,222,1549
20205,San Juan Lalana,45382,46899,82045,12382,99402
20206,San Juan de los Cués,3495,4270,4721,513,4885
20207,San Juan Mazatlán,46578,58918,63218,27816,87923
20208,San Juan Mixtepec,25556,24128,21314,2860,23145
20209,San Juan Mixtepec,457,475,490,162,503
20210,San Juan Ñumí,11578,9762,11851,1969,12246
20211,San Juan Ozolotepec,5541,5794,6097,5445,8336
20212,San Juan Petlapa,3853,3990,4754,1257,6248
20213,San Juan Quiahije,549,524,14149,3686,17662
20214,San Juan Quiotepec,9871,8669,8347,729,7172
20215,San Juan Sayultepec,457,490,488,76,567
20216,San Juan Tabaá,1837,1633,1589,147,1571
20217,San Juan Tamazola,7483,7596,7407,1354,7608
20218,San Juan Teita,3187,5600,2781,271,2816
20219,San Juan Teitipac,8244,8277,8953,2333,10269
20220,San Juan Tepeuxila,1958,2288,2442,335,2650
20221,San Juan Teposcolula,2587,2301,2186,120,2410
20222,San Juan Yaeé,1759,1565,1434,94,1447
20223,San Juan Yatzona,777,694,687,57,672
20224,San Juan Yucuita,932,964,934,173,988
20225,San Lorenzo,8942,11642,14806,2589,19218
20226,San Lorenzo Albarradas,2580,2550,2301,1056,2938
20227,San Lorenzo Cacaotepec,9281,9239,9066,4869,10623
20228,San Lorenzo Cuaunecuiltitla,1206,1433,1563,48,1679
20229,San Lorenzo Texmelúcan,4418,4381,4353,1393,4592
20230,San Lorenzo Victoria,1750,1666,1798,120,2054
20231,San Lucas Camotlán,1724,1553,1427,312,1402
20232,San Lucas Ojitlán,45946,48307,47705,7837,66383
20233,San Lucas Quiaviní,2197,2101,2067,662,2098
20234,San Lucas Zoquiápam,3441,4192,4554,163,4816
20235,San Luis Amatlán,4108,4294,4309,1472,5595
20236,San Marcial Ozolotepec,104,110,108,37,104
20237,San Marcos Arteaga,3170,3195,2950,400,2765
20238,San Martín de los Ca0ecos,752,787,791,342,989
20239,San Martín Huamelúlpam,3062,3457,3280,547,3541
20240,San Martín Itunyoso,1405,1629,1872,444,2001
20241,San Martín Lachilá,1319,1349,1345,340,1769
20242,San Martín Peras,8820,8011,8064,796,7924
20243,San Martín Tilcajete,549,447,438,203,507
20244,San Martín Toxpalan,4967,5978,6594,627,6762
20245,San Martín Zacatepec,2826,2737,2559,121,2100
20246,San Mateo Cajonos,879,789,766,90,753
20247,Capulálpam de Méndez,241,230,838,56,861
20248,San Mateo del Mar,5604,6744,6611,103,7741
20249,San Mateo Yoloxochitlán,1762,2058,2263,390,2432
20250,San Mateo Etlatongo,1583,1641,1620,86,1648
20251,San Mateo Nejápam,2104,2040,1917,193,1992
20252,San Mateo Peñasco,8549,9151,9025,759,9260
20253,San Mateo Piñas,1167,1250,1380,424,1685
20254,San Mateo Río Hondo,2163,2210,2209,794,2530
20255,San Mateo Sindihui,3046,3032,3054,683,3079
20256,San Mateo Tlapiltepec,1002,1059,1126,42,1121
20257,San Melchor Betaza,3485,3016,2959,169,2985
20258,San Miguel Achiutla,813,1733,1606,614,1787
20259,San Miguel Ahuehuetitlán,1633,1558,1507,82,1627
20260,San Miguel Aloápam,3734,3353,3202,415,3240
20261,San Miguel Amatitlán,36643,32295,29127,3205,23971
20262,San Miguel Amatlán,3377,3182,3069,245,3166
20263,San Miguel Coatlán,816,831,845,282,1078
20264,San Miguel Chicahua,4768,4834,4845,1013,4677
20265,San Miguel Chimalapa,14624,14718,14899,3772,17727
20266,San Miguel del Puerto,1508,2049,4895,1259,5545
20267,San Miguel del Río,295,270,254,45,255
20268,San Miguel Ejutla,1383,1455,1505,460,2322
20269,San Miguel el Grande,3041,3231,3084,483,3504
20270,San Miguel Huautla,2035,2076,2034,351,2010
20271,San Miguel Mixtepec,977,907,900,431,1087
20272,San Miguel Panixtlahuaca,948,1154,5091,1047,4874
20273,San Miguel Peras,3032,2815,2808,949,3003
20274,San Miguel Piedras,3812,3798,3680,678,3466
20275,San Miguel Quetzaltepec,1298,1254,1159,340,1239
20276,San Miguel Santa Flor,1905,2182,2416,263,2581
20277,Villa Sola de Vega,27829,27758,27651,10924,50402
20278,San Miguel Soyaltepec,34377,36561,53149,11592,60919
20279,San Miguel Suchixtepec,160,142,139,51,148
20280,Villa Talea de Castro,7958,8075,7118,3995,6974
20281,San Miguel Tecomatlán,586,599,584,100,625
20282,San Miguel Tenango,2094,2540,2840,591,2982
20283,San Miguel Tequixtepec,2023,2143,6448,55,6556
20284,San Miguel Tilquiápam,2743,2659,2631,1290,3113
20285,San Miguel Tlacamama,25403,34479,29660,8620,38174
20286,San Miguel Tlacotepec,5797,5478,5045,560,4397
20287,San Miguel Tulancingo,1753,1643,1750,11,1565
20288,San Miguel Yotao,242,209,213,21,215
20289,San Nicolás,1756,1813,1842,604,2588
20290,San Nicolás Hidalgo,3514,3351,3010,551,2889
20291,San Pablo Coatlán,1497,1550,1572,551,2283
20292,San Pablo Cuatro Venados,2969,2938,2914,1210,3318
20293,San Pablo Etla,2585,2463,2466,1180,2916
20294,San Pablo Huitzo,4610,4567,4553,2321,5192
20295,San Pablo Huixtepec,20545,20933,21002,12057,23223
20296,San Pablo Macuiltianguis,1917,1654,1609,186,1670
20297,San Pablo Tijaltepec,6397,7465,6937,404,6962
20298,San Pablo Villa de Mitla,5245,5106,4803,1911,5456
20299,San Pablo Yaganiza,1197,1062,1045,81,1052
20300,San Pedro Amuzgos,7557,11475,13705,4200,15901
20301,San Pedro Apóstol,1617,1568,1575,411,1748
20302,San Pedro Atoyac,8746,11954,18970,2581,25365
20303,San Pedro Cajonos,1145,1047,1050,183,1034
20304,San Pedro Coxcaltepec Cántaros,2179,2223,2142,642,2088
20305,San Pedro Comitancillo,5857,6600,7625,1732,8993
20306,San Pedro el Alto,585,692,765,279,1042
20307,San Pedro Huamelula,8663,9449,10935,1260,12185
20308,San Pedro Huilotepec,1649,1933,2013,128,2378
20309,San Pedro Ixcatlán,25017,26623,27748,3152,37210
20310,San Pedro Ixtlahuaca,4281,4183,4162,2014,4737
20311,San Pedro Jaltepetongo,1584,1848,1992,47,2151
20312,San Pedro Jicayán,8890,11201,19328,3701,25661
20313,San Pedro Jocotipac,1539,1813,1954,54,2135
20314,San Pedro Juchatengo,2754,3363,11171,2734,10915
20315,San Pedro Mártir,1004,966,942,262,1104
20316,San Pedro Mártir Quiechapa,997,1223,1323,89,1221
20317,San Pedro Mártir Yucuxaco,2855,3174,3424,853,3640
20318,San Pedro Mixtepec,51111,61591,80710,12758,117696
20319,San Pedro Mixtepec,740,759,797,311,1267
20320,San Pedro Molinos,513,612,748,228,874
20321,San Pedro Nopala,3171,3058,3044,102,3000
20322,San Pedro Ocopetatillo,3496,3948,4046,1147,4534
20323,San Pedro Ocotepec,326,299,281,80,366
20324,San Pedro Pochutla,12028,13966,24085,5989,31276
20325,San Pedro Quiatoni,4644,4757,5111,1292,6011
20326,San Pedro Sochiápam,4024,4631,5167,622,5566
20327,San Pedro Tapanatepec,22709,23529,25320,7491,39194
20328,San Pedro Taviche,4972,4940,4867,2956,5736
20329,San Pedro Teozacoalco,2529,2528,2512,304,2565
20330,San Pedro Teutila,6195,6961,8337,798,9472
20331,San Pedro Tidaá,1143,1211,1160,262,1144
20332,San Pedro Topiltepec,1495,1490,1527,146,1601
20333,San Pedro Totolápam,7573,8816,8533,3883,12241
20334,Villa de Tututepec,74800,90954,116250,19033,166564
20335,San Pedro Yaneri,743,644,616,45,576
20336,San Pedro Yólox,8362,7302,7089,751,6724
20337,San Pedro y San Pablo Ayutla,4723,4136,3871,965,3943
20338,Villa de Etla,2458,2477,2481,625,2711
20339,San Pedro y San Pablo Teposcolula,5566,4318,3863,667,5541
20340,San Pedro y San Pablo Tequixtepec,7776,7003,6403,566,6766
20341,San Pedro Yucunama,327,361,403,7,790
20342,San Raymundo Jalpan,1326,1282,1280,462,1541
20343,San Sebastián Abasolo,5906,5781,5889,1923,6522
20344,San Sebastián Coatlán,1441,1519,1577,1201,2409
20345,San Sebastián Ixcapa,9836,13476,25525,3059,34991
20346,San Sebastián Nicananduta,1685,1656,1901,128,3263
20347,San Sebastián Río Hondo,1889,1944,1900,492,2361
20348,San Sebastián Tecomaxtlahuaca,16048,15207,12396,1160,12806
20349,San Sebastián Teitipac,5711,5745,5612,1482,6326
20350,San Sebastián Tutla,1058,995,988,422,1206
20351,San Simón Almolongas,2344,2405,2385,580,3088
20352,San Simón Zahuatlán,4492,4247,3052,755,2666
20353,Santa Ana,1384,1469,1493,481,2026
20354,Santa Ana Ateixtlahuaca,1342,1665,1772,51,1908
20355,Santa Ana Cuauhtémoc,2340,2699,3132,205,3457
20356,Santa Ana del Valle,2835,2751,2658,910,2933
20357,Santa Ana Tavela,1089,1305,1412,163,1308
20358,Santa Ana Tlapacoyan,5228,5178,5118,2393,7154
20359,Santa Ana Yareni,778,714,655,46,666
20360,Santa Ana Zegache,6952,7009,6995,2843,8214
20361,Santa Catalina Quierí,666,808,867,79,865
20362,Santa Catarina Cuixtla,398,380,369,102,447
20363,Santa Catarina Ixtepeji,4009,3618,3444,369,3587
20364,Santa Catarina Juquila,11514,13709,26486,9752,24425
20365,Santa Catarina Lachatao,4784,4439,4302,688,4548
20366,Santa Catarina Loxicha,1914,1943,2220,995,2441
20367,Santa Catarina Mechoacán,6148,8977,13556,7363,17541
20368,Santa Catarina Minas,2329,2193,2164,1006,2586
20369,Santa Catarina Quiané,3178,3137,3136,1176,3527
20370,Santa Catarina Tayata,1731,2071,2212,451,2331
20371,Santa Catarina Ticuá,469,563,646,194,708
20372,Santa Catarina Yosonotú,3650,3713,3410,658,3544
20373,Santa Catarina Zapoquila,2192,2179,2147,269,2061
20374,Santa Cruz Acatepec,1508,1756,1874,380,2075
20375,Santa Cruz Amilpas,342,271,244,29,322
20376,Santa Cruz de Bravo,930,961,1099,86,3210
20377,Santa Cruz Itundujia,21786,22628,10433,4704,11965
20378,Santa Cruz Mixtepec,5502,5358,5344,2352,6376
20379,Santa Cruz Nundaco,1850,2075,2468,691,2642
20380,Santa Cruz Papalutla,3194,3132,3241,624,3599
20381,Santa Cruz Tacache de Mina,4358,4036,3781,75,3595
20382,Santa Cruz Tacahua,931,1001,1164,337,1220
20383,Santa Cruz Tayata,1351,1566,1646,307,1736
20384,Santa Cruz Xitla,2215,2305,2325,793,2980
20385,Santa Cruz Xoxocotlán,7118,7123,7143,3471,8562
20386,Santa Cruz Zenzontepec,33750,33959,35047,10699,41467
20387,Santa Gertrudis,11068,11091,11114,5391,12665
20388,Santa Inés del Monte,2711,2685,2665,1149,2952
20389,Santa Inés Yatzeche,1139,1085,1200,356,1326
20390,Santa Lucía del Camino,2422,2292,2266,1004,2624
20391,Santa Lucía Miahuatlán,2800,3015,3055,1042,4063
20392,Santa Lucía Monteverde,1571,1597,2339,392,2553
20393,Santa Lucía Ocotlán,2935,2923,2887,1087,3288
20394,Santa María Alotepec,2136,1880,1796,474,1839
20395,Santa María Apazco,3469,3485,3362,775,3366
20396,Santa María la Asunción,2630,3175,3500,122,3748
20397,Heroica Ciudad de Tlaxiaco,21714,23570,20845,4227,22262
20398,Ayoquezco de Aldama,8837,8893,8785,3775,9665
20399,Santa María Atzompa,3651,3627,3592,1851,4092
20400,Santa María Camotlán,1306,1340,1664,80,2362
20401,Santa María Colotepec,18672,26275,35426,5251,52549
20402,Santa María Cortijo,7273,9853,21274,2460,29644
20403,Santa María Coyotepec,1934,1887,1866,769,2141
20404,Santa María Chachoápam,1380,1393,1387,249,1502
20405,Villa de Chilapa de Díaz,1972,2055,2066,120,2145
20406,Santa María Chilchotla,36964,41287,50740,6053,57770
20407,Santa María Chimalapa,25915,31605,35422,17435,49226
20408,Santa María del Rosario,1674,2146,2217,174,2368
20409,Santa María del Tule,1650,1624,1750,579,1928
20410,Santa María Ecatepec,3358,4119,4584,1038,4589
20411,Santa María Guelacé,1748,1626,1509,495,1730
20412,Santa María Guienagati,6289,6794,8128,1608,8878
20413,Santa María Huatulco,7011,8795,14834,2777,20212
20414,Santa María Huazolotitlán,25017,32792,44963,11922,58467
20415,Santa María Ipalapa,7150,9717,12233,4852,14880
20416,Santa María Ixcatlán,3391,3773,4252,1230,4428
20417,Santa María Jacatepec,31770,37314,45760,4846,50228
20418,Santa María Jalapa del Marqués,9156,9535,11595,1841,12703
20419,Santa María Jaltianguis,2505,2112,1793,301,1896
20420,Santa María Lachixío,2198,2159,1951,631,2063
20421,Santa María Mixtequilla,3477,3650,4406,964,5136
20422,Santa María Nativitas,1110,1105,1058,61,1775
20423,Santa María Nduayaco,2630,2582,2487,89,2781
20424,Santa María Ozolotepec,953,970,1025,356,1275
20425,Santa María Pápalo,2505,2909,3198,296,3405
20426,Santa María Peñoles,7684,7709,7632,3872,8933
20427,Santa María Petapa,20208,26553,28276,6532,41323
20428,Santa María Quiegolani,3017,3758,4065,604,4140
20429,Santa María Sola,4619,4454,4294,1518,5137
20430,Santa María Tataltepec,781,924,956,161,957
20431,Santa María Tecomavaca,4382,5011,5542,905,5761
20432,Santa María Temaxcalapa,262,256,239,135,248
20433,Santa María Temaxcaltepec,164,154,7151,1482,6475
20434,Santa María Teopoxco,4370,5085,5414,217,5707
20435,Santa María Tepantlali,1085,1198,1158,419,1088
20436,Santa María Texcatitlán,1727,2028,2195,60,2326
20437,Santa María Tlahuitoltepec,6307,5521,5218,568,5498
20438,Santa María Tlalixtac,1871,2152,2379,312,2775
20439,Santa María Tonameca,19430,26048,43455,2410,58910
20440,Santa María Totolapilla,1496,1424,1839,193,2016
20441,Santa María Xadani,5889,6778,7097,690,8885
20442,Santa María Yalina,836,753,748,61,765
20443,Santa María Yavesía,769,720,1019,76,1222
20444,Santa María Yolotepec,1025,1112,1277,388,1339
20445,Santa María Yosoyúa,4193,4499,3946,334,3841
20446,Santa María Yucuhiti,3529,3792,4439,2020,7448
20447,Santa María Zacatepec,15088,19212,22954,6925,27695
20448,Santa María Zaniza,655,635,525,125,753
20449,Santa María Zoquitlán,11846,15354,15291,5954,24417
20450,Santiago Amoltepec,6883,6776,6708,2274,7903
20451,Santiago Apoala,2605,2687,2593,674,2735
20452,Santiago Apóstol,2071,2076,2106,1095,2397
20453,Santiago Astata,5274,5495,6522,946,7098
20454,Santiago Atitlán,2370,2002,1860,848,1904
20455,Santiago Ayuquililla,6219,5942,5339,991,4988
20456,Santiago Cacaloxtepec,2258,2185,1483,130,1628
20457,Santiago Camotlán,10191,9164,8571,969,8669
20458,Santiago Comaltepec,2832,2540,2404,402,2521
20459,Santiago Chazumba,13854,12589,12364,983,11759
20460,Santiago Choápam,9544,10108,5237,1353,6596
20461,Santiago del Río,2183,2302,3185,675,2840
20462,Santiago Huajolotitlán,7212,6854,3834,612,4383
20463,Santiago Huauclilla,1676,1710,1631,463,1702
20464,Santiago Ihuitlán Plumas,1946,1970,2105,157,3042
20465,Santiago Ixcuintepec,194,241,236,11,270
20466,Santiago Ixtayutla,11849,16019,27338,3132,35811
20467,Santiago Jamiltepec,40472,54935,81172,15137,105300
20468,Santiago Jocotepec,39363,40730,57790,9419,67333
20469,Santiago Juxtlahuaca,21891,20684,20416,1937,21072
20470,Santiago Lachiguiri,3560,4286,4844,923,5373
20471,Santiago Lalopa,494,460,468,56,475
20472,Santiago Laollaga,3433,3984,4560,1269,5099
20473,Santiago Laxopa,9242,7856,7532,350,6773
20474,Santiago Llano Grande,11234,15382,24154,3395,30849
20475,Santiago Matatlán,7589,7581,7605,2768,8926
20476,Santiago Miltepec,688,772,1065,86,1134
20477,Santiago Minas,13817,14553,13994,6222,22744
20478,Santiago Nacaltepec,3154,3546,3947,723,4097
20479,Santiago Nejapilla,1454,1577,1333,212,1311
20480,Santiago Nundiche,400,456,676,130,762
20481,Santiago Nuyoó,3800,4219,4111,963,4316
20482,Santiago Pinotepa Nacional,100416,136893,161553,28644,194885
20483,Santiago Suchilquitongo,6572,6574,6563,3454,7673
20484,Santiago Tamazola,7309,6866,6016,1020,6711
20485,Santiago Tapextla,10179,14068,26498,2983,36419
20486,Villa Tejúpam de la Unión,4743,4044,3723,184,4735
20487,Santiago Tenango,3164,3155,3110,1561,3688
20488,Santiago Tepetlapa,887,3627,3640,51,5302
20489,Santiago Tetepec,13576,19134,28865,3883,36116
20490,Santiago Texcalcingo,4564,5317,5650,249,5957
20491,Santiago Textitlán,3385,3288,3114,751,3691
20492,Santiago Tilantongo,7986,8366,8378,1335,8276
20493,Santiago Tillo,544,565,576,159,624
20494,Santiago Tlazoyaltepec,4300,4297,4223,1278,4819
20495,Santiago Xanica,2499,2573,2736,2392,3498
20496,Santiago Xiacuí,3303,2969,2720,191,2652
20497,Santiago Yaitepec,53,53,1617,308,1588
20498,Santiago Yaveo,63295,67649,87943,17257,110772
20499,Santiago Yolomécatl,1840,1821,1618,110,2641
20500,Santiago Yosondúa,18901,20441,18750,3461,20139
20501,Santiago Yucuyachi,3725,3562,3282,409,3262
20502,Santiago Zacatepec,856,773,755,337,804
20503,Santiago Zoochila,1003,873,916,75,895
20504,Nuevo Zoquiápam,1913,1752,1655,283,1666
20505,Santo Domingo Ingenio,13440,14001,14588,2711,17127
20506,Santo Domingo Albarradas,299,190,201,161,63
20507,Santo Domingo Armenta,11476,15697,25656,3211,35028
20508,Santo Domingo Chihuitán,3956,4671,5171,1420,6253
20509,Santo Domingo de Morelos,10462,11850,13499,1431,17683
20510,Santo Domingo Ixcatlán,875,960,1378,358,1412
20511,Santo Domingo Nuxaá,5151,5182,5069,601,5199
20512,Santo Domingo Ozolotepec,464,422,528,176,556
20513,Santo Domingo Petapa,11075,15018,17095,4657,23955
20514,Santo Domingo Roayaga,1683,1546,1502,146,1499
20515,Santo Domingo Tehuantepec,30978,36968,38818,5408,43859
20516,Santo Domingo Teojomulco,9580,9368,9333,3779,12687
20517,Santo Domingo Tepuxtepec,1110,1043,949,264,993
20518,Santo Domingo Tlatayápam,602,673,638,13,760
20519,Santo Domingo Tomaltepec,1069,1021,1023,529,1187
20520,Santo Domingo Tonalá,8789,8215,7278,848,6708
20521,Santo Domingo Tonaltepec,792,867,840,44,1530
20522,Santo Domingo Xagacía,1026,940,915,185,928
20523,Santo Domingo Yanhuitlán,2199,2274,2243,250,2311
20524,Santo Domingo Yodohino,658,853,722,60,959
20525,Santo Domingo Zanatepec,38717,38206,41928,7513,60250
20526,Santos Reyes Nopala,11560,13548,27903,9049,32501
20527,Santos Reyes Pápalo,2116,2441,2671,257,2794
20528,Santos Reyes Tepejillo,2130,2020,1986,164,2311
20529,Santos Reyes Yucuná,2905,2445,2250,315,2080
20530,Santo Tomás Jalieza,5200,5176,5118,2824,6164
20531,Santo Tomás Mazaltepec,2690,2631,2600,1474,3035
20532,Santo Tomás Ocotepec,8559,5051,3970,866,4067
20533,Santo Tomás Tamazulapan,1213,1236,1285,558,1432
20534,San Vicente Coatlán,2509,2662,2670,959,3474
20535,San Vicente Lachixío,5851,5814,5293,2240,5675
20536,San Vicente Nuñú,1098,1169,1187,61,1840
20537,Silacayoápam,16004,15236,13416,1646,13517
20538,Sitio de Xitlapehua,608,623,648,209,698
20539,Soledad Etla,3915,3922,3931,2001,5316
20540,Villa de Tamazulápam del Progreso,6169,6108,6318,703,6722
20541,Tanetze de Zaragoza,426,379,356,59,364
20542,Taniche,1778,1800,1901,618,2622
20543,Tataltepec de Valdés,16994,22305,27836,3132,40825
20544,Teococuilco de Marcos Pérez,908,809,800,129,852
20545,Teotitlán de Flores Magón,85390,99748,109017,1622,101555
20546,Teotitlán del Valle,4082,4102,3904,1460,4764
20547,Teotongo,2291,2420,2440,358,4238
20548,Tepelmeme Villa de Morelos,6442,6158,6319,372,7894
20549,"Heroica Villa Tezoatlán de Segura y Luna, Cuna de la Independencia de Oaxaca",24499,22957,21980,1728,24667
20550,San Jerónimo Tlacochahuaya,7359,7505,7483,1431,8650
20551,Tlacolula de Matamoros,7486,7553,7624,2473,9445
20552,Tlacotepec Plumas,1407,1524,1379,134,1778
20553,Tlalixtac de Cabrera,4003,3984,3911,1872,4594
20554,Totontepec Villa de Morelos,5136,4352,4286,802,4332
20555,Trinidad Zaachila,7697,7824,7706,3618,9178
20556,La Trinidad Vista Hermosa,535,591,603,52,881
20557,Unión Hidalgo,15034,16924,18963,3916,21680
20558,Valerio Trujano,2186,2550,2811,327,2867
20559,San Juan Bautista Valle Nacional,70072,79334,91263,5079,105189
20560,Villa Díaz Ordaz,5704,5704,5655,2092,6791
20561,Yaxe,2621,2543,2532,1391,2960
20562,Magdalena Yodocono de Porfirio Díaz,858,884,918,167,935
20563,Yogana,2373,2438,2432,845,3237
20564,Yutanduchi de Guerrero,3075,3150,3077,694,3126
20565,Villa de Zaachila,11936,12241,12637,3406,15479
20566,San Mateo Yucutindoo,10022,9856,9977,2910,11109
20567,Zapotitlán Lagunas,10880,9758,8716,2619,7073
20568,Zapotitlán Palmas,1848,1832,1691,169,1971
20569,Santa Inés de Zaragoza,4019,4326,4190,761,4176
20570,Zimatlán de Álvarez,14584,14901,14759,6494,16780
20901,Silacayoapam,,,,,
20902,Huajuapam,,,,,
20903,Coixtlahuaca,,,,,
20904,Teotitlán,,,,,
20905,Cuicatlán,,,,,
20906,Tuxtepec,,,,,
20907,Choapam,,,,,
20908,Juxtlahuaca,,,,,
20909,Teposcolula,,,,,
20910,Nochixtlán,,,,,
20911,Etla,,,,,
20912,Benemerito Distrito de Ixtlán de Juárez,,,,,
20913,Villa Alta,,,,,
20914,Mixe,,,,,
20915,Putla,,,,,
20916,Tlaxiaco,,,,,
20917,Zaachila,,,,,
20918,Zimatlán,,,,,
20919,Centro,,,,,
20920,Tlacolula,,,,,
20921,Jamiltepec,,,,,
20922,Juquila,,,,,
20923,Sola de Vega,,,,,
20924,Ejutla,,,,,
20925,Ocotlán,,,,,
20926,Miahuatlán,,,,,
20927,Yautepec,,,,,
20928,Tehuantepec,,,,,
20929,Juchitán,,,,,
20930,Pochutla,,,,,
20995,Resto de los municipios,,,,,
20996,No especificado,,,,,
20997,Otros estados,,,,,
20999,No identificado,,,,,
