CVEGEO,Nombre,PM_1995,PM_1996,PM_1997,PM_1998,PM_1999,PM_2000,PM_2001,PM_2002,PM_2003,PM_2004,PM_2005,PM_2006,PM_2007,PM_2008,PM_2009,PM_2010,PM_2011,PM_2012,PM_2013,PM_2014,PM_2015,PM_2016,promedio
20001,Abejones,0,1361,78,0,0,0,0,0,0,0,0,0,0,0,0,0,0,0,0,0,0,0,65.4090909090909
20002,Acatlán de Pérez Figueroa,0,0,0,0,0,0,34,0,0,0,0,0,0,0,0,0,0,0,0,0,0,0,1.54545454545455
20003,Asunción Cacalotepec,0,0,0,0,0,0,0,0,0,0,0,0,0,0,0,0,0,0,0,0,0,0,0
20004,Asunción Cuyotepeji,0,0,0,0,0,0,0,0,0,0,0,0,0,0,0,0,0,0,0,0,0,0,0
20005,Asunción Ixtaltepec,0,0,0,0,0,0,0,0,0,0,0,0,0,0,0,0,0,0,0,0,0,0,0
20006,Asunción Nochixtlán,0,0,0,0,0,0,0,0,0,0,0,0,0,0,0,0,0,0,0,0,0,0,0
20007,Asunción Ocotlán,0,0,0,0,0,0,0,0,0,0,0,0,0,0,0,0,0,0,0,0,0,0,0
20008,Asunción Tlacolulita,0,0,0,0,0,0,0,0,0,0,0,0,0,0,0,0,0,0,0,0,0,0,0
20009,Ayotzintepec,0,0,0,0,0,0,0,0,0,0,0,0,0,0,0,0,0,0,0,0,0,0,0
20010,El Barrio de la Soledad,0,0,0,0,0,0,0,0,0,0,0,0,0,0,0,0,0,0,0,0,0,0,0
20011,Calihualá,0,0,0,0,0,0,0,0,0,0,0,0,0,0,0,0,0,0,0,0,0,0,0
20012,Candelaria Loxicha,386,1140,35,2820,909,0,0,0,295,199,0,0,0,419,0,0,0,0,0,0,618,0,310.045454545455
20013,Ciénega de Zimatlán,0,0,0,0,0,0,0,0,0,0,0,0,0,0,0,0,0,0,0,0,0,0,0
20014,Ciudad Ixtepec,0,0,0,0,0,0,0,0,0,0,0,0,0,0,0,0,0,0,0,0,0,0,0
20015,Coatecas Altas,0,0,0,0,0,0,0,0,0,0,0,0,0,0,0,0,0,0,0,0,0,0,0
20016,Coicoyán de las Flores,0,0,0,0,0,0,0,0,0,0,0,0,0,0,0,0,0,0,0,0,0,0,0
20017,La Compañía,0,0,0,0,0,0,0,0,0,0,0,0,0,0,0,0,0,0,0,0,0,0,0
20018,Concepción Buenavista,0,0,0,0,0,0,0,0,0,0,0,0,0,0,0,0,0,0,0,0,0,0,0
20019,Concepción Pápalo,0,368,1232,4995,33717,22829,44624,30434,5249,3177,0,0,0,61,865,0,1071,1718,5000,3586,7869,1495,7649.54545454546
20020,Constancia del Rosario,0,0,0,0,0,0,0,0,0,0,0,0,0,0,0,0,0,0,0,0,0,0,0
20021,Cosolapa,0,0,0,0,0,0,0,0,0,0,0,0,0,0,0,0,0,0,0,0,0,0,0
20022,Cosoltepec,0,0,0,0,0,0,0,0,0,0,0,0,0,0,0,0,0,0,0,0,0,0,0
20023,Cuilápam de Guerrero,0,0,0,0,0,0,0,0,0,0,0,0,0,0,0,0,0,0,0,0,0,0,0
20024,Cuyamecalco Villa de Zaragoza,0,0,0,0,0,0,0,0,0,0,0,0,0,0,0,0,0,0,0,0,282,0,12.8181818181818
20025,Chahuites,0,0,0,0,0,0,0,0,0,0,0,0,0,0,0,0,0,0,0,0,0,0,0
20026,Chalcatongo de Hidalgo,0,0,0,0,0,0,0,0,0,0,0,0,0,0,0,0,0,0,0,0,0,0,0
20027,Chiquihuitlán de Benito Juárez,0,0,0,0,0,0,0,0,0,0,0,0,0,0,0,0,0,0,0,0,0,0,0
20028,Heroica Ciudad de Ejutla de Crespo,0,0,0,0,0,0,0,0,0,0,0,0,0,0,0,0,0,0,0,0,0,0,0
20029,Eloxochitlán de Flores Magón,0,0,0,0,0,0,0,0,0,0,0,0,0,0,0,0,0,0,0,0,0,0,0
20030,El Espinal,0,0,0,0,0,0,0,0,0,0,0,0,0,0,0,0,0,0,0,0,0,0,0
20031,Tamazulápam del Espíritu Santo,0,0,0,0,0,0,0,0,0,0,0,0,0,0,0,0,0,0,0,0,0,0,0
20032,Fresnillo de Trujano,0,0,0,0,0,0,0,0,0,0,0,0,0,0,0,0,0,0,0,0,0,0,0
20033,Guadalupe Etla,0,0,0,0,0,0,0,0,0,0,0,0,0,0,0,0,0,0,0,0,0,0,0
20034,Guadalupe de Ramírez,0,0,0,0,0,0,0,0,0,0,0,0,0,0,0,0,0,0,0,0,0,0,0
20035,Guelatao de Juárez,0,0,0,0,0,0,0,0,0,0,0,0,0,0,0,0,0,0,0,0,0,0,0
20036,Guevea de Humboldt,0,0,0,0,0,18,0,0,0,8,0,0,0,0,0,0,0,0,0,0,0,0,1.18181818181818
20037,Mesones Hidalgo,0,0,0,0,0,0,0,0,0,0,0,0,0,0,0,0,0,0,0,0,0,0,0
20038,Villa Hidalgo,0,0,0,0,0,0,0,0,0,0,0,0,0,0,0,0,0,0,0,0,0,0,0
20039,Heroica Ciudad de Huajuapan de León,0,0,0,0,0,0,0,0,0,0,0,0,0,0,0,0,0,0,0,0,0,0,0
20040,Huautepec,0,0,0,0,0,0,0,0,0,0,0,0,0,0,0,0,0,0,0,0,0,0,0
20041,Huautla de Jiménez,0,0,0,0,0,0,0,0,0,0,0,0,0,0,0,0,0,0,0,0,0,0,0
20042,Ixtlán de Juárez,26564,29565,19443,13692,23838,23674,18618,12341,17644,29437,1355,10319,18780,24848,30036,29195,18283,25624,12600,16449,40305,50251,22402.7727272727
20043,Heroica Ciudad de Juchitán de Zaragoza,0,0,0,0,0,0,0,0,0,0,0,0,0,0,0,14313,0,0,0,0,0,0,650.590909090909
20044,Loma Bonita,0,0,0,0,0,0,0,32,0,0,229,0,0,0,0,0,0,0,0,0,0,0,11.8636363636364
20045,Magdalena Apasco,0,0,0,0,0,0,0,0,0,0,0,0,0,0,0,0,0,0,0,0,0,0,0
20046,Magdalena Jaltepec,0,0,0,0,0,0,0,0,0,0,0,0,0,0,0,0,0,0,0,0,0,0,0
20047,Santa Magdalena Jicotlán,0,0,0,0,0,0,0,0,0,0,0,0,0,0,0,0,0,0,0,0,0,0,0
20048,Magdalena Mixtepec,841,0,0,106,516,2086,1518,0,0,0,0,0,0,0,0,0,0,0,0,0,0,700,262.136363636364
20049,Magdalena Ocotlán,0,0,0,0,0,0,0,0,0,0,0,0,0,0,0,0,0,0,0,0,0,0,0
20050,Magdalena Peñasco,0,0,0,0,0,0,0,0,0,0,0,0,0,0,0,0,0,0,0,0,0,0,0
20051,Magdalena Teitipac,0,0,0,0,0,0,0,0,0,0,0,0,0,0,0,0,0,0,0,0,0,0,0
20052,Magdalena Tequisistlán,0,0,0,0,0,0,0,0,0,0,0,0,115,0,0,0,0,0,0,0,0,0,5.22727272727273
20053,Magdalena Tlacotepec,0,0,0,0,0,0,0,0,0,0,0,0,0,0,0,0,0,0,0,0,0,0,0
20054,Magdalena Zahuatlán,0,0,0,0,0,0,0,0,0,0,0,0,0,0,0,0,0,0,0,0,0,0,0
20055,Mariscala de Juárez,0,0,0,0,0,0,0,0,0,0,0,0,0,0,0,0,0,0,0,0,0,0,0
20056,Mártires de Tacubaya,0,0,0,0,0,0,0,0,0,0,0,0,0,0,0,0,0,0,0,0,0,0,0
20057,Matías Romero Avendaño,11295,7179,6929,6001,716,63,27,242,0,0,0,0,0,69,0,0,0,0,808,0,0,0,1514.95454545455
20058,Mazatlán Villa de Flores,0,0,0,0,0,0,0,0,0,0,0,0,0,0,0,0,0,0,0,0,0,0,0
20059,Miahuatlán de Porfirio Díaz,0,0,0,0,0,0,0,0,0,0,0,0,0,0,0,0,0,0,0,0,0,0,0
20060,Mixistlán de la Reforma,0,0,0,0,0,0,0,0,3560,0,0,0,0,0,0,0,0,0,0,0,0,0,161.818181818182
20061,Monjas,0,0,0,0,0,0,0,0,0,0,0,0,0,0,0,0,0,0,0,0,0,0,0
20062,Natividad,0,0,0,0,0,0,0,0,0,0,0,0,0,0,0,0,0,0,0,0,0,0,0
20063,Nazareno Etla,0,0,0,0,0,0,0,0,0,0,0,0,0,0,0,0,0,0,0,0,0,0,0
20064,Nejapa de Madero,5908,1517,372,1758,5456,10505,7233,4994,11961,16856,14761,0,1479,642,0,0,0,0,0,0,0,0,3792.81818181818
20065,Ixpantepec Nieves,0,0,0,0,0,0,0,0,0,0,0,0,0,0,0,0,0,0,0,0,0,0,0
20066,Santiago Niltepec,0,0,0,0,0,0,0,0,0,0,0,0,0,0,0,0,0,0,0,0,0,0,0
20067,Oaxaca de Juárez,0,0,0,0,0,0,0,0,0,0,0,0,0,0,0,0,0,0,0,187,0,0,8.5
20068,Ocotlán de Morelos,0,0,0,0,0,0,0,0,0,0,0,0,0,0,0,0,0,0,0,0,0,0,0
20069,La Pe,0,0,0,0,0,0,0,0,0,0,0,0,0,0,0,0,0,0,0,0,0,0,0
20070,Pinotepa de Don Luis,0,0,0,0,0,0,0,0,0,0,0,0,0,0,0,0,0,0,0,0,0,0,0
20071,Pluma Hidalgo,0,119,155,731,0,233,189,0,0,0,0,0,608,676,0,0,0,0,0,0,0,0,123.227272727273
20072,San José del Progreso,0,0,0,0,0,0,0,0,0,0,0,0,0,0,0,0,0,0,0,0,0,0,0
20073,Putla Villa de Guerrero,0,931,1732,644,0,0,2363,0,0,0,0,695,0,0,4460,4859,514,0,0,0,0,0,736.272727272727
20074,Santa Catarina Quioquitani,0,0,0,0,0,0,0,0,0,0,0,0,0,0,0,0,0,0,0,0,0,0,0
20075,Reforma de Pineda,0,0,0,0,0,0,0,0,0,0,0,0,0,0,0,0,0,0,0,0,0,0,0
20076,La Reforma,0,4256,5523,3696,4264,1314,2181,2349,0,856,0,0,917,0,0,0,0,0,756,1147,2151,1166,1389.81818181818
20077,Reyes Etla,0,0,0,0,0,2064,0,0,0,0,0,0,0,0,0,0,0,0,0,0,0,0,93.8181818181818
20078,Rojas de Cuauhtémoc,0,0,0,0,0,0,0,0,0,0,0,0,0,0,0,0,0,0,0,0,0,0,0
20079,Salina Cruz,0,0,0,0,0,0,0,0,0,0,0,0,0,0,0,0,0,0,0,0,0,0,0
20080,San Agustín Amatengo,0,0,0,0,0,0,0,0,0,0,0,0,0,0,0,0,0,0,0,0,0,0,0
20081,San Agustín Atenango,0,0,0,0,0,0,0,0,0,0,0,0,0,0,0,0,0,0,0,0,0,0,0
20082,San Agustín Chayuco,7918,2081,1465,1704,911,1011,0,717,0,1226,0,0,0,0,0,0,0,0,0,0,0,0,774.227272727273
20083,San Agustín de las Juntas,0,0,0,0,0,0,0,0,0,0,0,0,0,0,0,0,0,0,0,0,0,0,0
20084,San Agustín Etla,0,0,0,0,0,0,0,0,1856,3528,932,1840,782,0,0,0,0,0,0,0,0,0,406.272727272727
20085,San Agustín Loxicha,12701,4445,6285,25549,2242,2751,1839,1753,703,0,390,0,2828,1278,5130,3801,2941,7711,5743,740,1120,2474,4201.09090909091
20086,San Agustín Tlacotepec,0,0,0,0,0,0,0,0,0,0,0,0,0,0,0,0,0,0,0,0,0,0,0
20087,San Agustín Yatareni,0,0,0,0,0,0,0,0,0,0,0,0,0,0,0,0,0,0,0,0,0,0,0
20088,San Andrés Cabecera Nueva,17462,11202,13214,6431,7890,12242,8527,5179,6685,5318,8571,10566,6827,6906,5843,2490,4124,1206,0,0,4051,0,6578.81818181818
20089,San Andrés Dinicuiti,0,0,0,0,0,0,0,0,0,0,0,0,0,0,0,0,0,0,0,0,0,0,0
20090,San Andrés Huaxpaltepec,0,0,0,0,0,0,0,0,0,0,0,0,0,0,0,0,0,0,0,0,0,0,0
20091,San Andrés Huayápam,0,0,0,0,0,0,0,0,0,546,0,0,210,0,0,0,294,1757,1790,0,0,0,208.954545454545
20092,San Andrés Ixtlahuaca,0,0,0,0,0,0,0,0,0,0,0,0,0,0,0,0,0,0,0,0,0,0,0
20093,San Andrés Lagunas,0,0,0,0,0,0,0,0,0,0,0,0,0,0,0,0,0,0,0,0,0,0,0
20094,San Andrés Nuxiño,0,0,0,0,0,0,0,0,0,0,0,1937,582,1531,347,0,1936,2143,898,1190,0,0,480.181818181818
20095,San Andrés Paxtlán,0,0,0,0,1155,0,0,0,0,0,0,0,0,0,0,0,178,220,309,0,151,0,91.5
20096,San Andrés Sinaxtla,0,0,0,0,0,0,0,0,0,0,0,0,0,0,0,0,0,0,0,0,0,0,0
20097,San Andrés Solaga,0,0,0,0,0,0,0,0,0,0,0,0,0,0,0,0,0,0,0,0,0,0,0
20098,San Andrés Teotilálpam,0,0,0,0,0,0,0,2282,951,520,0,0,803,0,0,0,0,0,0,0,0,0,207.090909090909
20099,San Andrés Tepetlapa,0,0,0,0,0,0,0,0,0,0,0,0,0,0,0,0,0,0,0,0,0,0,0
20100,San Andrés Yaá,0,0,0,0,0,0,0,0,0,0,0,0,0,0,0,0,0,0,0,0,0,0,0
20101,San Andrés Zabache,0,0,0,0,0,0,0,0,0,0,0,0,0,0,0,0,0,0,0,0,0,0,0
20102,San Andrés Zautla,0,0,0,0,0,0,0,0,0,0,0,0,0,0,127,1753,216,2230,0,945,3535,0,400.272727272727
20103,San Antonino Castillo Velasco,0,0,0,0,0,0,0,0,0,0,0,0,0,0,0,0,0,0,0,0,0,0,0
20104,San Antonino el Alto,3513,4595,2341,3477,4672,4110,5223,4041,3097,4680,9160,7505,7462,7915,7154,3303,12962,30954,12685,15531,16739,6718,8083.5
20105,San Antonino Monte Verde,0,0,0,0,0,0,0,0,0,0,0,0,0,0,0,0,0,0,0,0,0,0,0
20106,San Antonio Acutla,0,0,0,0,0,0,0,0,0,0,0,0,0,0,0,0,0,0,0,0,0,0,0
20107,San Antonio de la Cal,0,0,0,0,0,0,0,0,0,0,0,0,0,0,0,0,0,0,0,0,0,0,0
20108,San Antonio Huitepec,0,0,0,293,645,0,4909,7446,1489,4943,1714,1020,742,0,0,2190,0,3016,2328,1780,3396,2434,1742.95454545455
20109,San Antonio Nanahuatípam,0,0,0,0,0,0,0,0,0,0,0,0,0,0,0,0,0,0,0,0,0,0,0
20110,San Antonio Sinicahua,0,0,0,0,0,0,0,0,0,0,0,0,0,0,0,0,0,0,0,0,0,0,0
20111,San Antonio Tepetlapa,0,0,0,0,0,0,0,0,0,0,0,0,0,0,0,0,0,0,0,0,0,0,0
20112,San Baltazar Chichicápam,0,0,0,0,0,0,0,0,0,0,0,0,0,0,0,0,0,0,0,0,0,0,0
20113,San Baltazar Loxicha,0,1341,2041,8051,224,0,0,0,0,0,0,0,0,0,0,0,0,0,0,0,0,0,529.863636363636
20114,San Baltazar Yatzachi el Bajo,0,0,0,0,0,0,0,0,0,0,0,0,0,0,0,0,0,0,0,0,0,0,0
20115,San Bartolo Coyotepec,0,0,0,0,0,0,0,0,0,0,0,0,0,0,0,0,0,0,0,0,0,0,0
20116,San Bartolomé Ayautla,0,0,0,0,0,0,0,0,0,0,0,0,0,0,0,0,0,0,0,0,0,0,0
20117,San Bartolomé Loxicha,3584,0,6636,34400,5399,1545,0,0,0,0,0,0,0,0,0,0,0,0,0,0,0,0,2343.81818181818
20118,San Bartolomé Quialana,0,0,0,0,0,0,0,0,0,0,0,0,0,0,0,0,0,0,0,0,0,0,0
20119,San Bartolomé Yucuañe,0,0,0,0,0,0,0,0,0,0,0,0,0,0,0,0,0,0,0,0,0,0,0
20120,San Bartolomé Zoogocho,0,0,0,0,0,0,0,0,0,0,0,0,0,0,0,0,0,0,0,0,0,0,0
20121,San Bartolo Soyaltepec,0,0,0,0,0,0,0,0,0,0,0,0,0,0,0,0,0,0,0,0,0,0,0
20122,San Bartolo Yautepec,0,0,0,0,0,0,0,0,0,0,0,0,0,0,0,0,0,0,0,0,0,0,0
20123,San Bernardo Mixtepec,2034,1024,544,684,486,1178,750,1135,951,826,0,0,566,0,252,0,0,786,1074,901,3481,3660,924.181818181818
20124,San Blas Atempa,0,0,0,0,0,0,0,0,0,59,0,247,0,233,0,0,0,0,0,0,0,0,24.5
20125,San Carlos Yautepec,0,0,1638,0,874,5450,9475,9352,9541,12914,6314,9813,5645,4113,6993,1928,2803,3944,5604,8672,4996,525,5027
20126,San Cristóbal Amatlán,0,0,0,0,3107,3598,2569,0,0,0,0,0,0,0,0,0,0,1006,907,0,0,780,543.954545454546
20127,San Cristóbal Amoltepec,0,0,0,0,0,0,0,0,0,0,0,0,0,0,0,0,0,0,0,0,0,0,0
20128,San Cristóbal Lachirioag,0,0,0,0,0,0,0,0,0,0,0,0,0,0,0,0,0,0,0,0,0,0,0
20129,San Cristóbal Suchixtlahuaca,0,0,0,0,0,0,0,0,0,0,0,0,0,0,0,0,0,0,0,0,0,0,0
20130,San Dionisio del Mar,0,0,0,0,0,0,0,0,0,0,0,0,0,0,0,0,0,0,0,0,0,0,0
20131,San Dionisio Ocotepec,0,0,0,0,0,0,0,0,0,0,0,0,0,0,0,0,0,0,0,0,0,0,0
20132,San Dionisio Ocotlán,0,0,0,0,0,0,0,0,0,0,0,0,0,0,0,0,0,0,0,0,0,0,0
20133,San Esteban Atatlahuca,6746,5627,9423,15272,6055,0,14308,4276,9809,39598,17255,1565,3938,5739,4671,1974,0,10079,12336,24746,7360,11540,9650.77272727273
20134,San Felipe Jalapa de Díaz,0,0,0,0,0,0,0,0,0,0,0,0,0,0,0,0,0,0,0,0,0,0,0
20135,San Felipe Tejalápam,0,0,0,0,0,0,0,0,0,0,0,0,0,0,0,0,0,0,0,0,0,0,0
20136,San Felipe Usila,0,0,0,0,0,0,358,359,0,0,0,0,0,0,0,0,0,0,0,0,0,0,32.5909090909091
20137,San Francisco Cahuacuá,3742,3667,5033,2692,0,3083,5191,3692,8069,8229,6435,9594,5608,0,3850,3982,4198,4096,4118,0,9205,7636,4641.81818181818
20138,San Francisco Cajonos,1819,0,2444,2754,150,0,0,52,0,272,0,0,2332,0,4312,0,6805,0,0,2218,0,3246,1200.18181818182
20139,San Francisco Chapulapa,0,0,0,0,0,0,0,0,0,0,0,0,0,0,0,0,0,0,0,0,0,0,0
20140,San Francisco Chindúa,0,0,0,0,0,0,0,0,0,0,0,0,0,0,0,0,0,0,0,0,0,0,0
20141,San Francisco del Mar,0,0,0,0,0,0,0,0,0,0,0,0,0,0,0,0,0,0,0,0,0,0,0
20142,San Francisco Huehuetlán,0,0,0,0,0,0,0,0,0,0,0,0,0,0,0,0,0,0,0,0,0,0,0
20143,San Francisco Ixhuatán,0,0,0,0,0,0,0,0,0,0,0,0,0,0,0,0,0,0,0,0,0,0,0
20144,San Francisco Jaltepetongo,0,0,0,0,0,0,0,0,0,0,0,0,0,0,0,0,0,0,0,0,0,0,0
20145,San Francisco Lachigoló,0,0,0,0,0,0,0,0,0,0,0,0,0,0,0,0,0,0,0,0,0,0,0
20146,San Francisco Logueche,0,0,0,0,0,0,0,0,0,0,0,0,0,0,0,0,0,0,0,0,0,0,0
20147,San Francisco Nuxaño,0,0,0,0,0,0,0,0,0,0,0,0,0,0,0,0,0,0,0,0,0,0,0
20148,San Francisco Ozolotepec,0,0,0,0,0,0,0,0,0,0,0,0,0,0,0,0,0,0,0,0,0,0,0
20149,San Francisco Sola,0,0,0,0,0,0,0,0,0,0,0,0,0,0,0,0,0,0,0,0,0,0,0
20150,San Francisco Telixtlahuaca,0,0,0,0,0,0,0,0,0,0,0,0,0,0,0,0,0,0,0,0,0,0,0
20151,San Francisco Teopan,0,0,0,0,0,0,0,0,0,0,0,0,0,0,0,0,0,0,0,0,0,0,0
20152,San Francisco Tlapancingo,0,0,0,0,0,0,0,0,0,0,0,0,0,0,0,0,0,0,0,0,0,0,0
20153,San Gabriel Mixtepec,7452,10255,12816,20041,3682,286,163,0,0,0,0,0,0,0,0,0,0,0,0,0,0,0,2486.13636363636
20154,San Ildefonso Amatlán,0,0,0,1014,3485,1125,690,1225,1225,119,492,275,0,0,419,0,0,0,0,1845,0,386,559.090909090909
20155,San Ildefonso Sola,0,0,0,0,0,0,0,0,0,0,0,0,0,0,0,0,0,0,0,0,0,0,0
20156,San Ildefonso Villa Alta,0,0,0,0,0,0,0,0,0,0,0,0,0,0,0,0,0,0,0,0,0,0,0
20157,San Jacinto Amilpas,0,0,0,0,0,0,0,0,0,0,0,0,0,0,0,0,0,0,0,0,0,0,0
20158,San Jacinto Tlacotepec,0,0,0,0,0,0,0,0,0,0,0,0,0,0,0,0,0,0,0,0,0,0,0
20159,San Jerónimo Coatlán,29390,26363,25630,117862,111600,74579,26959,21177,21181,16795,10443,8264,5358,15026,17771,17328,17674,18882,16962,17234,19985,15319,29626.4545454545
20160,San Jerónimo Silacayoapilla,0,0,0,0,0,0,0,0,0,0,0,0,0,0,0,0,0,0,0,0,0,0,0
20161,San Jerónimo Sosola,0,0,0,0,0,0,0,0,0,0,0,0,0,0,52,0,0,0,0,0,0,0,2.36363636363636
20162,San Jerónimo Taviche,0,0,0,0,0,0,0,0,0,0,0,0,0,0,0,0,0,0,0,0,0,0,0
20163,San Jerónimo Tecóatl,0,0,0,0,0,0,0,0,0,0,0,0,0,0,0,0,0,0,0,0,0,0,0
20164,San Jorge Nuchita,0,0,0,0,0,0,0,0,0,0,0,0,0,0,0,0,0,0,0,0,0,0,0
20165,San José Ayuquila,0,0,0,0,0,0,0,0,0,0,0,0,0,0,0,0,0,0,0,0,0,0,0
20166,San José Chiltepec,0,0,0,0,0,0,17,12,11,29,693,0,1130,0,0,0,0,0,0,0,0,0,86
20167,San José del Peñasco,0,0,0,0,0,0,0,0,0,0,0,0,0,0,0,0,0,0,0,0,0,0,0
20168,San José Estancia Grande,0,0,0,0,0,0,0,0,0,0,0,0,0,0,0,0,0,0,0,0,0,0,0
20169,San José Independencia,0,0,0,0,0,0,0,0,0,0,0,0,0,0,0,0,0,0,0,0,0,0,0
20170,San José Lachiguiri,0,0,0,0,0,0,0,0,0,0,0,0,0,0,0,0,0,0,0,0,0,0,0
20171,San José Tenango,233,62,0,0,0,0,0,0,0,0,0,0,0,0,0,0,0,0,0,0,0,0,13.4090909090909
20172,San Juan Achiutla,0,0,0,0,0,0,0,0,0,0,0,0,0,0,0,0,0,0,0,0,0,0,0
20173,San Juan Atepec,0,10583,3851,597,10203,3388,4389,1028,1714,8567,7758,5976,11258,5827,11863,7908,11265,4365,14999,9099,0,5387,6364.77272727273
20174,Ánimas Trujano,0,0,0,0,0,0,0,0,0,0,0,0,0,0,0,0,0,0,0,0,0,0,0
20175,San Juan Bautista Atatlahuca,5940,2308,2686,1112,1855,8070,10983,5982,1695,1072,2473,1368,0,1934,2594,0,0,0,0,0,0,0,2276
20176,San Juan Bautista Coixtlahuaca,0,0,0,0,0,0,0,0,0,0,0,0,0,0,0,0,0,0,0,0,0,0,0
20177,San Juan Bautista Cuicatlán,0,0,0,0,0,0,6,0,0,224,367,0,0,0,0,0,0,0,0,0,606,0,54.6818181818182
20178,San Juan Bautista Guelache,0,0,2958,35,0,0,4619,8665,1135,0,0,0,0,1470,0,0,0,0,0,1396,0,0,921.727272727273
20179,San Juan Bautista Jayacatlán,2572,3495,1927,4405,4521,5321,2042,4400,4663,5155,3705,446,0,2056,4348,2013,730,4496,4097,4142,4685,4232,3338.68181818182
20180,San Juan Bautista Lo de Soto,0,0,0,0,0,0,0,0,0,0,0,0,0,0,0,0,0,0,0,0,0,0,0
20181,San Juan Bautista Suchitepec,0,0,0,0,0,0,0,0,0,0,0,0,0,0,0,0,0,0,0,0,0,0,0
20182,San Juan Bautista Tlacoatzintepec,0,0,0,0,0,0,0,0,0,0,0,0,0,0,0,0,0,0,0,0,0,0,0
20183,San Juan Bautista Tlachichilco,0,0,0,0,0,0,0,0,0,0,0,0,0,0,0,0,0,0,0,0,0,0,0
20184,San Juan Bautista Tuxtepec,0,0,0,0,0,0,488,6904,205,2474,3019,2504,280,0,793,0,0,0,0,0,0,0,757.590909090909
20185,San Juan Cacahuatepec,0,579,0,0,0,0,0,0,0,0,0,0,0,0,0,0,0,0,0,0,0,0,26.3181818181818
20186,San Juan Cieneguilla,0,0,0,0,0,0,0,0,0,0,0,0,0,0,0,0,0,0,0,0,0,0,0
20187,San Juan Coatzóspam,0,0,0,0,0,0,0,0,0,0,0,0,0,0,0,0,0,0,0,0,0,0,0
20188,San Juan Colorado,3138,1988,3248,2063,0,0,2190,3725,378,2308,1102,1935,1436,1467,0,0,0,0,0,0,0,2736,1259.72727272727
20189,San Juan Comaltepec,0,0,0,0,0,0,0,0,0,0,0,306,1273,114,0,0,0,0,0,0,0,0,76.9545454545455
20190,San Juan Cotzocón,0,2218,0,4120,13165,10413,21423,12703,12458,16185,9266,6007,9077,11070,2251,0,1976,1968,4325,7712,2444,29460,8101.86363636364
20191,San Juan Chicomezúchil,0,0,0,0,0,0,0,0,0,0,0,0,0,0,0,0,0,0,0,0,0,0,0
20192,San Juan Chilateca,0,0,0,0,0,0,0,0,0,0,0,0,0,0,0,0,0,0,0,0,0,0,0
20193,San Juan del Estado,0,0,0,0,0,0,7590,4043,5117,3001,0,0,29290,50191,31652,5205,1182,8191,360,894,218,0,6678.81818181818
20194,San Juan del Río,0,0,0,0,0,0,0,0,0,335,0,0,0,0,0,0,0,0,0,0,0,0,15.2272727272727
20195,San Juan Diuxi,0,0,0,0,0,0,0,0,0,0,0,0,0,0,0,0,0,0,0,0,0,0,0
20196,San Juan Evangelista Analco,0,0,0,0,0,0,0,0,0,0,0,0,0,0,714,0,364,0,786,1123,1282,1263,251.454545454545
20197,San Juan Guelavía,0,0,0,0,0,0,0,0,0,0,0,0,0,0,0,0,0,0,0,0,0,0,0
20198,San Juan Guichicovi,0,0,0,0,875,861,133,0,0,310,0,0,0,0,0,0,0,0,0,0,0,0,99.0454545454545
20199,San Juan Ihualtepec,0,0,0,0,0,0,0,0,0,0,0,0,0,0,0,0,0,0,0,0,0,0,0
20200,San Juan Juquila Mixes,0,0,0,0,0,0,0,0,0,0,0,0,0,0,0,0,0,0,0,0,0,0,0
20201,San Juan Juquila Vijanos,0,0,0,275,503,762,153,698,0,1983,0,0,991,0,0,0,909,0,0,0,979,0,329.681818181818
20202,San Juan Lachao,0,525,1600,15992,16661,13004,3693,754,383,238,0,0,0,0,0,0,0,3736,4737,5802,3280,0,3200.22727272727
20203,San Juan Lachigalla,0,0,0,0,0,0,0,0,0,0,0,0,0,0,0,0,0,0,0,0,0,0,0
20204,San Juan Lajarcia,0,0,0,0,0,0,0,0,0,0,0,0,0,0,0,0,0,0,0,0,0,0,0
20205,San Juan Lalana,0,0,0,0,0,0,0,0,0,0,0,0,0,86,0,0,0,0,0,0,0,0,3.90909090909091
20206,San Juan de los Cués,0,0,0,0,0,0,0,0,0,0,0,0,0,0,0,0,0,0,0,0,0,0,0
20207,San Juan Mazatlán,0,0,58,0,0,464,520,0,700,123,21,1636,1847,1567,0,0,3049,3495,3923,1696,1649,732,976.363636363636
20208,San Juan Mixtepec,0,0,0,0,0,0,0,0,0,0,0,0,0,0,0,0,0,0,0,0,0,0,0
20209,San Juan Mixtepec,0,0,0,0,5047,4674,968,4463,1847,0,0,0,0,0,0,0,0,0,0,0,0,0,772.681818181818
20210,San Juan Ñumí,0,0,0,0,0,0,0,0,0,0,0,0,0,0,0,0,87,0,0,0,472,0,25.4090909090909
20211,San Juan Ozolotepec,4353,0,2527,5942,7174,11304,4365,0,0,0,0,0,0,0,275,1222,4914,5431,7194,0,6022,10509,3237.81818181818
20212,San Juan Petlapa,0,0,0,0,0,0,0,0,0,0,0,0,0,0,0,0,0,0,0,0,0,0,0
20213,San Juan Quiahije,11365,0,0,1000,8244,6288,0,5960,0,4324,2583,1080,2831,794,72,2797,0,0,0,0,0,0,2151.72727272727
20214,San Juan Quiotepec,3552,0,1013,278,0,4270,6040,0,123,1685,2811,2963,3525,850,1910,3378,2996,588,3730,2714,6370,6837,2528.77272727273
20215,San Juan Sayultepec,0,0,0,0,0,0,0,0,0,0,0,0,0,0,0,0,0,0,0,0,0,0,0
20216,San Juan Tabaá,0,0,0,0,0,0,0,0,0,0,0,0,0,0,0,0,0,0,41,0,0,0,1.86363636363636
20217,San Juan Tamazola,0,0,0,0,0,0,3672,911,735,0,0,0,12186,5170,0,0,0,0,342,762,1253,1794,1219.31818181818
20218,San Juan Teita,0,0,0,0,0,0,0,0,0,0,0,0,0,0,0,0,0,0,0,0,0,0,0
20219,San Juan Teitipac,0,0,0,0,0,0,0,0,0,0,0,0,0,0,0,0,0,0,0,0,0,0,0
20220,San Juan Tepeuxila,5848,2462,3864,2425,5887,1471,4940,1978,7363,10238,17902,22742,4887,3949,5555,1204,1804,6906,3340,3979,2879,6386,5818.59090909091
20221,San Juan Teposcolula,0,0,0,0,0,0,0,0,0,0,0,0,0,0,0,0,0,0,0,0,0,0,0
20222,San Juan Yaeé,0,0,0,0,0,0,0,0,13,0,0,0,0,0,0,0,0,0,0,0,0,0,0.590909090909091
20223,San Juan Yatzona,0,0,0,0,0,0,0,0,0,0,0,0,0,0,0,0,0,0,0,0,0,0,0
20224,San Juan Yucuita,0,0,0,0,0,0,0,0,0,0,0,0,0,0,0,0,0,0,0,0,0,0,0
20225,San Lorenzo,0,0,0,0,0,0,0,0,0,0,0,0,0,0,0,0,0,0,0,0,0,0,0
20226,San Lorenzo Albarradas,0,0,0,0,0,0,0,0,0,0,0,0,0,0,0,0,0,0,0,0,0,0,0
20227,San Lorenzo Cacaotepec,0,0,0,0,0,0,0,0,0,0,0,0,0,0,0,0,0,0,0,0,0,0,0
20228,San Lorenzo Cuaunecuiltitla,0,0,0,0,0,0,0,0,0,0,0,0,0,0,0,0,0,0,0,0,0,0,0
20229,San Lorenzo Texmelúcan,0,0,3953,2254,0,0,0,0,0,0,0,0,0,0,0,0,0,0,0,0,0,3527,442.454545454546
20230,San Lorenzo Victoria,0,0,0,0,0,0,0,0,0,0,0,0,0,0,0,0,0,0,0,0,0,0,0
20231,San Lucas Camotlán,0,0,0,0,0,0,0,0,0,0,0,0,0,0,0,0,0,0,0,0,0,0,0
20232,San Lucas Ojitlán,0,0,0,0,0,0,0,0,0,0,0,0,0,0,0,0,0,0,0,0,0,0,0
20233,San Lucas Quiaviní,0,0,0,0,0,0,0,0,0,0,0,0,0,0,0,0,0,0,0,0,0,0,0
20234,San Lucas Zoquiápam,0,0,0,0,0,0,0,0,0,0,0,0,0,0,0,0,0,0,0,0,0,0,0
20235,San Luis Amatlán,0,0,0,0,0,0,0,0,0,0,0,0,0,0,0,0,0,0,0,0,0,0,0
20236,San Marcial Ozolotepec,0,0,173,463,440,0,0,14,713,105,0,361,443,537,235,813,301,0,0,602,0,248,247.636363636364
20237,San Marcos Arteaga,0,0,0,0,0,0,0,0,0,0,0,0,0,0,0,0,0,0,0,0,0,0,0
20238,San Martín de los Cansecos,0,0,0,0,0,0,0,0,0,0,0,0,0,0,0,0,0,0,0,0,0,0,0
20239,San Martín Huamelúlpam,0,0,0,0,0,0,0,0,0,0,0,0,0,0,0,0,0,0,0,709,0,0,32.2272727272727
20240,San Martín Itunyoso,0,0,0,0,0,0,0,0,0,0,0,0,0,0,0,0,0,0,0,0,0,0,0
20241,San Martín Lachilá,0,0,0,0,0,0,0,0,0,0,0,0,0,0,0,0,0,0,0,0,0,0,0
20242,San Martín Peras,0,0,0,0,0,0,0,0,0,0,0,0,0,0,0,0,0,0,0,0,0,0,0
20243,San Martín Tilcajete,0,0,0,0,0,0,0,0,0,0,0,0,0,0,0,0,0,0,0,0,0,0,0
20244,San Martín Toxpalan,0,0,0,0,0,0,0,0,0,0,0,0,0,0,0,0,0,0,0,0,0,0,0
20245,San Martín Zacatepec,0,0,0,0,0,0,0,0,0,0,0,0,0,0,0,0,0,0,0,0,0,0,0
20246,San Mateo Cajonos,0,0,0,0,0,0,0,0,0,0,0,0,0,0,0,0,0,0,0,0,0,0,0
20247,Capulálpam de Méndez,3958,1293,1095,1349,1522,1424,1433,1027,1673,1312,642,992,1085,1353,4664,6888,0,3154,2874,446,817,0,1772.77272727273
20248,San Mateo del Mar,0,0,0,0,0,0,0,0,0,0,0,0,0,0,0,0,0,0,0,0,0,0,0
20249,San Mateo Yoloxochitlán,0,0,0,0,0,0,0,0,0,0,0,0,0,0,0,0,0,0,0,0,0,0,0
20250,San Mateo Etlatongo,0,0,0,0,0,0,0,0,0,0,0,0,0,0,0,0,0,0,0,0,0,0,0
20251,San Mateo Nejápam,0,0,0,0,0,0,0,0,0,0,0,0,0,0,0,0,0,0,0,0,0,0,0
20252,San Mateo Peñasco,0,0,0,0,0,0,0,0,0,0,0,0,0,0,0,0,0,0,0,0,0,0,0
20253,San Mateo Piñas,0,0,0,291,0,0,529,1569,0,0,0,0,0,241,0,0,0,0,0,0,0,0,119.545454545455
20254,San Mateo Río Hondo,20711,25937,20460,21081,20193,13240,8081,7115,11383,13513,8434,17639,10623,17499,12476,6158,10649,6363,8113,5964,8662,10420,12941.5454545455
20255,San Mateo Sindihui,0,0,0,0,0,0,0,0,0,0,0,0,0,0,0,0,0,0,0,0,0,0,0
20256,San Mateo Tlapiltepec,0,0,0,0,0,0,0,0,0,0,0,0,0,0,0,0,0,0,0,0,0,0,0
20257,San Melchor Betaza,0,0,0,0,0,0,0,0,0,0,0,0,0,0,0,0,0,0,0,0,0,0,0
20258,San Miguel Achiutla,0,0,0,0,0,0,0,0,0,0,0,0,0,0,0,0,0,0,0,0,0,0,0
20259,San Miguel Ahuehuetitlán,0,0,0,0,0,0,0,0,0,0,0,0,0,0,0,0,0,0,0,0,0,0,0
20260,San Miguel Aloápam,9019,12228,17296,11216,22035,23430,15559,18005,21347,17740,20049,16145,18539,9939,15298,16308,0,18372,15435,12399,14968,19206,15660.5909090909
20261,San Miguel Amatitlán,0,0,0,0,0,0,0,0,0,0,0,0,0,0,0,0,0,0,0,0,0,0,0
20262,San Miguel Amatlán,0,0,4734,6917,4890,2227,3757,2479,944,398,0,0,16198,8227,9802,0,3255,0,4206,4718,3981,2117,3584.09090909091
20263,San Miguel Coatlán,0,0,0,0,0,0,0,0,1630,585,0,0,0,0,2109,0,0,2806,1278,1502,3359,1267,660.727272727273
20264,San Miguel Chicahua,0,0,0,0,0,0,0,0,0,0,0,0,0,0,0,0,0,0,0,0,0,0,0
20265,San Miguel Chimalapa,755,0,0,0,0,0,0,0,0,0,0,0,0,0,0,0,0,0,0,0,0,0,34.3181818181818
20266,San Miguel del Puerto,0,0,486,0,0,0,0,0,0,12,0,0,0,0,0,0,0,0,0,0,0,0,22.6363636363636
20267,San Miguel del Río,0,0,0,0,0,0,0,0,0,0,0,0,0,0,0,0,0,0,0,0,0,0,0
20268,San Miguel Ejutla,0,0,0,0,0,0,0,0,0,0,0,0,0,0,0,0,0,0,0,0,0,0,0
20269,San Miguel el Grande,2161,0,150,595,0,0,0,0,0,0,0,16518,16530,0,0,0,0,710,1065,0,1652,0,1790.04545454545
20270,San Miguel Huautla,0,0,0,0,0,0,0,0,0,0,0,0,0,0,0,0,0,0,0,0,0,0,0
20271,San Miguel Mixtepec,619,1846,0,1271,2771,430,620,202,2163,1161,1731,2295,2416,1831,1334,3469,2976,2849,3293,3553,4298,6193,2150.95454545455
20272,San Miguel Panixtlahuaca,0,0,0,0,0,0,0,0,0,0,0,0,0,0,0,0,0,0,0,0,0,0,0
20273,San Miguel Peras,5957,0,625,0,0,0,3631,8314,10641,496,1042,1807,0,0,0,0,0,0,0,0,2110,1610,1646.95454545455
20274,San Miguel Piedras,0,0,0,0,0,0,0,0,0,0,0,0,0,0,0,0,0,0,0,0,0,0,0
20275,San Miguel Quetzaltepec,0,0,0,0,0,0,0,0,0,0,0,0,0,0,0,0,0,0,0,0,0,0,0
20276,San Miguel Santa Flor,0,0,0,0,0,0,0,0,0,0,0,0,0,0,0,0,0,0,0,0,0,0,0
20277,Villa Sola de Vega,8439,1779,10313,5318,4940,7661,11254,10542,11465,5817,7649,5956,6350,8526,8009,0,7310,10186,7711,10199,7657,10421,7613.72727272727
20278,San Miguel Soyaltepec,0,0,0,0,0,0,0,0,0,163,171,504,0,0,0,0,0,0,0,0,0,0,38.0909090909091
20279,San Miguel Suchixtepec,10036,15580,8338,8069,10439,7161,3652,5260,4933,5500,3315,3871,3953,4837,6421,2247,4617,7360,3897,3243,2843,7190,6034.63636363636
20280,Villa Talea de Castro,0,0,0,0,0,0,290,0,273,0,0,328,0,0,0,0,0,0,0,0,0,0,40.5
20281,San Miguel Tecomatlán,0,0,0,0,0,0,0,0,0,0,0,0,0,0,0,0,0,0,0,0,0,0,0
20282,San Miguel Tenango,0,0,0,0,0,0,0,0,0,0,0,0,0,0,0,0,0,0,0,0,0,0,0
20283,San Miguel Tequixtepec,0,0,0,0,0,0,0,0,0,0,0,0,0,0,0,0,0,0,0,0,0,0,0
20284,San Miguel Tilquiápam,0,0,0,0,0,0,0,0,0,0,0,0,0,0,0,0,0,0,0,0,0,0,0
20285,San Miguel Tlacamama,0,0,0,0,0,0,0,0,0,0,0,0,0,0,0,0,0,0,0,0,0,0,0
20286,San Miguel Tlacotepec,0,0,0,0,0,0,0,0,0,0,0,0,0,0,0,0,0,0,0,0,0,0,0
20287,San Miguel Tulancingo,0,0,0,0,0,0,0,0,0,0,0,0,0,0,0,0,0,0,0,0,0,0,0
20288,San Miguel Yotao,0,0,0,0,0,0,0,0,0,0,0,0,0,0,0,0,0,0,0,0,0,0,0
20289,San Nicolás,0,0,0,0,0,0,0,0,0,0,0,0,0,0,0,0,0,0,0,0,0,0,0
20290,San Nicolás Hidalgo,0,0,0,0,0,0,0,0,0,0,0,0,0,0,0,0,0,0,0,0,0,0,0
20291,San Pablo Coatlán,2621,5943,917,0,0,0,0,11392,6054,0,0,0,0,0,1782,0,0,0,0,0,0,6873,1617.36363636364
20292,San Pablo Cuatro Venados,0,0,0,1442,999,113,453,398,1105,857,3832,2196,824,1497,0,0,0,0,0,0,0,0,623.454545454546
20293,San Pablo Etla,0,0,1460,5439,0,0,0,0,0,808,671,0,394,0,277,0,525,0,0,461,328,645,500.363636363636
20294,San Pablo Huitzo,0,0,0,0,0,0,0,0,0,0,0,0,0,0,0,0,0,0,0,0,0,0,0
20295,San Pablo Huixtepec,0,0,0,0,0,0,0,0,0,0,0,0,0,0,0,0,0,0,0,0,0,0,0
20296,San Pablo Macuiltianguis,8127,10495,14978,12971,16170,21646,13840,15808,12464,4775,10065,10477,5076,10782,17568,5555,13386,27015,11144,14506,32268,37653,14853.1363636364
20297,San Pablo Tijaltepec,0,0,0,0,0,0,0,0,0,0,0,0,0,0,0,0,0,0,0,0,0,0,0
20298,San Pablo Villa de Mitla,0,0,0,0,4198,352,999,7275,725,1003,0,398,0,0,0,0,2996,3087,1495,6,164,0,1031.72727272727
20299,San Pablo Yaganiza,0,0,0,0,0,0,0,0,0,0,0,0,0,0,0,0,0,0,0,0,0,0,0
20300,San Pedro Amuzgos,0,0,0,0,0,0,0,0,0,0,0,0,0,0,0,0,0,0,0,0,0,0,0
20301,San Pedro Apóstol,0,0,0,0,0,0,0,0,0,0,0,0,0,0,0,0,0,0,0,0,0,0,0
20302,San Pedro Atoyac,0,0,0,0,0,0,0,0,0,0,0,0,0,0,0,0,0,0,0,0,0,0,0
20303,San Pedro Cajonos,0,0,0,0,0,0,0,0,0,0,128,0,0,0,0,0,0,0,977,0,0,2964,184.954545454545
20304,San Pedro Coxcaltepec Cántaros,0,0,0,0,0,0,0,0,0,0,0,0,0,0,0,0,0,0,0,0,0,0,0
20305,San Pedro Comitancillo,0,0,0,0,0,0,0,0,0,0,0,0,0,0,0,0,0,0,0,0,0,0,0
20306,San Pedro el Alto,488,52,243,4984,2637,789,770,766,0,303,1280,834,449,0,0,0,750,793,568,0,0,336,729.181818181818
20307,San Pedro Huamelula,0,0,0,0,0,0,0,0,0,0,0,0,0,0,0,0,0,0,0,0,0,0,0
20308,San Pedro Huilotepec,0,0,0,0,0,0,0,0,0,0,0,0,0,0,0,0,0,0,0,0,0,0,0
20309,San Pedro Ixcatlán,0,0,0,0,0,0,0,0,0,0,17,62,0,0,0,0,0,0,0,0,0,0,3.59090909090909
20310,San Pedro Ixtlahuaca,0,0,0,0,0,0,0,0,0,0,0,0,0,0,0,0,0,0,0,0,0,0,0
20311,San Pedro Jaltepetongo,0,0,0,0,0,0,0,0,0,0,0,0,0,0,0,0,0,0,0,0,0,0,0
20312,San Pedro Jicayán,0,0,0,0,0,0,0,0,0,0,0,0,0,0,0,0,0,0,0,0,0,0,0
20313,San Pedro Jocotipac,0,0,0,0,0,0,0,0,0,0,0,0,0,0,0,0,0,0,0,0,0,0,0
20314,San Pedro Juchatengo,0,0,0,0,0,0,0,0,0,0,0,0,0,0,0,0,0,0,0,0,0,0,0
20315,San Pedro Mártir,0,0,0,0,0,0,0,0,0,0,0,0,0,0,0,0,0,0,0,0,0,0,0
20316,San Pedro Mártir Quiechapa,0,0,0,0,0,0,0,0,0,0,0,0,0,0,0,0,0,0,0,0,0,0,0
20317,San Pedro Mártir Yucuxaco,0,0,0,0,0,0,0,0,0,0,0,0,0,0,0,0,0,0,0,0,0,0,0
20318,San Pedro Mixtepec,0,0,0,0,0,0,0,0,0,0,0,0,0,0,0,0,0,0,0,0,0,0,0
20319,San Pedro Mixtepec,0,0,0,0,0,0,0,0,0,0,0,0,0,0,0,0,0,0,0,0,0,0,0
20320,San Pedro Molinos,0,0,0,0,0,0,0,0,0,0,0,0,0,0,0,0,0,0,0,0,0,0,0
20321,San Pedro Nopala,0,0,0,0,0,0,0,0,0,0,0,0,0,0,0,0,0,0,0,0,0,0,0
20322,San Pedro Ocopetatillo,0,0,0,0,0,0,0,0,0,0,0,0,0,0,0,0,0,0,0,0,0,0,0
20323,San Pedro Ocotepec,0,0,0,0,0,0,0,0,0,0,0,0,0,0,0,0,0,0,0,0,0,0,0
20324,San Pedro Pochutla,0,0,0,990,138,0,0,0,0,0,0,0,0,0,0,0,0,0,190,526,0,0,83.8181818181818
20325,San Pedro Quiatoni,0,0,0,0,0,0,0,0,0,0,0,0,0,0,0,0,0,0,0,0,0,0,0
20326,San Pedro Sochiápam,0,0,0,0,0,0,0,0,0,0,0,0,0,0,0,0,0,0,0,0,0,0,0
20327,San Pedro Tapanatepec,0,0,0,0,0,0,0,0,0,0,0,0,0,0,0,0,0,0,0,0,0,0,0
20328,San Pedro Taviche,0,0,0,0,0,0,0,0,0,0,0,0,0,0,0,0,0,0,0,0,0,0,0
20329,San Pedro Teozacoalco,0,0,0,0,0,0,0,0,0,0,0,0,0,0,0,0,0,0,0,0,0,0,0
20330,San Pedro Teutila,0,0,0,0,0,0,0,0,0,0,444,0,0,0,0,0,0,0,0,0,0,0,20.1818181818182
20331,San Pedro Tidaá,0,0,0,0,0,0,0,0,0,0,0,0,0,0,0,0,0,0,0,0,0,0,0
20332,San Pedro Topiltepec,0,0,0,0,0,0,0,0,0,0,0,0,0,0,0,0,0,0,0,0,0,0,0
20333,San Pedro Totolápam,0,0,0,0,0,0,0,0,0,313,449,629,748,439,295,120,209,290,356,338,133,54,198.772727272727
20334,Villa de Tututepec,0,0,0,0,0,0,0,0,0,0,0,0,0,0,0,0,0,0,0,0,0,0,0
20335,San Pedro Yaneri,4899,0,648,0,0,397,2794,369,0,0,2570,309,1131,0,0,0,0,671,2711,1899,1269,2434,1004.59090909091
20336,San Pedro Yólox,2513,2395,1186,9829,19144,14349,5322,4798,1378,10419,3628,4811,4770,3733,3485,7686,5125,6128,8129,4642,7608,6250,6242.18181818182
20337,San Pedro y San Pablo Ayutla,0,0,0,0,0,0,0,0,0,0,0,0,0,0,0,0,0,0,2171,0,0,0,98.6818181818182
20338,Villa de Etla,0,0,0,0,0,0,0,0,0,0,0,0,0,0,0,0,0,0,0,0,0,0,0
20339,San Pedro y San Pablo Teposcolula,0,0,0,0,0,0,0,0,0,0,0,0,0,0,0,0,0,0,0,0,0,0,0
20340,San Pedro y San Pablo Tequixtepec,0,0,0,0,0,0,0,0,0,0,0,0,0,0,0,0,0,0,0,0,0,0,0
20341,San Pedro Yucunama,0,0,0,0,0,0,0,0,0,0,0,0,0,0,0,0,0,0,0,0,0,0,0
20342,San Raymundo Jalpan,0,0,0,0,0,0,0,0,0,0,0,0,0,0,0,0,0,0,0,0,0,0,0
20343,San Sebastián Abasolo,0,0,0,0,0,0,0,0,0,0,0,0,0,0,0,0,0,0,0,0,0,0,0
20344,San Sebastián Coatlán,0,2439,4581,4312,376,3505,2670,1740,0,0,0,2803,2811,0,0,0,0,0,3635,3398,3435,4240,1815.68181818182
20345,San Sebastián Ixcapa,0,0,0,0,0,0,0,0,0,0,0,0,0,0,0,0,0,0,0,0,0,0,0
20346,San Sebastián Nicananduta,0,0,0,0,0,0,0,0,0,0,0,0,0,0,0,0,0,0,0,0,0,0,0
20347,San Sebastián Río Hondo,1022,439,1738,5039,6117,5694,3938,6563,4002,4553,3140,4323,2547,3623,2807,3455,5796,4451,4914,2750,7135,4394,4020
20348,San Sebastián Tecomaxtlahuaca,0,0,0,0,0,0,0,0,0,0,0,0,0,0,0,0,0,0,0,0,0,0,0
20349,San Sebastián Teitipac,0,0,0,0,0,0,0,0,0,0,0,0,0,0,0,0,0,0,0,0,0,0,0
20350,San Sebastián Tutla,0,0,0,0,0,0,0,0,0,0,0,0,0,0,0,0,0,0,0,0,0,0,0
20351,San Simón Almolongas,0,0,0,0,0,0,0,0,0,0,0,0,0,0,0,0,0,0,0,0,0,0,0
20352,San Simón Zahuatlán,0,0,0,0,0,0,0,0,0,0,0,0,0,0,0,0,0,0,0,0,0,0,0
20353,Santa Ana,0,0,0,0,0,0,0,0,0,0,0,0,0,0,0,0,0,0,0,0,0,0,0
20354,Santa Ana Ateixtlahuaca,0,0,0,0,0,0,0,0,0,0,0,0,0,0,0,0,0,0,0,0,0,0,0
20355,Santa Ana Cuauhtémoc,0,0,0,0,0,0,0,0,0,0,0,0,0,0,0,0,0,0,0,0,0,0,0
20356,Santa Ana del Valle,0,0,0,0,0,0,0,0,0,0,0,0,0,0,0,0,0,0,0,0,0,0,0
20357,Santa Ana Tavela,0,0,0,0,0,0,0,0,0,0,0,0,0,0,0,0,0,0,0,0,0,0,0
20358,Santa Ana Tlapacoyan,0,0,0,0,0,0,0,0,0,0,0,0,0,0,0,0,0,0,0,0,0,0,0
20359,Santa Ana Yareni,0,0,0,0,0,0,0,0,0,0,0,0,0,0,0,0,0,0,0,0,0,0,0
20360,Santa Ana Zegache,0,0,0,0,0,0,0,0,0,0,0,0,0,0,0,0,0,0,0,0,0,0,0
20361,Santa Catalina Quierí,0,0,0,0,0,4894,72,821,0,0,0,0,0,2883,0,0,0,0,0,0,0,0,394.090909090909
20362,Santa Catarina Cuixtla,0,0,0,0,0,0,0,0,0,0,0,0,0,0,0,0,0,0,0,0,0,0,0
20363,Santa Catarina Ixtepeji,5734,15583,19656,17158,18429,16831,17187,13612,14075,15374,12051,11472,17044,9769,2992,4938,7609,5972,10645,11927,0,13998,11911.6363636364
20364,Santa Catarina Juquila,0,0,1058,11766,1040,0,0,0,0,0,0,0,0,0,0,0,0,0,0,0,0,0,630.181818181818
20365,Santa Catarina Lachatao,12361,29242,4733,6917,4890,2227,3758,2480,944,398,0,0,16198,8227,0,0,3255,0,ND,ND,ND,ND,5312.77777777778
20366,Santa Catarina Loxicha,0,0,0,0,0,0,0,0,0,0,0,0,0,0,0,0,0,0,0,0,0,0,0
20367,Santa Catarina Mechoacán,0,0,0,0,0,0,0,0,0,0,0,0,0,0,0,0,0,0,0,0,0,0,0
20368,Santa Catarina Minas,0,0,0,0,0,0,0,0,0,0,0,0,0,0,0,0,0,0,0,0,0,0,0
20369,Santa Catarina Quiané,0,0,0,0,0,0,0,0,0,0,0,0,0,0,0,0,0,0,0,0,0,0,0
20370,Santa Catarina Tayata,0,0,0,0,0,0,0,0,0,0,0,0,0,0,0,0,0,0,0,0,0,0,0
20371,Santa Catarina Ticuá,0,0,0,0,0,0,0,0,0,0,0,0,0,0,0,0,0,0,0,0,0,0,0
20372,Santa Catarina Yosonotú,0,0,0,0,0,0,0,4973,554,0,0,0,0,0,0,0,0,0,0,0,0,0,251.227272727273
20373,Santa Catarina Zapoquila,0,0,0,0,0,0,0,0,0,0,0,0,0,0,0,0,0,0,0,0,0,0,0
20374,Santa Cruz Acatepec,0,0,0,0,0,0,0,0,0,0,0,0,0,0,0,0,0,0,0,0,0,0,0
20375,Santa Cruz Amilpas,0,0,0,0,0,0,0,0,0,0,0,0,0,0,0,0,0,0,0,0,0,0,0
20376,Santa Cruz de Bravo,0,0,0,0,0,0,0,0,0,0,0,0,0,0,0,0,0,0,0,0,0,0,0
20377,Santa Cruz Itundujia,14019,7866,20550,42876,23251,20327,21461,17731,39577,45538,141,34496,48799,40832,40704,38655,4655,3941,19379,6260,25832,34283,25053.3181818182
20378,Santa Cruz Mixtepec,0,0,0,0,483,1435,0,0,0,624,90,0,0,248,0,0,0,0,0,0,0,0,130.909090909091
20379,Santa Cruz Nundaco,0,0,0,0,0,0,0,0,0,0,0,0,0,0,0,0,0,0,0,0,0,0,0
20380,Santa Cruz Papalutla,0,0,0,0,0,0,0,0,0,0,0,0,0,0,0,0,0,0,0,0,0,0,0
20381,Santa Cruz Tacache de Mina,0,0,0,0,0,0,0,0,0,0,0,0,0,0,0,0,0,0,0,0,0,0,0
20382,Santa Cruz Tacahua,0,0,0,0,0,0,0,0,0,0,0,0,0,0,0,0,0,0,0,0,0,0,0
20383,Santa Cruz Tayata,0,0,0,0,0,0,0,0,0,0,0,0,0,0,0,0,0,0,0,0,0,0,0
20384,Santa Cruz Xitla,0,0,0,0,0,0,0,0,0,0,0,0,0,0,0,0,0,0,0,0,0,0,0
20385,Santa Cruz Xoxocotlán,0,0,0,0,0,0,0,0,0,0,0,0,0,0,0,0,0,0,0,0,0,0,0
20386,Santa Cruz Zenzontepec,0,3242,19039,6722,21326,6914,6604,1095,0,9486,4205,3064,0,0,0,0,0,0,0,0,0,0,3713.5
20387,Santa Gertrudis,0,0,0,0,0,0,0,0,0,0,0,0,0,0,0,0,0,0,0,0,0,0,0
20388,Santa Inés del Monte,0,0,0,371,0,0,0,0,0,0,0,0,0,0,0,0,0,0,0,0,0,0,16.8636363636364
20389,Santa Inés Yatzeche,0,0,0,0,0,0,0,0,0,0,0,0,0,0,0,0,0,0,0,0,0,0,0
20390,Santa Lucía del Camino,0,0,0,0,0,0,0,0,0,0,0,0,0,0,0,0,0,0,0,0,0,0,0
20391,Santa Lucía Miahuatlán,0,0,0,0,160,0,0,0,0,1503,0,966,0,0,0,1496,1679,1799,2123,1678,1450,1684,660.818181818182
20392,Santa Lucía Monteverde,0,0,0,0,0,0,0,0,0,0,0,0,0,0,0,0,0,0,0,0,0,0,0
20393,Santa Lucía Ocotlán,0,0,0,0,0,0,0,0,0,0,0,0,0,0,0,0,0,0,0,0,0,0,0
20394,Santa María Alotepec,0,0,0,0,0,0,0,0,0,0,0,0,0,0,0,0,0,0,0,0,0,0,0
20395,Santa María Apazco,0,0,0,0,0,0,0,0,0,0,0,0,0,0,0,0,0,0,0,0,0,0,0
20396,Santa María la Asunción,0,0,0,0,0,0,0,0,0,0,0,0,0,0,0,0,0,0,0,0,0,0,0
20397,Heroica Ciudad de Tlaxiaco,3352,20013,8089,3351,4216,17967,2047,761,1514,0,0,3166,0,0,0,4389,1023,0,3865,4547,3558,1740,3799.90909090909
20398,Ayoquezco de Aldama,0,0,0,0,0,0,0,0,0,0,0,0,0,0,0,0,0,0,0,0,0,0,0
20399,Santa María Atzompa,0,0,0,0,0,0,0,0,0,0,0,0,0,0,0,0,0,0,0,0,0,0,0
20400,Santa María Camotlán,0,0,0,0,0,0,0,0,0,0,0,0,0,0,0,0,0,0,0,0,0,0,0
20401,Santa María Colotepec,0,0,0,0,0,0,0,0,0,0,0,0,0,0,0,0,0,0,0,0,0,0,0
20402,Santa María Cortijo,0,0,0,0,0,0,0,0,0,0,0,0,0,0,0,0,0,0,0,0,0,0,0
20403,Santa María Coyotepec,0,0,0,0,0,0,0,0,0,0,0,0,0,0,0,0,0,0,0,0,0,0,0
20404,Santa María Chachoápam,0,0,0,0,0,0,0,0,0,0,0,0,0,0,0,0,0,0,0,0,0,0,0
20405,Villa de Chilapa de Díaz,0,0,0,0,0,0,0,0,0,0,0,0,0,0,0,0,0,0,0,0,0,0,0
20406,Santa María Chilchotla,0,0,0,0,0,0,0,0,0,0,0,0,0,0,0,0,0,0,0,0,0,0,0
20407,Santa María Chimalapa,3870,1507,3384,3046,1647,1174,6252,0,3469,1185,0,1577,0,0,0,2710,0,0,0,0,0,0,1355.5
20408,Santa María del Rosario,0,0,0,0,0,0,0,0,0,0,0,0,0,0,0,0,0,0,0,0,0,0,0
20409,Santa María del Tule,0,0,0,0,0,0,0,0,0,0,0,0,0,0,0,0,0,0,0,0,0,0,0
20410,Santa María Ecatepec,0,0,0,0,0,0,0,138,327,0,0,0,1515,0,0,763,0,135,403,0,0,899,190
20411,Santa María Guelacé,0,0,0,0,0,0,0,0,0,0,0,0,0,0,0,0,0,0,0,0,0,0,0
20412,Santa María Guienagati,0,0,0,0,0,0,0,0,0,0,0,0,0,0,0,0,0,0,0,0,0,0,0
20413,Santa María Huatulco,0,0,0,0,0,0,0,0,0,0,0,0,0,0,0,0,0,0,0,0,0,0,0
20414,Santa María Huazolotitlán,0,0,0,0,0,0,0,0,0,0,0,0,0,0,0,0,0,0,0,0,0,0,0
20415,Santa María Ipalapa,1111,2658,0,2441,2279,0,1636,916,1372,700,0,0,0,0,0,0,0,1164,2109,916,1024,740,866.636363636364
20416,Santa María Ixcatlán,0,0,0,0,0,0,0,0,0,0,0,0,0,0,0,0,0,0,0,0,0,0,0
20417,Santa María Jacatepec,0,0,0,0,0,0,1825,1223,536,411,2484,1031,3020,0,0,0,0,0,0,0,0,0,478.636363636364
20418,Santa María Jalapa del Marqués,0,0,0,0,0,0,0,0,0,0,0,0,0,0,0,0,0,0,0,0,0,0,0
20419,Santa María Jaltianguis,977,984,456,1038,2026,1293,0,1135,1846,0,0,0,161,0,2098,0,2910,2760,1886,1876,2672,2610,1214.90909090909
20420,Santa María Lachixío,0,0,0,0,0,1656,3131,8957,6609,4570,831,3241,1910,3397,5372,3252,0,2709,7256,0,6852,9843,3163
20421,Santa María Mixtequilla,0,0,0,0,0,0,0,0,0,0,0,0,0,0,0,0,0,0,0,0,0,0,0
20422,Santa María Nativitas,0,0,0,0,0,0,0,0,0,0,0,0,0,0,0,0,0,0,0,0,0,0,0
20423,Santa María Nduayaco,0,0,0,0,0,0,0,0,0,0,0,0,0,0,0,0,0,0,0,0,0,0,0
20424,Santa María Ozolotepec,4826,9697,9352,6742,6617,4506,3459,2497,4513,5080,2737,4423,4791,3043,6179,4954,4905,3648,4571,2457,8079,4043,5050.86363636364
20425,Santa María Pápalo,0,0,0,0,0,8530,1643,0,0,1255,3233,0,0,0,0,0,392,1099,466,0,0,0,755.363636363636
20426,Santa María Peñoles,0,0,0,0,0,0,0,0,506,0,0,0,492,0,3028,0,0,0,0,0,0,0,183
20427,Santa María Petapa,0,0,0,0,0,0,0,0,0,0,0,0,0,0,0,0,0,0,0,0,0,0,0
20428,Santa María Quiegolani,0,0,0,0,0,0,0,0,0,0,0,0,0,0,0,0,0,0,0,0,0,0,0
20429,Santa María Sola,0,0,0,0,0,0,0,0,0,0,0,0,0,0,0,0,0,0,0,0,0,0,0
20430,Santa María Tataltepec,0,0,0,0,0,0,0,0,0,0,0,0,0,0,0,0,0,0,0,0,0,0,0
20431,Santa María Tecomavaca,0,0,0,0,0,0,0,0,0,0,0,0,0,0,0,0,0,0,0,0,0,0,0
20432,Santa María Temaxcalapa,0,0,0,0,0,0,0,0,0,0,0,0,0,0,0,0,0,0,0,0,0,0,0
20433,Santa María Temaxcaltepec,0,0,0,0,0,0,0,0,0,0,0,0,0,0,0,0,0,0,0,0,0,0,0
20434,Santa María Teopoxco,0,0,0,0,0,0,0,0,0,0,0,0,0,0,0,0,0,0,0,0,0,0,0
20435,Santa María Tepantlali,0,0,0,0,0,0,0,0,0,0,0,0,0,0,0,0,0,0,0,0,0,0,0
20436,Santa María Texcatitlán,0,0,0,0,0,0,0,0,0,0,0,0,0,0,0,0,0,0,0,0,0,0,0
20437,Santa María Tlahuitoltepec,0,0,0,0,0,0,0,0,0,0,0,0,0,0,0,0,0,0,0,0,0,0,0
20438,Santa María Tlalixtac,0,0,0,0,0,0,0,0,0,0,0,0,0,0,0,0,0,0,0,0,0,0,0
20439,Santa María Tonameca,0,0,0,0,0,0,0,0,0,0,0,0,0,0,0,0,0,0,0,0,0,0,0
20440,Santa María Totolapilla,0,0,0,0,0,0,0,0,0,0,0,0,0,0,0,0,0,0,0,0,0,0,0
20441,Santa María Xadani,0,0,0,0,0,0,0,0,0,0,0,0,0,0,0,0,0,0,0,0,0,0,0
20442,Santa María Yalina,0,597,1074,2838,3572,3986,279,580,1948,973,2730,1498,0,0,0,0,0,1370,1986,1886,1454,2698,1339.5
20443,Santa María Yavesía,0,0,4733,6917,4890,2226,3759,2479,944,398,0,0,16198,8227,0,0,3255,0,ND,ND,ND,ND,3001.44444444444
20444,Santa María Yolotepec,0,0,0,0,0,0,0,0,0,0,0,0,0,0,0,0,0,0,0,0,0,0,0
20445,Santa María Yosoyúa,0,0,0,0,0,0,0,0,0,0,0,0,0,0,0,0,0,0,0,0,0,0,0
20446,Santa María Yucuhiti,0,0,0,0,0,0,0,0,0,0,0,0,0,0,0,0,0,0,0,0,0,0,0
20447,Santa María Zacatepec,0,0,0,676,9761,7836,6155,5275,0,0,405,3634,2891,0,0,0,0,3207,0,0,0,0,1810.90909090909
20448,Santa María Zaniza,5937,4179,2902,1955,4268,3295,4962,1442,2987,0,0,3820,0,2700,544,0,0,0,0,5663,5341,0,2272.5
20449,Santa María Zoquitlán,0,0,0,0,0,0,0,0,0,0,0,0,0,0,0,0,0,0,0,0,0,0,0
20450,Santiago Amoltepec,0,0,0,0,0,0,0,0,0,0,0,0,0,0,0,0,0,0,0,0,0,0,0
20451,Santiago Apoala,0,0,0,0,0,0,0,0,0,0,0,0,0,0,0,0,0,0,0,0,0,0,0
20452,Santiago Apóstol,0,0,0,0,0,0,0,0,0,0,0,0,0,0,0,0,0,0,0,0,0,0,0
20453,Santiago Astata,0,0,0,0,0,0,0,0,0,0,0,0,0,0,0,0,0,0,0,0,0,0,0
20454,Santiago Atitlán,0,0,0,0,0,0,0,0,0,0,0,0,0,0,0,0,0,0,0,0,0,0,0
20455,Santiago Ayuquililla,0,0,0,0,0,0,0,0,0,0,0,0,0,0,0,0,0,0,0,0,0,0,0
20456,Santiago Cacaloxtepec,0,0,0,0,0,0,0,0,0,0,0,0,0,0,0,0,0,0,0,0,0,0,0
20457,Santiago Camotlán,0,0,0,0,0,0,0,0,0,0,0,0,0,0,0,0,0,0,0,0,0,0,0
20458,Santiago Comaltepec,4147,22,1133,2347,1395,1612,1975,1373,1945,3759,696,1189,1976,2130,1939,1963,2076,0,2242,1375,0,0,1604.27272727273
20459,Santiago Chazumba,0,0,0,0,0,0,0,0,0,0,0,0,0,0,0,0,0,0,0,0,0,0,0
20460,Santiago Choápam,0,0,0,0,0,0,0,0,699,958,0,0,512,1397,1236,0,0,0,0,0,0,0,218.272727272727
20461,Santiago del Río,0,0,0,0,0,0,0,0,0,0,0,0,0,0,0,0,0,0,0,0,0,0,0
20462,Santiago Huajolotitlán,0,0,0,0,0,0,0,0,0,0,0,0,0,0,0,0,0,0,0,0,0,0,0
20463,Santiago Huauclilla,0,0,0,0,0,0,0,0,0,0,0,0,0,0,0,0,0,0,0,0,0,0,0
20464,Santiago Ihuitlán Plumas,0,0,0,0,0,0,0,0,0,0,0,0,0,0,0,0,0,0,0,0,0,0,0
20465,Santiago Ixcuintepec,0,0,0,0,0,0,0,0,0,0,0,0,0,0,0,0,0,0,0,0,0,0,0
20466,Santiago Ixtayutla,0,5190,5946,8323,3240,10501,2990,3587,1712,2820,5015,3265,1937,2768,0,0,0,1133,0,0,153,0,2662.72727272727
20467,Santiago Jamiltepec,2092,9261,4805,5000,10000,4525,2248,2309,1390,2618,593,0,3140,2329,1177,987,646,1395,1862,987,0,0,2607.45454545455
20468,Santiago Jocotepec,0,0,0,0,0,123,13,0,81,0,0,0,0,0,0,0,0,0,0,0,0,0,9.86363636363636
20469,Santiago Juxtlahuaca,3222,0,0,0,0,0,306,0,0,0,0,0,0,0,0,0,0,0,0,0,0,0,160.363636363636
20470,Santiago Lachiguiri,0,0,0,0,0,0,0,0,26,31,0,0,0,0,0,0,0,0,0,0,0,0,2.59090909090909
20471,Santiago Lalopa,0,0,0,0,0,0,0,0,0,0,0,0,0,0,0,0,0,0,0,0,0,0,0
20472,Santiago Laollaga,0,0,0,0,0,0,0,0,0,0,0,0,0,0,0,0,0,0,0,0,0,0,0
20473,Santiago Laxopa,0,0,0,0,0,0,0,0,5467,5330,6192,4936,5156,4434,2488,728,3113,3611,0,358,6561,11323,2713.5
20474,Santiago Llano Grande,0,0,0,0,0,0,0,0,0,0,0,0,0,0,0,0,0,0,0,0,0,0,0
20475,Santiago Matatlán,0,0,0,0,0,0,0,0,0,0,0,0,0,0,0,0,0,0,0,0,0,0,0
20476,Santiago Miltepec,0,0,0,0,0,0,0,0,0,0,0,0,0,0,0,0,0,0,0,0,0,0,0
20477,Santiago Minas,0,0,1414,0,3376,4994,250,0,0,0,0,0,0,0,0,0,0,0,0,0,0,0,456.090909090909
20478,Santiago Nacaltepec,0,0,0,0,0,0,0,0,0,0,0,0,0,0,0,0,0,0,0,0,0,0,0
20479,Santiago Nejapilla,0,0,0,0,0,0,0,0,0,0,0,0,0,0,0,0,0,0,0,0,0,0,0
20480,Santiago Nundiche,7124,4730,0,0,0,0,0,0,0,0,0,0,0,0,0,0,0,0,0,0,0,260,550.636363636364
20481,Santiago Nuyoó,0,0,0,0,0,0,0,0,0,0,0,0,0,0,0,0,0,388,0,0,0,0,17.6363636363636
20482,Santiago Pinotepa Nacional,0,0,0,0,0,0,0,0,0,0,0,0,0,0,0,0,0,0,0,0,0,0,0
20483,Santiago Suchilquitongo,0,0,0,0,0,0,0,0,0,0,0,0,0,0,0,0,0,0,0,0,0,0,0
20484,Santiago Tamazola,0,0,0,0,0,0,0,0,0,0,0,0,0,0,0,0,0,0,0,0,0,0,0
20485,Santiago Tapextla,0,0,0,0,0,0,0,0,0,0,0,0,0,0,0,0,0,0,0,0,0,0,0
20486,Villa Tejúpam de la Unión,0,0,0,0,0,0,0,0,0,0,0,0,0,0,0,0,0,0,0,0,0,0,0
20487,Santiago Tenango,0,0,0,0,0,0,0,0,0,0,0,0,0,0,0,0,0,0,0,0,0,0,0
20488,Santiago Tepetlapa,0,0,0,0,0,0,0,0,0,0,0,0,0,0,0,0,0,0,0,0,0,0,0
20489,Santiago Tetepec,6468,4830,1840,1451,9222,7740,3026,1926,3121,4775,0,0,0,0,0,0,0,0,0,0,0,0,2018.13636363636
20490,Santiago Texcalcingo,0,0,0,0,0,0,0,0,0,0,0,0,0,0,0,0,0,0,0,0,0,0,0
20491,Santiago Textitlán,14419,32380,27733,23270,18869,18757,25810,14578,19362,17732,22314,20265,10089,23362,28467,13183,23853,31561,39592,31945,34138,41051,24215
20492,Santiago Tilantongo,0,0,0,0,0,0,0,0,0,0,0,0,0,0,0,0,0,0,0,0,0,0,0
20493,Santiago Tillo,0,0,0,0,0,0,0,0,0,0,0,0,0,0,0,0,0,0,0,0,0,0,0
20494,Santiago Tlazoyaltepec,0,0,0,0,0,0,0,0,0,0,0,0,0,0,0,0,0,0,1247,0,0,0,56.6818181818182
20495,Santiago Xanica,0,0,0,0,0,0,0,0,0,0,0,0,0,0,0,0,0,0,0,0,0,0,0
20496,Santiago Xiacuí,4128,471,6291,4036,5075,4842,4678,5204,5632,8628,5628,5363,6219,7518,9000,2777,6886,10173,11368,6066,14288,6288,6389.04545454546
20497,Santiago Yaitepec,0,0,0,0,0,0,0,357,0,0,0,0,0,0,0,0,0,0,0,0,0,0,16.2272727272727
20498,Santiago Yaveo,0,0,0,2431,0,0,0,0,0,0,0,1746,0,65740,3262,0,2421,0,497,8704,5951,0,4125.09090909091
20499,Santiago Yolomécatl,0,0,0,0,0,0,0,0,0,0,0,0,0,0,0,0,0,0,0,0,0,0,0
20500,Santiago Yosondúa,0,0,0,0,0,0,0,0,6607,2540,3307,3581,2672,0,0,0,5408,6301,4978,3869,6200,8179,2438.27272727273
20501,Santiago Yucuyachi,0,0,0,0,0,0,0,0,0,0,0,0,0,0,0,0,0,0,0,0,0,0,0
20502,Santiago Zacatepec,0,0,0,0,0,0,0,0,0,0,0,0,0,1033,1096,0,0,0,0,0,667,142,133.545454545455
20503,Santiago Zoochila,0,0,0,0,0,0,0,0,0,0,0,0,0,0,0,0,0,0,0,0,0,0,0
20504,Nuevo Zoquiápam,802,8389,10527,9395,10375,13570,11909,9014,11578,10021,7172,2412,12784,8289,0,0,4133,12534,12561,11581,10596,0,8074.63636363636
20505,Santo Domingo Ingenio,0,0,0,0,0,0,0,0,0,0,0,0,0,0,0,0,0,0,0,0,0,0,0
20506,Santo Domingo Albarradas,0,0,0,0,0,827,0,0,1083,0,69,0,0,0,0,0,0,0,0,0,0,0,89.9545454545455
20507,Santo Domingo Armenta,0,0,0,0,0,0,0,0,0,0,0,0,0,0,0,0,0,0,0,0,0,0,0
20508,Santo Domingo Chihuitán,0,0,0,0,0,0,0,0,0,0,0,0,0,0,0,0,0,0,0,0,0,0,0
20509,Santo Domingo de Morelos,0,0,0,0,0,0,0,0,0,0,0,0,0,0,0,0,0,0,0,0,0,0,0
20510,Santo Domingo Ixcatlán,0,0,0,0,0,0,0,0,0,0,0,0,0,0,0,0,0,0,0,0,0,0,0
20511,Santo Domingo Nuxaá,1950,3846,6971,808,6672,819,0,0,0,0,0,0,0,0,0,0,0,0,0,0,0,0,957.545454545454
20512,Santo Domingo Ozolotepec,3657,2691,4155,5280,10362,125,0,1607,1535,2391,2569,2540,0,1506,0,0,0,0,0,0,2256,19020,2713.36363636364
20513,Santo Domingo Petapa,0,0,0,0,0,0,0,0,0,0,0,0,0,0,0,0,0,0,0,0,0,0,0
20514,Santo Domingo Roayaga,0,0,0,0,0,0,0,0,0,0,0,0,0,0,0,0,0,0,0,0,0,0,0
20515,Santo Domingo Tehuantepec,0,0,0,0,0,0,351,0,344,0,0,0,3,0,0,0,103,0,0,0,0,0,36.4090909090909
20516,Santo Domingo Teojomulco,0,0,0,0,0,0,0,0,0,0,0,0,0,0,0,0,0,0,0,0,0,0,0
20517,Santo Domingo Tepuxtepec,0,0,0,0,0,0,0,0,0,0,0,0,0,0,0,0,0,0,0,0,0,0,0
20518,Santo Domingo Tlatayápam,0,0,0,0,0,0,0,0,0,0,0,0,0,0,0,0,0,0,0,0,0,0,0
20519,Santo Domingo Tomaltepec,0,0,0,0,0,0,0,0,0,0,0,0,0,0,0,0,0,0,0,0,0,0,0
20520,Santo Domingo Tonalá,0,0,0,0,0,0,0,0,0,0,0,0,0,0,0,0,0,0,0,0,0,0,0
20521,Santo Domingo Tonaltepec,0,0,0,0,0,0,0,0,0,0,0,0,0,0,0,0,0,0,0,0,0,0,0
20522,Santo Domingo Xagacía,0,0,0,0,0,0,0,0,0,0,0,0,0,6928,0,0,0,0,0,0,0,0,314.909090909091
20523,Santo Domingo Yanhuitlán,0,0,0,0,0,0,0,0,0,0,0,0,0,0,0,0,0,0,0,0,0,0,0
20524,Santo Domingo Yodohino,0,0,0,0,0,0,0,0,0,0,0,0,0,0,0,0,0,0,0,0,0,0,0
20525,Santo Domingo Zanatepec,0,0,0,0,0,0,0,0,0,0,0,0,0,0,0,0,0,0,0,0,0,0,0
20526,Santos Reyes Nopala,0,0,0,0,11673,164,0,0,0,0,0,0,0,0,0,0,0,0,0,0,0,1010,583.954545454546
20527,Santos Reyes Pápalo,0,0,0,0,0,0,615,1888,1243,1552,0,0,0,0,0,0,0,0,0,0,0,0,240.818181818182
20528,Santos Reyes Tepejillo,0,0,0,0,0,0,0,0,0,0,0,0,0,0,0,0,0,0,0,0,0,0,0
20529,Santos Reyes Yucuná,0,0,0,0,0,0,0,0,0,0,0,0,0,0,0,0,0,0,0,0,0,0,0
20530,Santo Tomás Jalieza,0,0,0,0,0,0,0,0,0,0,0,0,0,0,0,0,0,0,0,0,0,0,0
20531,Santo Tomás Mazaltepec,0,0,0,0,0,0,0,0,0,0,0,0,0,0,0,0,0,0,0,0,0,0,0
20532,Santo Tomás Ocotepec,0,0,0,0,0,0,0,0,0,0,0,0,0,0,1702,0,7180,12625,0,0,0,0,977.590909090909
20533,Santo Tomás Tamazulapan,697,238,0,0,0,0,0,0,0,0,0,0,0,0,0,0,0,0,0,0,3888,3279,368.272727272727
20534,San Vicente Coatlán,0,0,0,0,0,0,0,0,0,0,0,0,0,0,0,0,0,0,0,0,0,0,0
20535,San Vicente Lachixío,0,0,0,0,0,0,5737,3831,5543,2372,3345,5109,7777,5891,3795,5514,0,8992,8498,4997,0,0,3245.5
20536,San Vicente Nuñú,0,0,0,0,0,0,0,0,0,0,0,0,0,0,0,0,0,0,0,0,0,0,0
20537,Silacayoápam,0,0,0,0,0,0,0,0,0,0,0,0,0,0,0,0,0,0,0,0,0,0,0
20538,Sitio de Xitlapehua,0,0,0,0,0,0,0,0,0,0,0,0,0,0,0,0,0,0,0,0,0,0,0
20539,Soledad Etla,0,0,0,0,0,0,0,0,0,0,0,0,0,0,0,0,0,0,0,0,0,0,0
20540,Villa de Tamazulápam del Progreso,0,0,0,0,0,0,0,0,0,0,0,0,0,0,0,0,0,0,0,0,0,0,0
20541,Tanetze de Zaragoza,0,0,0,0,0,0,0,0,0,0,0,0,1655,1465,0,0,769,0,0,0,0,0,176.772727272727
20542,Taniche,0,0,0,0,0,0,0,0,0,0,0,0,0,0,0,0,0,0,0,0,0,0,0
20543,Tataltepec de Valdés,0,2673,946,0,0,0,0,0,3602,3480,5416,0,0,0,0,0,0,0,0,0,0,0,732.590909090909
20544,Teococuilco de Marcos Pérez,8790,6807,9710,10954,9205,8150,5398,14751,12063,7920,13790,8840,9446,0,10263,6428,8629,8196,10747,7438,9772,6242,8797.22727272727
20545,Teotitlán de Flores Magón,0,0,0,0,0,0,0,0,0,0,0,0,0,0,0,0,0,0,0,0,0,0,0
20546,Teotitlán del Valle,0,0,0,0,0,0,0,0,0,0,0,0,0,0,2971,0,5624,0,0,0,0,0,390.681818181818
20547,Teotongo,0,0,0,0,0,0,0,0,0,0,0,0,0,0,0,0,0,0,0,0,0,0,0
20548,Tepelmeme Villa de Morelos,0,0,0,0,0,0,0,0,0,0,0,0,0,0,0,0,0,0,0,0,0,0,0
20549,"Heroica Villa Tezoatlán de Segura y Luna, Cuna de la Independencia de Oaxaca",0,0,0,0,0,0,0,0,0,0,0,0,0,0,0,0,0,0,0,0,0,0,0
20550,San Jerónimo Tlacochahuaya,0,0,0,0,0,0,0,0,0,0,0,0,0,0,0,0,0,0,0,0,0,0,0
20551,Tlacolula de Matamoros,0,0,0,0,0,0,0,0,0,0,0,0,0,0,0,0,0,0,0,0,0,0,0
20552,Tlacotepec Plumas,0,0,0,0,0,0,0,0,0,0,0,0,0,0,0,0,0,0,0,0,0,0,0
20553,Tlalixtac de Cabrera,0,0,0,0,0,0,0,0,0,0,0,0,0,0,0,0,0,0,0,0,0,0,0
20554,Totontepec Villa de Morelos,0,0,0,0,0,0,0,0,0,0,0,0,0,0,0,0,0,0,0,0,0,0,0
20555,Trinidad Zaachila,0,0,0,0,0,0,0,0,0,0,0,0,0,0,0,0,0,0,0,0,0,0,0
20556,La Trinidad Vista Hermosa,0,0,0,0,0,0,0,0,0,0,0,0,0,0,0,0,0,0,0,0,0,0,0
20557,Unión Hidalgo,0,0,0,0,0,0,0,0,0,0,0,0,0,0,0,0,0,0,0,0,0,0,0
20558,Valerio Trujano,0,0,0,0,0,0,0,0,0,0,0,0,0,0,0,0,0,0,0,0,0,0,0
20559,San Juan Bautista Valle Nacional,0,0,0,0,0,0,0,0,0,1501,452,0,737,114,15,0,0,0,0,0,0,0,128.136363636364
20560,Villa Díaz Ordaz,4676,7268,7306,8349,8752,8538,8357,0,11387,12945,7933,12264,10914,10735,9223,0,5264,0,0,535,3782,4391,6482.68181818182
20561,Yaxe,0,0,0,0,0,0,0,0,0,0,0,0,0,0,0,0,0,0,0,0,0,0,0
20562,Magdalena Yodocono de Porfirio Díaz,0,0,0,0,0,0,0,0,0,0,0,0,0,0,0,0,0,0,0,0,0,0,0
20563,Yogana,0,0,0,0,0,0,0,0,0,0,0,0,0,0,0,0,0,0,0,0,0,0,0
20564,Yutanduchi de Guerrero,0,0,0,0,0,0,0,0,0,0,0,0,0,0,0,0,0,0,0,0,0,0,0
20565,Villa de Zaachila,0,0,0,0,0,0,0,0,0,0,0,0,0,0,0,0,0,0,0,0,0,0,0
20566,San Mateo Yucutindoo,0,0,0,0,0,0,0,0,0,0,0,0,0,0,0,0,0,0,0,0,0,0,0
20567,Zapotitlán Lagunas,0,0,0,0,0,0,0,0,0,0,0,0,0,0,0,0,0,0,0,0,0,0,0
20568,Zapotitlán Palmas,0,0,0,0,0,0,0,0,0,0,0,0,0,0,0,0,0,0,0,0,0,0,0
20569,Santa Inés de Zaragoza,0,0,0,0,0,0,0,0,0,0,0,0,0,0,0,0,0,0,0,0,0,0,0
20570,Zimatlán de Álvarez,31284,57464,52508,54122,43252,42358,54387,50953,53550,43691,49285,26439,47186,56129,50814,46184,58632,59261,55018,49075,48791,8187,47207.7272727273
20901,Silacayoapam,,,,,,,,,,,,,,,,,,,,,,,
20902,Huajuapam,,,,,,,,,,,,,,,,,,,,,,,
20903,Coixtlahuaca,,,,,,,,,,,,,,,,,,,,,,,
20904,Teotitlán,,,,,,,,,,,,,,,,,,,,,,,
20905,Cuicatlán,,,,,,,,,,,,,,,,,,,,,,,
20906,Tuxtepec,,,,,,,,,,,,,,,,,,,,,,,
20907,Choapam,,,,,,,,,,,,,,,,,,,,,,,
20908,Juxtlahuaca,,,,,,,,,,,,,,,,,,,,,,,
20909,Teposcolula,,,,,,,,,,,,,,,,,,,,,,,
20910,Nochixtlán,,,,,,,,,,,,,,,,,,,,,,,
20911,Etla,,,,,,,,,,,,,,,,,,,,,,,
20912,Benemerito Distrito de Ixtlán de Juárez,,,,,,,,,,,,,,,,,,,,,,,
20913,Villa Alta,,,,,,,,,,,,,,,,,,,,,,,
20914,Mixe,,,,,,,,,,,,,,,,,,,,,,,
20915,Putla,,,,,,,,,,,,,,,,,,,,,,,
20916,Tlaxiaco,,,,,,,,,,,,,,,,,,,,,,,
20917,Zaachila,,,,,,,,,,,,,,,,,,,,,,,
20918,Zimatlán,,,,,,,,,,,,,,,,,,,,,,,
20919,Centro,,,,,,,,,,,,,,,,,,,,,,,
20920,Tlacolula,,,,,,,,,,,,,,,,,,,,,,,
20921,Jamiltepec,,,,,,,,,,,,,,,,,,,,,,,
20922,Juquila,,,,,,,,,,,,,,,,,,,,,,,
20923,Sola de Vega,,,,,,,,,,,,,,,,,,,,,,,
20924,Ejutla,,,,,,,,,,,,,,,,,,,,,,,
20925,Ocotlán,,,,,,,,,,,,,,,,,,,,,,,
20926,Miahuatlán,,,,,,,,,,,,,,,,,,,,,,,
20927,Yautepec,,,,,,,,,,,,,,,,,,,,,,,
20928,Tehuantepec,,,,,,,,,,,,,,,,,,,,,,,
20929,Juchitán,,,,,,,,,,,,,,,,,,,,,,,
20930,Pochutla,,,,,,,,,,,,,,,,,,,,,,,
20995,Resto de los municipios,,,,,,,,,,,,,,,,,,,,,,,
20996,No especificado,,,,,,,,,,,,,,,,,,,,,,,
20997,Otros estados,,,,,,,,,,,,,,,,,,,,,,,
20999,No identificado,,,,,,,,,,,,,,,,,,,,,,,
